ISO-10303-21;
HEADER;
FILE_DESCRIPTION(('KiCad electronic assembly'),'2;1');
FILE_NAME('new''.step','2026-05-29T22:46:24',('Pcbnew'),('Kicad'),
  'Open CASCADE STEP processor 7.9','KiCad to STEP converter','Unknown'
  );
FILE_SCHEMA(('AUTOMOTIVE_DESIGN { 1 0 10303 214 1 1 1 1 }'));
ENDSEC;
DATA;
#1 = APPLICATION_PROTOCOL_DEFINITION('international standard',
  'automotive_design',2000,#2);
#2 = APPLICATION_CONTEXT(
  'core data for automotive mechanical design processes');
#3 = SHAPE_DEFINITION_REPRESENTATION(#4,#10);
#4 = PRODUCT_DEFINITION_SHAPE('','',#5);
#5 = PRODUCT_DEFINITION('design','',#6,#9);
#6 = PRODUCT_DEFINITION_FORMATION('','',#7);
#7 = PRODUCT('new'' 1','new'' 1','',(#8));
#8 = PRODUCT_CONTEXT('',#2,'mechanical');
#9 = PRODUCT_DEFINITION_CONTEXT('part definition',#2,'design');
#10 = SHAPE_REPRESENTATION('',(#11,#15,#19,#23,#27,#31,#35,#39),#43);
#11 = AXIS2_PLACEMENT_3D('',#12,#13,#14);
#12 = CARTESIAN_POINT('',(0.,0.,0.));
#13 = DIRECTION('',(0.,0.,1.));
#14 = DIRECTION('',(1.,0.,-0.));
#15 = AXIS2_PLACEMENT_3D('',#16,#17,#18);
#16 = CARTESIAN_POINT('',(59.8972,-56.45265,1.595));
#17 = DIRECTION('',(0.,0.,1.));
#18 = DIRECTION('',(1.,0.,0.));
#19 = AXIS2_PLACEMENT_3D('',#20,#21,#22);
#20 = CARTESIAN_POINT('',(51.7,-38.5,1.595));
#21 = DIRECTION('',(-0.,0.,1.));
#22 = DIRECTION('',(1.110223024625E-16,-1.,0.));
#23 = AXIS2_PLACEMENT_3D('',#24,#25,#26);
#24 = CARTESIAN_POINT('',(51.2625,-50.85,1.595));
#25 = DIRECTION('',(0.,0.,1.));
#26 = DIRECTION('',(1.,0.,0.));
#27 = AXIS2_PLACEMENT_3D('',#28,#29,#30);
#28 = CARTESIAN_POINT('',(56.3572,-56.43265,1.595));
#29 = DIRECTION('',(0.,0.,1.));
#30 = DIRECTION('',(1.,0.,0.));
#31 = AXIS2_PLACEMENT_3D('',#32,#33,#34);
#32 = CARTESIAN_POINT('',(43.135,-33.9,1.595));
#33 = DIRECTION('',(0.,0.,1.));
#34 = DIRECTION('',(1.,0.,0.));
#35 = AXIS2_PLACEMENT_3D('',#36,#37,#38);
#36 = CARTESIAN_POINT('',(63.4472,-56.43265,1.595));
#37 = DIRECTION('',(0.,0.,1.));
#38 = DIRECTION('',(1.,0.,0.));
#39 = AXIS2_PLACEMENT_3D('',#40,#41,#42);
#40 = CARTESIAN_POINT('',(0.,0.,0.));
#41 = DIRECTION('',(0.,0.,1.));
#42 = DIRECTION('',(1.,0.,-0.));
#43 = ( GEOMETRIC_REPRESENTATION_CONTEXT(3) 
GLOBAL_UNCERTAINTY_ASSIGNED_CONTEXT((#47)) GLOBAL_UNIT_ASSIGNED_CONTEXT(
(#44,#45,#46)) REPRESENTATION_CONTEXT('Context #1',
  '3D Context with UNIT and UNCERTAINTY') );
#44 = ( LENGTH_UNIT() NAMED_UNIT(*) SI_UNIT(.MILLI.,.METRE.) );
#45 = ( NAMED_UNIT(*) PLANE_ANGLE_UNIT() SI_UNIT($,.RADIAN.) );
#46 = ( NAMED_UNIT(*) SI_UNIT($,.STERADIAN.) SOLID_ANGLE_UNIT() );
#47 = UNCERTAINTY_MEASURE_WITH_UNIT(LENGTH_MEASURE(1.E-07),#44,
  'distance_accuracy_value','confusion accuracy');
#48 = PRODUCT_RELATED_PRODUCT_CATEGORY('part',$,(#7));
#49 = SHAPE_DEFINITION_REPRESENTATION(#50,#56);
#50 = PRODUCT_DEFINITION_SHAPE('','',#51);
#51 = PRODUCT_DEFINITION('design','',#52,#55);
#52 = PRODUCT_DEFINITION_FORMATION('','',#53);
#53 = PRODUCT('LED_0805_2012Metric','LED_0805_2012Metric','',(#54));
#54 = PRODUCT_CONTEXT('',#2,'mechanical');
#55 = PRODUCT_DEFINITION_CONTEXT('part definition',#2,'design');
#56 = ADVANCED_BREP_SHAPE_REPRESENTATION('',(#11,#57),#1580);
#57 = MANIFOLD_SOLID_BREP('',#58);
#58 = CLOSED_SHELL('',(#59,#99,#146,#225,#249,#289,#320,#337,#370,#394,
    #461,#582,#649,#673,#704,#737,#793,#817,#841,#865,#898,#910,#973,
    #998,#1015,#1039,#1057,#1075,#1093,#1110,#1127,#1158,#1183,#1208,
    #1232,#1249,#1280,#1304,#1321,#1349,#1374,#1398,#1423,#1470,#1487,
    #1499,#1521,#1533,#1551,#1569));
#59 = ADVANCED_FACE('',(#60),#94,.F.);
#60 = FACE_BOUND('',#61,.F.);
#61 = EDGE_LOOP('',(#62,#72,#80,#88));
#62 = ORIENTED_EDGE('',*,*,#63,.T.);
#63 = EDGE_CURVE('',#64,#66,#68,.T.);
#64 = VERTEX_POINT('',#65);
#65 = CARTESIAN_POINT('',(-0.65,-0.625,0.465));
#66 = VERTEX_POINT('',#67);
#67 = CARTESIAN_POINT('',(-0.585,-0.625,1.1));
#68 = LINE('',#69,#70);
#69 = CARTESIAN_POINT('',(-0.65,-0.625,0.465));
#70 = VECTOR('',#71,1.);
#71 = DIRECTION('',(0.101830105936,0.,0.994801804142));
#72 = ORIENTED_EDGE('',*,*,#73,.T.);
#73 = EDGE_CURVE('',#66,#74,#76,.T.);
#74 = VERTEX_POINT('',#75);
#75 = CARTESIAN_POINT('',(0.585,-0.625,1.1));
#76 = LINE('',#77,#78);
#77 = CARTESIAN_POINT('',(-0.585,-0.625,1.1));
#78 = VECTOR('',#79,1.);
#79 = DIRECTION('',(1.,0.,0.));
#80 = ORIENTED_EDGE('',*,*,#81,.T.);
#81 = EDGE_CURVE('',#74,#82,#84,.T.);
#82 = VERTEX_POINT('',#83);
#83 = CARTESIAN_POINT('',(0.65,-0.625,0.465));
#84 = LINE('',#85,#86);
#85 = CARTESIAN_POINT('',(0.585,-0.625,1.1));
#86 = VECTOR('',#87,1.);
#87 = DIRECTION('',(0.101830105936,0.,-0.994801804142));
#88 = ORIENTED_EDGE('',*,*,#89,.T.);
#89 = EDGE_CURVE('',#82,#64,#90,.T.);
#90 = LINE('',#91,#92);
#91 = CARTESIAN_POINT('',(0.65,-0.625,0.465));
#92 = VECTOR('',#93,1.);
#93 = DIRECTION('',(-1.,0.,-4.270088556251E-17));
#94 = PLANE('',#95);
#95 = AXIS2_PLACEMENT_3D('',#96,#97,#98);
#96 = CARTESIAN_POINT('',(1.481626402817E-17,-0.625,0.771483451357));
#97 = DIRECTION('',(-5.57234551408E-33,1.,3.18580557984E-32));
#98 = DIRECTION('',(0.,-3.18580557984E-32,1.));
#99 = ADVANCED_FACE('',(#100),#141,.T.);
#100 = FACE_BOUND('',#101,.T.);
#101 = EDGE_LOOP('',(#102,#112,#120,#126,#127,#135));
#102 = ORIENTED_EDGE('',*,*,#103,.T.);
#103 = EDGE_CURVE('',#104,#106,#108,.T.);
#104 = VERTEX_POINT('',#105);
#105 = CARTESIAN_POINT('',(-0.65,0.625,0.465));
#106 = VERTEX_POINT('',#107);
#107 = CARTESIAN_POINT('',(-0.65,0.46875,0.465));
#108 = LINE('',#109,#110);
#109 = CARTESIAN_POINT('',(-0.65,0.625,0.465));
#110 = VECTOR('',#111,1.);
#111 = DIRECTION('',(0.,-1.,0.));
#112 = ORIENTED_EDGE('',*,*,#113,.F.);
#113 = EDGE_CURVE('',#114,#106,#116,.T.);
#114 = VERTEX_POINT('',#115);
#115 = CARTESIAN_POINT('',(-0.65,-0.46875,0.465));
#116 = LINE('',#117,#118);
#117 = CARTESIAN_POINT('',(-0.65,-0.625,0.465));
#118 = VECTOR('',#119,1.);
#119 = DIRECTION('',(0.,1.,0.));
#120 = ORIENTED_EDGE('',*,*,#121,.T.);
#121 = EDGE_CURVE('',#114,#64,#122,.T.);
#122 = LINE('',#123,#124);
#123 = CARTESIAN_POINT('',(-0.65,0.625,0.465));
#124 = VECTOR('',#125,1.);
#125 = DIRECTION('',(0.,-1.,0.));
#126 = ORIENTED_EDGE('',*,*,#63,.T.);
#127 = ORIENTED_EDGE('',*,*,#128,.F.);
#128 = EDGE_CURVE('',#129,#66,#131,.T.);
#129 = VERTEX_POINT('',#130);
#130 = CARTESIAN_POINT('',(-0.585,0.625,1.1));
#131 = LINE('',#132,#133);
#132 = CARTESIAN_POINT('',(-0.585,0.625,1.1));
#133 = VECTOR('',#134,1.);
#134 = DIRECTION('',(0.,-1.,0.));
#135 = ORIENTED_EDGE('',*,*,#136,.F.);
#136 = EDGE_CURVE('',#104,#129,#137,.T.);
#137 = LINE('',#138,#139);
#138 = CARTESIAN_POINT('',(-0.65,0.625,0.465));
#139 = VECTOR('',#140,1.);
#140 = DIRECTION('',(0.101830105936,0.,0.994801804142));
#141 = PLANE('',#142);
#142 = AXIS2_PLACEMENT_3D('',#143,#144,#145);
#143 = CARTESIAN_POINT('',(-0.65,0.625,0.465));
#144 = DIRECTION('',(-0.994801804142,0.,0.101830105936));
#145 = DIRECTION('',(0.101830105936,0.,0.994801804142));
#146 = ADVANCED_FACE('',(#147),#220,.F.);
#147 = FACE_BOUND('',#148,.F.);
#148 = EDGE_LOOP('',(#149,#159,#167,#175,#181,#182,#190,#198,#206,#214)
  );
#149 = ORIENTED_EDGE('',*,*,#150,.F.);
#150 = EDGE_CURVE('',#151,#153,#155,.T.);
#151 = VERTEX_POINT('',#152);
#152 = CARTESIAN_POINT('',(-0.965,-0.625,3.5E-02));
#153 = VERTEX_POINT('',#154);
#154 = CARTESIAN_POINT('',(-0.9125,-0.625,3.5E-02));
#155 = LINE('',#156,#157);
#156 = CARTESIAN_POINT('',(-0.965,-0.625,3.5E-02));
#157 = VECTOR('',#158,1.);
#158 = DIRECTION('',(1.,0.,0.));
#159 = ORIENTED_EDGE('',*,*,#160,.T.);
#160 = EDGE_CURVE('',#151,#161,#163,.T.);
#161 = VERTEX_POINT('',#162);
#162 = CARTESIAN_POINT('',(-0.965,-0.625,0.465));
#163 = LINE('',#164,#165);
#164 = CARTESIAN_POINT('',(-0.965,-0.625,3.5E-02));
#165 = VECTOR('',#166,1.);
#166 = DIRECTION('',(0.,0.,1.));
#167 = ORIENTED_EDGE('',*,*,#168,.T.);
#168 = EDGE_CURVE('',#161,#169,#171,.T.);
#169 = VERTEX_POINT('',#170);
#170 = CARTESIAN_POINT('',(-0.9125,-0.625,0.465));
#171 = LINE('',#172,#173);
#172 = CARTESIAN_POINT('',(-0.965,-0.625,0.465));
#173 = VECTOR('',#174,1.);
#174 = DIRECTION('',(1.,0.,0.));
#175 = ORIENTED_EDGE('',*,*,#176,.T.);
#176 = EDGE_CURVE('',#169,#64,#177,.T.);
#177 = LINE('',#178,#179);
#178 = CARTESIAN_POINT('',(-0.965,-0.625,0.465));
#179 = VECTOR('',#180,1.);
#180 = DIRECTION('',(1.,0.,0.));
#181 = ORIENTED_EDGE('',*,*,#89,.F.);
#182 = ORIENTED_EDGE('',*,*,#183,.T.);
#183 = EDGE_CURVE('',#82,#184,#186,.T.);
#184 = VERTEX_POINT('',#185);
#185 = CARTESIAN_POINT('',(0.9125,-0.625,0.465));
#186 = LINE('',#187,#188);
#187 = CARTESIAN_POINT('',(-0.965,-0.625,0.465));
#188 = VECTOR('',#189,1.);
#189 = DIRECTION('',(1.,0.,0.));
#190 = ORIENTED_EDGE('',*,*,#191,.T.);
#191 = EDGE_CURVE('',#184,#192,#194,.T.);
#192 = VERTEX_POINT('',#193);
#193 = CARTESIAN_POINT('',(0.965,-0.625,0.465));
#194 = LINE('',#195,#196);
#195 = CARTESIAN_POINT('',(-0.965,-0.625,0.465));
#196 = VECTOR('',#197,1.);
#197 = DIRECTION('',(1.,0.,0.));
#198 = ORIENTED_EDGE('',*,*,#199,.F.);
#199 = EDGE_CURVE('',#200,#192,#202,.T.);
#200 = VERTEX_POINT('',#201);
#201 = CARTESIAN_POINT('',(0.965,-0.625,3.5E-02));
#202 = LINE('',#203,#204);
#203 = CARTESIAN_POINT('',(0.965,-0.625,3.5E-02));
#204 = VECTOR('',#205,1.);
#205 = DIRECTION('',(0.,0.,1.));
#206 = ORIENTED_EDGE('',*,*,#207,.F.);
#207 = EDGE_CURVE('',#208,#200,#210,.T.);
#208 = VERTEX_POINT('',#209);
#209 = CARTESIAN_POINT('',(0.9125,-0.625,3.5E-02));
#210 = LINE('',#211,#212);
#211 = CARTESIAN_POINT('',(-0.965,-0.625,3.5E-02));
#212 = VECTOR('',#213,1.);
#213 = DIRECTION('',(1.,0.,0.));
#214 = ORIENTED_EDGE('',*,*,#215,.F.);
#215 = EDGE_CURVE('',#153,#208,#216,.T.);
#216 = LINE('',#217,#218);
#217 = CARTESIAN_POINT('',(-0.965,-0.625,3.5E-02));
#218 = VECTOR('',#219,1.);
#219 = DIRECTION('',(1.,0.,0.));
#220 = PLANE('',#221);
#221 = AXIS2_PLACEMENT_3D('',#222,#223,#224);
#222 = CARTESIAN_POINT('',(-0.965,-0.625,3.5E-02));
#223 = DIRECTION('',(0.,1.,0.));
#224 = DIRECTION('',(0.,-0.,1.));
#225 = ADVANCED_FACE('',(#226),#244,.T.);
#226 = FACE_BOUND('',#227,.T.);
#227 = EDGE_LOOP('',(#228,#229,#230,#238));
#228 = ORIENTED_EDGE('',*,*,#128,.T.);
#229 = ORIENTED_EDGE('',*,*,#73,.T.);
#230 = ORIENTED_EDGE('',*,*,#231,.F.);
#231 = EDGE_CURVE('',#232,#74,#234,.T.);
#232 = VERTEX_POINT('',#233);
#233 = CARTESIAN_POINT('',(0.585,0.625,1.1));
#234 = LINE('',#235,#236);
#235 = CARTESIAN_POINT('',(0.585,0.625,1.1));
#236 = VECTOR('',#237,1.);
#237 = DIRECTION('',(0.,-1.,0.));
#238 = ORIENTED_EDGE('',*,*,#239,.F.);
#239 = EDGE_CURVE('',#129,#232,#240,.T.);
#240 = LINE('',#241,#242);
#241 = CARTESIAN_POINT('',(-0.585,0.625,1.1));
#242 = VECTOR('',#243,1.);
#243 = DIRECTION('',(1.,0.,0.));
#244 = PLANE('',#245);
#245 = AXIS2_PLACEMENT_3D('',#246,#247,#248);
#246 = CARTESIAN_POINT('',(-0.585,0.625,1.1));
#247 = DIRECTION('',(0.,0.,1.));
#248 = DIRECTION('',(1.,0.,-0.));
#249 = ADVANCED_FACE('',(#250),#284,.T.);
#250 = FACE_BOUND('',#251,.T.);
#251 = EDGE_LOOP('',(#252,#253,#254,#262,#270,#278));
#252 = ORIENTED_EDGE('',*,*,#231,.T.);
#253 = ORIENTED_EDGE('',*,*,#81,.T.);
#254 = ORIENTED_EDGE('',*,*,#255,.F.);
#255 = EDGE_CURVE('',#256,#82,#258,.T.);
#256 = VERTEX_POINT('',#257);
#257 = CARTESIAN_POINT('',(0.65,-0.46875,0.465));
#258 = LINE('',#259,#260);
#259 = CARTESIAN_POINT('',(0.65,0.625,0.465));
#260 = VECTOR('',#261,1.);
#261 = DIRECTION('',(0.,-1.,0.));
#262 = ORIENTED_EDGE('',*,*,#263,.F.);
#263 = EDGE_CURVE('',#264,#256,#266,.T.);
#264 = VERTEX_POINT('',#265);
#265 = CARTESIAN_POINT('',(0.65,0.46875,0.465));
#266 = LINE('',#267,#268);
#267 = CARTESIAN_POINT('',(0.65,0.625,0.465));
#268 = VECTOR('',#269,1.);
#269 = DIRECTION('',(0.,-1.,0.));
#270 = ORIENTED_EDGE('',*,*,#271,.F.);
#271 = EDGE_CURVE('',#272,#264,#274,.T.);
#272 = VERTEX_POINT('',#273);
#273 = CARTESIAN_POINT('',(0.65,0.625,0.465));
#274 = LINE('',#275,#276);
#275 = CARTESIAN_POINT('',(0.65,0.625,0.465));
#276 = VECTOR('',#277,1.);
#277 = DIRECTION('',(0.,-1.,0.));
#278 = ORIENTED_EDGE('',*,*,#279,.F.);
#279 = EDGE_CURVE('',#232,#272,#280,.T.);
#280 = LINE('',#281,#282);
#281 = CARTESIAN_POINT('',(0.585,0.625,1.1));
#282 = VECTOR('',#283,1.);
#283 = DIRECTION('',(0.101830105936,0.,-0.994801804142));
#284 = PLANE('',#285);
#285 = AXIS2_PLACEMENT_3D('',#286,#287,#288);
#286 = CARTESIAN_POINT('',(0.585,0.625,1.1));
#287 = DIRECTION('',(0.994801804142,0.,0.101830105936));
#288 = DIRECTION('',(0.101830105936,0.,-0.994801804142));
#289 = ADVANCED_FACE('',(#290),#315,.T.);
#290 = FACE_BOUND('',#291,.T.);
#291 = EDGE_LOOP('',(#292,#300,#308,#314));
#292 = ORIENTED_EDGE('',*,*,#293,.F.);
#293 = EDGE_CURVE('',#294,#104,#296,.T.);
#294 = VERTEX_POINT('',#295);
#295 = CARTESIAN_POINT('',(-0.9125,0.625,0.465));
#296 = LINE('',#297,#298);
#297 = CARTESIAN_POINT('',(-0.965,0.625,0.465));
#298 = VECTOR('',#299,1.);
#299 = DIRECTION('',(1.,0.,0.));
#300 = ORIENTED_EDGE('',*,*,#301,.F.);
#301 = EDGE_CURVE('',#302,#294,#304,.T.);
#302 = VERTEX_POINT('',#303);
#303 = CARTESIAN_POINT('',(-0.9125,0.46875,0.465));
#304 = LINE('',#305,#306);
#305 = CARTESIAN_POINT('',(-0.9125,7.8125E-02,0.465));
#306 = VECTOR('',#307,1.);
#307 = DIRECTION('',(0.,1.,0.));
#308 = ORIENTED_EDGE('',*,*,#309,.F.);
#309 = EDGE_CURVE('',#106,#302,#310,.T.);
#310 = LINE('',#311,#312);
#311 = CARTESIAN_POINT('',(-0.93875,0.46875,0.465));
#312 = VECTOR('',#313,1.);
#313 = DIRECTION('',(-1.,0.,0.));
#314 = ORIENTED_EDGE('',*,*,#103,.F.);
#315 = PLANE('',#316);
#316 = AXIS2_PLACEMENT_3D('',#317,#318,#319);
#317 = CARTESIAN_POINT('',(-0.965,-0.625,0.465));
#318 = DIRECTION('',(0.,0.,1.));
#319 = DIRECTION('',(1.,0.,-0.));
#320 = ADVANCED_FACE('',(#321),#332,.T.);
#321 = FACE_BOUND('',#322,.T.);
#322 = EDGE_LOOP('',(#323,#324,#325,#326));
#323 = ORIENTED_EDGE('',*,*,#136,.T.);
#324 = ORIENTED_EDGE('',*,*,#239,.T.);
#325 = ORIENTED_EDGE('',*,*,#279,.T.);
#326 = ORIENTED_EDGE('',*,*,#327,.T.);
#327 = EDGE_CURVE('',#272,#104,#328,.T.);
#328 = LINE('',#329,#330);
#329 = CARTESIAN_POINT('',(0.65,0.625,0.465));
#330 = VECTOR('',#331,1.);
#331 = DIRECTION('',(-1.,0.,-4.270088556251E-17));
#332 = PLANE('',#333);
#333 = AXIS2_PLACEMENT_3D('',#334,#335,#336);
#334 = CARTESIAN_POINT('',(1.481626402817E-17,0.625,0.771483451357));
#335 = DIRECTION('',(-5.57234551408E-33,1.,3.18580557984E-32));
#336 = DIRECTION('',(0.,-3.18580557984E-32,1.));
#337 = ADVANCED_FACE('',(#338),#365,.T.);
#338 = FACE_BOUND('',#339,.T.);
#339 = EDGE_LOOP('',(#340,#349,#357,#364));
#340 = ORIENTED_EDGE('',*,*,#341,.F.);
#341 = EDGE_CURVE('',#342,#106,#344,.T.);
#342 = VERTEX_POINT('',#343);
#343 = CARTESIAN_POINT('',(-0.685,0.46875,0.5));
#344 = CIRCLE('',#345,3.5E-02);
#345 = AXIS2_PLACEMENT_3D('',#346,#347,#348);
#346 = CARTESIAN_POINT('',(-0.685,0.46875,0.465));
#347 = DIRECTION('',(-0.,1.,0.));
#348 = DIRECTION('',(1.,0.,0.));
#349 = ORIENTED_EDGE('',*,*,#350,.F.);
#350 = EDGE_CURVE('',#351,#342,#353,.T.);
#351 = VERTEX_POINT('',#352);
#352 = CARTESIAN_POINT('',(-0.685,-0.46875,0.5));
#353 = LINE('',#354,#355);
#354 = CARTESIAN_POINT('',(-0.685,-0.625,0.5));
#355 = VECTOR('',#356,1.);
#356 = DIRECTION('',(0.,1.,0.));
#357 = ORIENTED_EDGE('',*,*,#358,.T.);
#358 = EDGE_CURVE('',#351,#114,#359,.T.);
#359 = CIRCLE('',#360,3.5E-02);
#360 = AXIS2_PLACEMENT_3D('',#361,#362,#363);
#361 = CARTESIAN_POINT('',(-0.685,-0.46875,0.465));
#362 = DIRECTION('',(-0.,1.,0.));
#363 = DIRECTION('',(1.,0.,0.));
#364 = ORIENTED_EDGE('',*,*,#113,.T.);
#365 = CYLINDRICAL_SURFACE('',#366,3.5E-02);
#366 = AXIS2_PLACEMENT_3D('',#367,#368,#369);
#367 = CARTESIAN_POINT('',(-0.685,-0.625,0.465));
#368 = DIRECTION('',(0.,1.,0.));
#369 = DIRECTION('',(1.,0.,0.));
#370 = ADVANCED_FACE('',(#371),#389,.T.);
#371 = FACE_BOUND('',#372,.T.);
#372 = EDGE_LOOP('',(#373,#381,#382,#383));
#373 = ORIENTED_EDGE('',*,*,#374,.F.);
#374 = EDGE_CURVE('',#169,#375,#377,.T.);
#375 = VERTEX_POINT('',#376);
#376 = CARTESIAN_POINT('',(-0.9125,-0.46875,0.465));
#377 = LINE('',#378,#379);
#378 = CARTESIAN_POINT('',(-0.9125,-0.546875,0.465));
#379 = VECTOR('',#380,1.);
#380 = DIRECTION('',(0.,1.,0.));
#381 = ORIENTED_EDGE('',*,*,#176,.T.);
#382 = ORIENTED_EDGE('',*,*,#121,.F.);
#383 = ORIENTED_EDGE('',*,*,#384,.F.);
#384 = EDGE_CURVE('',#375,#114,#385,.T.);
#385 = LINE('',#386,#387);
#386 = CARTESIAN_POINT('',(-2.625E-02,-0.46875,0.465));
#387 = VECTOR('',#388,1.);
#388 = DIRECTION('',(1.,0.,0.));
#389 = PLANE('',#390);
#390 = AXIS2_PLACEMENT_3D('',#391,#392,#393);
#391 = CARTESIAN_POINT('',(-0.965,-0.625,0.465));
#392 = DIRECTION('',(0.,0.,1.));
#393 = DIRECTION('',(1.,0.,-0.));
#394 = ADVANCED_FACE('',(#395),#456,.F.);
#395 = FACE_BOUND('',#396,.F.);
#396 = EDGE_LOOP('',(#397,#407,#416,#424,#433,#441,#447,#448,#449,#450)
  );
#397 = ORIENTED_EDGE('',*,*,#398,.F.);
#398 = EDGE_CURVE('',#399,#401,#403,.T.);
#399 = VERTEX_POINT('',#400);
#400 = CARTESIAN_POINT('',(-0.965,-0.625,-6.938893903907E-18));
#401 = VERTEX_POINT('',#402);
#402 = CARTESIAN_POINT('',(-0.9125,-0.625,0.));
#403 = LINE('',#404,#405);
#404 = CARTESIAN_POINT('',(-1.,-0.625,0.));
#405 = VECTOR('',#406,1.);
#406 = DIRECTION('',(1.,0.,0.));
#407 = ORIENTED_EDGE('',*,*,#408,.F.);
#408 = EDGE_CURVE('',#409,#399,#411,.T.);
#409 = VERTEX_POINT('',#410);
#410 = CARTESIAN_POINT('',(-1.,-0.625,3.5E-02));
#411 = CIRCLE('',#412,3.5E-02);
#412 = AXIS2_PLACEMENT_3D('',#413,#414,#415);
#413 = CARTESIAN_POINT('',(-0.965,-0.625,3.5E-02));
#414 = DIRECTION('',(0.,-1.,0.));
#415 = DIRECTION('',(0.,0.,1.));
#416 = ORIENTED_EDGE('',*,*,#417,.T.);
#417 = EDGE_CURVE('',#409,#418,#420,.T.);
#418 = VERTEX_POINT('',#419);
#419 = CARTESIAN_POINT('',(-1.,-0.625,0.465));
#420 = LINE('',#421,#422);
#421 = CARTESIAN_POINT('',(-1.,-0.625,0.));
#422 = VECTOR('',#423,1.);
#423 = DIRECTION('',(0.,0.,1.));
#424 = ORIENTED_EDGE('',*,*,#425,.T.);
#425 = EDGE_CURVE('',#418,#426,#428,.T.);
#426 = VERTEX_POINT('',#427);
#427 = CARTESIAN_POINT('',(-0.965,-0.625,0.5));
#428 = CIRCLE('',#429,3.5E-02);
#429 = AXIS2_PLACEMENT_3D('',#430,#431,#432);
#430 = CARTESIAN_POINT('',(-0.965,-0.625,0.465));
#431 = DIRECTION('',(0.,1.,0.));
#432 = DIRECTION('',(0.,-0.,1.));
#433 = ORIENTED_EDGE('',*,*,#434,.T.);
#434 = EDGE_CURVE('',#426,#435,#437,.T.);
#435 = VERTEX_POINT('',#436);
#436 = CARTESIAN_POINT('',(-0.9125,-0.625,0.5));
#437 = LINE('',#438,#439);
#438 = CARTESIAN_POINT('',(-1.,-0.625,0.5));
#439 = VECTOR('',#440,1.);
#440 = DIRECTION('',(1.,0.,0.));
#441 = ORIENTED_EDGE('',*,*,#442,.F.);
#442 = EDGE_CURVE('',#169,#435,#443,.T.);
#443 = LINE('',#444,#445);
#444 = CARTESIAN_POINT('',(-0.9125,-0.625,0.375));
#445 = VECTOR('',#446,1.);
#446 = DIRECTION('',(0.,0.,1.));
#447 = ORIENTED_EDGE('',*,*,#168,.F.);
#448 = ORIENTED_EDGE('',*,*,#160,.F.);
#449 = ORIENTED_EDGE('',*,*,#150,.T.);
#450 = ORIENTED_EDGE('',*,*,#451,.F.);
#451 = EDGE_CURVE('',#401,#153,#452,.T.);
#452 = LINE('',#453,#454);
#453 = CARTESIAN_POINT('',(-0.9125,-0.625,0.375));
#454 = VECTOR('',#455,1.);
#455 = DIRECTION('',(0.,0.,1.));
#456 = PLANE('',#457);
#457 = AXIS2_PLACEMENT_3D('',#458,#459,#460);
#458 = CARTESIAN_POINT('',(-1.,-0.625,0.));
#459 = DIRECTION('',(0.,1.,0.));
#460 = DIRECTION('',(0.,-0.,1.));
#461 = ADVANCED_FACE('',(#462,#551),#577,.F.);
#462 = FACE_BOUND('',#463,.F.);
#463 = EDGE_LOOP('',(#464,#472,#473,#481,#489,#497,#505,#513,#521,#529,
    #537,#545));
#464 = ORIENTED_EDGE('',*,*,#465,.F.);
#465 = EDGE_CURVE('',#153,#466,#468,.T.);
#466 = VERTEX_POINT('',#467);
#467 = CARTESIAN_POINT('',(-0.9125,-0.46875,3.5E-02));
#468 = LINE('',#469,#470);
#469 = CARTESIAN_POINT('',(-0.9125,-0.546875,3.5E-02));
#470 = VECTOR('',#471,1.);
#471 = DIRECTION('',(0.,1.,0.));
#472 = ORIENTED_EDGE('',*,*,#215,.T.);
#473 = ORIENTED_EDGE('',*,*,#474,.F.);
#474 = EDGE_CURVE('',#475,#208,#477,.T.);
#475 = VERTEX_POINT('',#476);
#476 = CARTESIAN_POINT('',(0.9125,-0.46875,3.5E-02));
#477 = LINE('',#478,#479);
#478 = CARTESIAN_POINT('',(0.9125,-0.703125,3.5E-02));
#479 = VECTOR('',#480,1.);
#480 = DIRECTION('',(0.,-1.,0.));
#481 = ORIENTED_EDGE('',*,*,#482,.F.);
#482 = EDGE_CURVE('',#483,#475,#485,.T.);
#483 = VERTEX_POINT('',#484);
#484 = CARTESIAN_POINT('',(0.65,-0.46875,3.5E-02));
#485 = LINE('',#486,#487);
#486 = CARTESIAN_POINT('',(-2.625E-02,-0.46875,3.5E-02));
#487 = VECTOR('',#488,1.);
#488 = DIRECTION('',(1.,0.,0.));
#489 = ORIENTED_EDGE('',*,*,#490,.T.);
#490 = EDGE_CURVE('',#483,#491,#493,.T.);
#491 = VERTEX_POINT('',#492);
#492 = CARTESIAN_POINT('',(0.65,0.46875,3.5E-02));
#493 = LINE('',#494,#495);
#494 = CARTESIAN_POINT('',(0.65,-0.625,3.5E-02));
#495 = VECTOR('',#496,1.);
#496 = DIRECTION('',(0.,1.,0.));
#497 = ORIENTED_EDGE('',*,*,#498,.F.);
#498 = EDGE_CURVE('',#499,#491,#501,.T.);
#499 = VERTEX_POINT('',#500);
#500 = CARTESIAN_POINT('',(0.9125,0.46875,3.5E-02));
#501 = LINE('',#502,#503);
#502 = CARTESIAN_POINT('',(-0.93875,0.46875,3.5E-02));
#503 = VECTOR('',#504,1.);
#504 = DIRECTION('',(-1.,0.,0.));
#505 = ORIENTED_EDGE('',*,*,#506,.F.);
#506 = EDGE_CURVE('',#507,#499,#509,.T.);
#507 = VERTEX_POINT('',#508);
#508 = CARTESIAN_POINT('',(0.9125,0.625,3.5E-02));
#509 = LINE('',#510,#511);
#510 = CARTESIAN_POINT('',(0.9125,-7.8125E-02,3.5E-02));
#511 = VECTOR('',#512,1.);
#512 = DIRECTION('',(0.,-1.,0.));
#513 = ORIENTED_EDGE('',*,*,#514,.F.);
#514 = EDGE_CURVE('',#515,#507,#517,.T.);
#515 = VERTEX_POINT('',#516);
#516 = CARTESIAN_POINT('',(-0.9125,0.625,3.5E-02));
#517 = LINE('',#518,#519);
#518 = CARTESIAN_POINT('',(-0.965,0.625,3.5E-02));
#519 = VECTOR('',#520,1.);
#520 = DIRECTION('',(1.,0.,0.));
#521 = ORIENTED_EDGE('',*,*,#522,.F.);
#522 = EDGE_CURVE('',#523,#515,#525,.T.);
#523 = VERTEX_POINT('',#524);
#524 = CARTESIAN_POINT('',(-0.9125,0.46875,3.5E-02));
#525 = LINE('',#526,#527);
#526 = CARTESIAN_POINT('',(-0.9125,7.8125E-02,3.5E-02));
#527 = VECTOR('',#528,1.);
#528 = DIRECTION('',(0.,1.,0.));
#529 = ORIENTED_EDGE('',*,*,#530,.F.);
#530 = EDGE_CURVE('',#531,#523,#533,.T.);
#531 = VERTEX_POINT('',#532);
#532 = CARTESIAN_POINT('',(-0.65,0.46875,3.5E-02));
#533 = LINE('',#534,#535);
#534 = CARTESIAN_POINT('',(-0.93875,0.46875,3.5E-02));
#535 = VECTOR('',#536,1.);
#536 = DIRECTION('',(-1.,0.,0.));
#537 = ORIENTED_EDGE('',*,*,#538,.F.);
#538 = EDGE_CURVE('',#539,#531,#541,.T.);
#539 = VERTEX_POINT('',#540);
#540 = CARTESIAN_POINT('',(-0.65,-0.46875,3.5E-02));
#541 = LINE('',#542,#543);
#542 = CARTESIAN_POINT('',(-0.65,-0.625,3.5E-02));
#543 = VECTOR('',#544,1.);
#544 = DIRECTION('',(0.,1.,0.));
#545 = ORIENTED_EDGE('',*,*,#546,.F.);
#546 = EDGE_CURVE('',#466,#539,#547,.T.);
#547 = LINE('',#548,#549);
#548 = CARTESIAN_POINT('',(-2.625E-02,-0.46875,3.5E-02));
#549 = VECTOR('',#550,1.);
#550 = DIRECTION('',(1.,0.,0.));
#551 = FACE_BOUND('',#552,.F.);
#552 = EDGE_LOOP('',(#553,#563,#571));
#553 = ORIENTED_EDGE('',*,*,#554,.T.);
#554 = EDGE_CURVE('',#555,#557,#559,.T.);
#555 = VERTEX_POINT('',#556);
#556 = CARTESIAN_POINT('',(0.433012701892,0.5,3.5E-02));
#557 = VERTEX_POINT('',#558);
#558 = CARTESIAN_POINT('',(0.433012701892,-0.5,3.5E-02));
#559 = LINE('',#560,#561);
#560 = CARTESIAN_POINT('',(0.433012701892,0.5,3.5E-02));
#561 = VECTOR('',#562,1.);
#562 = DIRECTION('',(0.,-1.,0.));
#563 = ORIENTED_EDGE('',*,*,#564,.T.);
#564 = EDGE_CURVE('',#557,#565,#567,.T.);
#565 = VERTEX_POINT('',#566);
#566 = CARTESIAN_POINT('',(-0.433012701892,0.,3.5E-02));
#567 = LINE('',#568,#569);
#568 = CARTESIAN_POINT('',(0.433012701892,-0.5,3.5E-02));
#569 = VECTOR('',#570,1.);
#570 = DIRECTION('',(-0.866025403784,0.5,0.));
#571 = ORIENTED_EDGE('',*,*,#572,.T.);
#572 = EDGE_CURVE('',#565,#555,#573,.T.);
#573 = LINE('',#574,#575);
#574 = CARTESIAN_POINT('',(-0.433012701892,0.,3.5E-02));
#575 = VECTOR('',#576,1.);
#576 = DIRECTION('',(0.866025403784,0.5,0.));
#577 = PLANE('',#578);
#578 = AXIS2_PLACEMENT_3D('',#579,#580,#581);
#579 = CARTESIAN_POINT('',(-0.965,-0.625,3.5E-02));
#580 = DIRECTION('',(0.,0.,1.));
#581 = DIRECTION('',(1.,0.,-0.));
#582 = ADVANCED_FACE('',(#583),#644,.F.);
#583 = FACE_BOUND('',#584,.F.);
#584 = EDGE_LOOP('',(#585,#595,#601,#602,#603,#604,#612,#620,#629,#637)
  );
#585 = ORIENTED_EDGE('',*,*,#586,.F.);
#586 = EDGE_CURVE('',#587,#589,#591,.T.);
#587 = VERTEX_POINT('',#588);
#588 = CARTESIAN_POINT('',(0.9125,-0.625,0.));
#589 = VERTEX_POINT('',#590);
#590 = CARTESIAN_POINT('',(0.965,-0.625,-6.938893903907E-18));
#591 = LINE('',#592,#593);
#592 = CARTESIAN_POINT('',(0.65,-0.625,0.));
#593 = VECTOR('',#594,1.);
#594 = DIRECTION('',(1.,0.,0.));
#595 = ORIENTED_EDGE('',*,*,#596,.F.);
#596 = EDGE_CURVE('',#208,#587,#597,.T.);
#597 = LINE('',#598,#599);
#598 = CARTESIAN_POINT('',(0.9125,-0.625,0.375));
#599 = VECTOR('',#600,1.);
#600 = DIRECTION('',(0.,0.,-1.));
#601 = ORIENTED_EDGE('',*,*,#207,.T.);
#602 = ORIENTED_EDGE('',*,*,#199,.T.);
#603 = ORIENTED_EDGE('',*,*,#191,.F.);
#604 = ORIENTED_EDGE('',*,*,#605,.F.);
#605 = EDGE_CURVE('',#606,#184,#608,.T.);
#606 = VERTEX_POINT('',#607);
#607 = CARTESIAN_POINT('',(0.9125,-0.625,0.5));
#608 = LINE('',#609,#610);
#609 = CARTESIAN_POINT('',(0.9125,-0.625,0.375));
#610 = VECTOR('',#611,1.);
#611 = DIRECTION('',(0.,0.,-1.));
#612 = ORIENTED_EDGE('',*,*,#613,.T.);
#613 = EDGE_CURVE('',#606,#614,#616,.T.);
#614 = VERTEX_POINT('',#615);
#615 = CARTESIAN_POINT('',(0.965,-0.625,0.5));
#616 = LINE('',#617,#618);
#617 = CARTESIAN_POINT('',(0.65,-0.625,0.5));
#618 = VECTOR('',#619,1.);
#619 = DIRECTION('',(1.,0.,0.));
#620 = ORIENTED_EDGE('',*,*,#621,.F.);
#621 = EDGE_CURVE('',#622,#614,#624,.T.);
#622 = VERTEX_POINT('',#623);
#623 = CARTESIAN_POINT('',(1.,-0.625,0.465));
#624 = CIRCLE('',#625,3.5E-02);
#625 = AXIS2_PLACEMENT_3D('',#626,#627,#628);
#626 = CARTESIAN_POINT('',(0.965,-0.625,0.465));
#627 = DIRECTION('',(0.,-1.,0.));
#628 = DIRECTION('',(0.,0.,1.));
#629 = ORIENTED_EDGE('',*,*,#630,.F.);
#630 = EDGE_CURVE('',#631,#622,#633,.T.);
#631 = VERTEX_POINT('',#632);
#632 = CARTESIAN_POINT('',(1.,-0.625,3.5E-02));
#633 = LINE('',#634,#635);
#634 = CARTESIAN_POINT('',(1.,-0.625,0.));
#635 = VECTOR('',#636,1.);
#636 = DIRECTION('',(0.,0.,1.));
#637 = ORIENTED_EDGE('',*,*,#638,.T.);
#638 = EDGE_CURVE('',#631,#589,#639,.T.);
#639 = CIRCLE('',#640,3.5E-02);
#640 = AXIS2_PLACEMENT_3D('',#641,#642,#643);
#641 = CARTESIAN_POINT('',(0.965,-0.625,3.5E-02));
#642 = DIRECTION('',(0.,1.,0.));
#643 = DIRECTION('',(0.,-0.,1.));
#644 = PLANE('',#645);
#645 = AXIS2_PLACEMENT_3D('',#646,#647,#648);
#646 = CARTESIAN_POINT('',(0.65,-0.625,0.));
#647 = DIRECTION('',(0.,1.,0.));
#648 = DIRECTION('',(0.,-0.,1.));
#649 = ADVANCED_FACE('',(#650),#668,.T.);
#650 = FACE_BOUND('',#651,.T.);
#651 = EDGE_LOOP('',(#652,#660,#661,#662));
#652 = ORIENTED_EDGE('',*,*,#653,.F.);
#653 = EDGE_CURVE('',#256,#654,#656,.T.);
#654 = VERTEX_POINT('',#655);
#655 = CARTESIAN_POINT('',(0.9125,-0.46875,0.465));
#656 = LINE('',#657,#658);
#657 = CARTESIAN_POINT('',(-2.625E-02,-0.46875,0.465));
#658 = VECTOR('',#659,1.);
#659 = DIRECTION('',(1.,0.,0.));
#660 = ORIENTED_EDGE('',*,*,#255,.T.);
#661 = ORIENTED_EDGE('',*,*,#183,.T.);
#662 = ORIENTED_EDGE('',*,*,#663,.F.);
#663 = EDGE_CURVE('',#654,#184,#664,.T.);
#664 = LINE('',#665,#666);
#665 = CARTESIAN_POINT('',(0.9125,-0.703125,0.465));
#666 = VECTOR('',#667,1.);
#667 = DIRECTION('',(0.,-1.,0.));
#668 = PLANE('',#669);
#669 = AXIS2_PLACEMENT_3D('',#670,#671,#672);
#670 = CARTESIAN_POINT('',(-0.965,-0.625,0.465));
#671 = DIRECTION('',(0.,0.,1.));
#672 = DIRECTION('',(1.,0.,-0.));
#673 = ADVANCED_FACE('',(#674),#699,.T.);
#674 = FACE_BOUND('',#675,.T.);
#675 = EDGE_LOOP('',(#676,#684,#685,#693));
#676 = ORIENTED_EDGE('',*,*,#677,.F.);
#677 = EDGE_CURVE('',#272,#678,#680,.T.);
#678 = VERTEX_POINT('',#679);
#679 = CARTESIAN_POINT('',(0.9125,0.625,0.465));
#680 = LINE('',#681,#682);
#681 = CARTESIAN_POINT('',(-0.965,0.625,0.465));
#682 = VECTOR('',#683,1.);
#683 = DIRECTION('',(1.,0.,0.));
#684 = ORIENTED_EDGE('',*,*,#271,.T.);
#685 = ORIENTED_EDGE('',*,*,#686,.F.);
#686 = EDGE_CURVE('',#687,#264,#689,.T.);
#687 = VERTEX_POINT('',#688);
#688 = CARTESIAN_POINT('',(0.9125,0.46875,0.465));
#689 = LINE('',#690,#691);
#690 = CARTESIAN_POINT('',(-0.93875,0.46875,0.465));
#691 = VECTOR('',#692,1.);
#692 = DIRECTION('',(-1.,0.,0.));
#693 = ORIENTED_EDGE('',*,*,#694,.F.);
#694 = EDGE_CURVE('',#678,#687,#695,.T.);
#695 = LINE('',#696,#697);
#696 = CARTESIAN_POINT('',(0.9125,-7.8125E-02,0.465));
#697 = VECTOR('',#698,1.);
#698 = DIRECTION('',(0.,-1.,0.));
#699 = PLANE('',#700);
#700 = AXIS2_PLACEMENT_3D('',#701,#702,#703);
#701 = CARTESIAN_POINT('',(-0.965,-0.625,0.465));
#702 = DIRECTION('',(0.,0.,1.));
#703 = DIRECTION('',(1.,0.,-0.));
#704 = ADVANCED_FACE('',(#705),#732,.T.);
#705 = FACE_BOUND('',#706,.T.);
#706 = EDGE_LOOP('',(#707,#708,#717,#725));
#707 = ORIENTED_EDGE('',*,*,#263,.T.);
#708 = ORIENTED_EDGE('',*,*,#709,.T.);
#709 = EDGE_CURVE('',#256,#710,#712,.T.);
#710 = VERTEX_POINT('',#711);
#711 = CARTESIAN_POINT('',(0.685,-0.46875,0.5));
#712 = CIRCLE('',#713,3.5E-02);
#713 = AXIS2_PLACEMENT_3D('',#714,#715,#716);
#714 = CARTESIAN_POINT('',(0.685,-0.46875,0.465));
#715 = DIRECTION('',(0.,1.,-0.));
#716 = DIRECTION('',(-1.,0.,0.));
#717 = ORIENTED_EDGE('',*,*,#718,.T.);
#718 = EDGE_CURVE('',#710,#719,#721,.T.);
#719 = VERTEX_POINT('',#720);
#720 = CARTESIAN_POINT('',(0.685,0.46875,0.5));
#721 = LINE('',#722,#723);
#722 = CARTESIAN_POINT('',(0.685,-0.625,0.5));
#723 = VECTOR('',#724,1.);
#724 = DIRECTION('',(0.,1.,0.));
#725 = ORIENTED_EDGE('',*,*,#726,.F.);
#726 = EDGE_CURVE('',#264,#719,#727,.T.);
#727 = CIRCLE('',#728,3.5E-02);
#728 = AXIS2_PLACEMENT_3D('',#729,#730,#731);
#729 = CARTESIAN_POINT('',(0.685,0.46875,0.465));
#730 = DIRECTION('',(0.,1.,-0.));
#731 = DIRECTION('',(-1.,0.,0.));
#732 = CYLINDRICAL_SURFACE('',#733,3.5E-02);
#733 = AXIS2_PLACEMENT_3D('',#734,#735,#736);
#734 = CARTESIAN_POINT('',(0.685,-0.625,0.465));
#735 = DIRECTION('',(0.,1.,0.));
#736 = DIRECTION('',(-1.,0.,0.));
#737 = ADVANCED_FACE('',(#738),#788,.T.);
#738 = FACE_BOUND('',#739,.T.);
#739 = EDGE_LOOP('',(#740,#748,#756,#762,#763,#764,#765,#773,#781,#787)
  );
#740 = ORIENTED_EDGE('',*,*,#741,.F.);
#741 = EDGE_CURVE('',#742,#515,#744,.T.);
#742 = VERTEX_POINT('',#743);
#743 = CARTESIAN_POINT('',(-0.965,0.625,3.5E-02));
#744 = LINE('',#745,#746);
#745 = CARTESIAN_POINT('',(-0.965,0.625,3.5E-02));
#746 = VECTOR('',#747,1.);
#747 = DIRECTION('',(1.,0.,0.));
#748 = ORIENTED_EDGE('',*,*,#749,.T.);
#749 = EDGE_CURVE('',#742,#750,#752,.T.);
#750 = VERTEX_POINT('',#751);
#751 = CARTESIAN_POINT('',(-0.965,0.625,0.465));
#752 = LINE('',#753,#754);
#753 = CARTESIAN_POINT('',(-0.965,0.625,3.5E-02));
#754 = VECTOR('',#755,1.);
#755 = DIRECTION('',(0.,0.,1.));
#756 = ORIENTED_EDGE('',*,*,#757,.T.);
#757 = EDGE_CURVE('',#750,#294,#758,.T.);
#758 = LINE('',#759,#760);
#759 = CARTESIAN_POINT('',(-0.965,0.625,0.465));
#760 = VECTOR('',#761,1.);
#761 = DIRECTION('',(1.,0.,0.));
#762 = ORIENTED_EDGE('',*,*,#293,.T.);
#763 = ORIENTED_EDGE('',*,*,#327,.F.);
#764 = ORIENTED_EDGE('',*,*,#677,.T.);
#765 = ORIENTED_EDGE('',*,*,#766,.T.);
#766 = EDGE_CURVE('',#678,#767,#769,.T.);
#767 = VERTEX_POINT('',#768);
#768 = CARTESIAN_POINT('',(0.965,0.625,0.465));
#769 = LINE('',#770,#771);
#770 = CARTESIAN_POINT('',(-0.965,0.625,0.465));
#771 = VECTOR('',#772,1.);
#772 = DIRECTION('',(1.,0.,0.));
#773 = ORIENTED_EDGE('',*,*,#774,.F.);
#774 = EDGE_CURVE('',#775,#767,#777,.T.);
#775 = VERTEX_POINT('',#776);
#776 = CARTESIAN_POINT('',(0.965,0.625,3.5E-02));
#777 = LINE('',#778,#779);
#778 = CARTESIAN_POINT('',(0.965,0.625,3.5E-02));
#779 = VECTOR('',#780,1.);
#780 = DIRECTION('',(0.,0.,1.));
#781 = ORIENTED_EDGE('',*,*,#782,.F.);
#782 = EDGE_CURVE('',#507,#775,#783,.T.);
#783 = LINE('',#784,#785);
#784 = CARTESIAN_POINT('',(-0.965,0.625,3.5E-02));
#785 = VECTOR('',#786,1.);
#786 = DIRECTION('',(1.,0.,0.));
#787 = ORIENTED_EDGE('',*,*,#514,.F.);
#788 = PLANE('',#789);
#789 = AXIS2_PLACEMENT_3D('',#790,#791,#792);
#790 = CARTESIAN_POINT('',(-0.965,0.625,3.5E-02));
#791 = DIRECTION('',(0.,1.,0.));
#792 = DIRECTION('',(0.,-0.,1.));
#793 = ADVANCED_FACE('',(#794),#812,.F.);
#794 = FACE_BOUND('',#795,.F.);
#795 = EDGE_LOOP('',(#796,#804,#810,#811));
#796 = ORIENTED_EDGE('',*,*,#797,.F.);
#797 = EDGE_CURVE('',#798,#342,#800,.T.);
#798 = VERTEX_POINT('',#799);
#799 = CARTESIAN_POINT('',(-0.9125,0.46875,0.5));
#800 = LINE('',#801,#802);
#801 = CARTESIAN_POINT('',(-0.95625,0.46875,0.5));
#802 = VECTOR('',#803,1.);
#803 = DIRECTION('',(1.,0.,0.));
#804 = ORIENTED_EDGE('',*,*,#805,.T.);
#805 = EDGE_CURVE('',#798,#302,#806,.T.);
#806 = LINE('',#807,#808);
#807 = CARTESIAN_POINT('',(-0.9125,0.46875,0.75));
#808 = VECTOR('',#809,1.);
#809 = DIRECTION('',(-0.,-0.,-1.));
#810 = ORIENTED_EDGE('',*,*,#309,.F.);
#811 = ORIENTED_EDGE('',*,*,#341,.F.);
#812 = PLANE('',#813);
#813 = AXIS2_PLACEMENT_3D('',#814,#815,#816);
#814 = CARTESIAN_POINT('',(-0.9125,0.46875,0.75));
#815 = DIRECTION('',(0.,-1.,0.));
#816 = DIRECTION('',(1.,0.,0.));
#817 = ADVANCED_FACE('',(#818),#836,.F.);
#818 = FACE_BOUND('',#819,.F.);
#819 = EDGE_LOOP('',(#820,#821,#829,#835));
#820 = ORIENTED_EDGE('',*,*,#805,.F.);
#821 = ORIENTED_EDGE('',*,*,#822,.F.);
#822 = EDGE_CURVE('',#823,#798,#825,.T.);
#823 = VERTEX_POINT('',#824);
#824 = CARTESIAN_POINT('',(-0.9125,0.625,0.5));
#825 = LINE('',#826,#827);
#826 = CARTESIAN_POINT('',(-0.9125,7.8125E-02,0.5));
#827 = VECTOR('',#828,1.);
#828 = DIRECTION('',(0.,-1.,0.));
#829 = ORIENTED_EDGE('',*,*,#830,.F.);
#830 = EDGE_CURVE('',#294,#823,#831,.T.);
#831 = LINE('',#832,#833);
#832 = CARTESIAN_POINT('',(-0.9125,0.625,0.375));
#833 = VECTOR('',#834,1.);
#834 = DIRECTION('',(0.,0.,1.));
#835 = ORIENTED_EDGE('',*,*,#301,.F.);
#836 = PLANE('',#837);
#837 = AXIS2_PLACEMENT_3D('',#838,#839,#840);
#838 = CARTESIAN_POINT('',(-0.9125,0.78125,0.75));
#839 = DIRECTION('',(-1.,0.,0.));
#840 = DIRECTION('',(0.,-1.,0.));
#841 = ADVANCED_FACE('',(#842),#860,.F.);
#842 = FACE_BOUND('',#843,.F.);
#843 = EDGE_LOOP('',(#844,#852,#858,#859));
#844 = ORIENTED_EDGE('',*,*,#845,.F.);
#845 = EDGE_CURVE('',#846,#375,#848,.T.);
#846 = VERTEX_POINT('',#847);
#847 = CARTESIAN_POINT('',(-0.9125,-0.46875,0.5));
#848 = LINE('',#849,#850);
#849 = CARTESIAN_POINT('',(-0.9125,-0.46875,0.75));
#850 = VECTOR('',#851,1.);
#851 = DIRECTION('',(-0.,-0.,-1.));
#852 = ORIENTED_EDGE('',*,*,#853,.F.);
#853 = EDGE_CURVE('',#351,#846,#854,.T.);
#854 = LINE('',#855,#856);
#855 = CARTESIAN_POINT('',(-4.375E-02,-0.46875,0.5));
#856 = VECTOR('',#857,1.);
#857 = DIRECTION('',(-1.,0.,0.));
#858 = ORIENTED_EDGE('',*,*,#358,.T.);
#859 = ORIENTED_EDGE('',*,*,#384,.F.);
#860 = PLANE('',#861);
#861 = AXIS2_PLACEMENT_3D('',#862,#863,#864);
#862 = CARTESIAN_POINT('',(0.9125,-0.46875,0.75));
#863 = DIRECTION('',(0.,1.,0.));
#864 = DIRECTION('',(-1.,0.,0.));
#865 = ADVANCED_FACE('',(#866),#893,.T.);
#866 = FACE_BOUND('',#867,.T.);
#867 = EDGE_LOOP('',(#868,#876,#882,#883,#889,#890,#891,#892));
#868 = ORIENTED_EDGE('',*,*,#869,.F.);
#869 = EDGE_CURVE('',#870,#823,#872,.T.);
#870 = VERTEX_POINT('',#871);
#871 = CARTESIAN_POINT('',(-0.965,0.625,0.5));
#872 = LINE('',#873,#874);
#873 = CARTESIAN_POINT('',(-1.,0.625,0.5));
#874 = VECTOR('',#875,1.);
#875 = DIRECTION('',(1.,0.,0.));
#876 = ORIENTED_EDGE('',*,*,#877,.F.);
#877 = EDGE_CURVE('',#426,#870,#878,.T.);
#878 = LINE('',#879,#880);
#879 = CARTESIAN_POINT('',(-0.965,-0.625,0.5));
#880 = VECTOR('',#881,1.);
#881 = DIRECTION('',(0.,1.,0.));
#882 = ORIENTED_EDGE('',*,*,#434,.T.);
#883 = ORIENTED_EDGE('',*,*,#884,.F.);
#884 = EDGE_CURVE('',#846,#435,#885,.T.);
#885 = LINE('',#886,#887);
#886 = CARTESIAN_POINT('',(-0.9125,-0.546875,0.5));
#887 = VECTOR('',#888,1.);
#888 = DIRECTION('',(0.,-1.,0.));
#889 = ORIENTED_EDGE('',*,*,#853,.F.);
#890 = ORIENTED_EDGE('',*,*,#350,.T.);
#891 = ORIENTED_EDGE('',*,*,#797,.F.);
#892 = ORIENTED_EDGE('',*,*,#822,.F.);
#893 = PLANE('',#894);
#894 = AXIS2_PLACEMENT_3D('',#895,#896,#897);
#895 = CARTESIAN_POINT('',(-1.,-0.625,0.5));
#896 = DIRECTION('',(0.,0.,1.));
#897 = DIRECTION('',(1.,0.,-0.));
#898 = ADVANCED_FACE('',(#899),#905,.F.);
#899 = FACE_BOUND('',#900,.F.);
#900 = EDGE_LOOP('',(#901,#902,#903,#904));
#901 = ORIENTED_EDGE('',*,*,#884,.F.);
#902 = ORIENTED_EDGE('',*,*,#845,.T.);
#903 = ORIENTED_EDGE('',*,*,#374,.F.);
#904 = ORIENTED_EDGE('',*,*,#442,.T.);
#905 = PLANE('',#906);
#906 = AXIS2_PLACEMENT_3D('',#907,#908,#909);
#907 = CARTESIAN_POINT('',(-0.9125,-0.46875,0.75));
#908 = DIRECTION('',(-1.,0.,0.));
#909 = DIRECTION('',(0.,-1.,0.));
#910 = ADVANCED_FACE('',(#911),#968,.F.);
#911 = FACE_BOUND('',#912,.F.);
#912 = EDGE_LOOP('',(#913,#923,#929,#930,#938,#946,#954,#962));
#913 = ORIENTED_EDGE('',*,*,#914,.F.);
#914 = EDGE_CURVE('',#915,#917,#919,.T.);
#915 = VERTEX_POINT('',#916);
#916 = CARTESIAN_POINT('',(-0.965,0.625,-6.938893903907E-18));
#917 = VERTEX_POINT('',#918);
#918 = CARTESIAN_POINT('',(-0.9125,0.625,0.));
#919 = LINE('',#920,#921);
#920 = CARTESIAN_POINT('',(-1.,0.625,0.));
#921 = VECTOR('',#922,1.);
#922 = DIRECTION('',(1.,0.,0.));
#923 = ORIENTED_EDGE('',*,*,#924,.F.);
#924 = EDGE_CURVE('',#399,#915,#925,.T.);
#925 = LINE('',#926,#927);
#926 = CARTESIAN_POINT('',(-0.965,-0.625,-6.938893903907E-18));
#927 = VECTOR('',#928,1.);
#928 = DIRECTION('',(0.,1.,0.));
#929 = ORIENTED_EDGE('',*,*,#398,.T.);
#930 = ORIENTED_EDGE('',*,*,#931,.F.);
#931 = EDGE_CURVE('',#932,#401,#934,.T.);
#932 = VERTEX_POINT('',#933);
#933 = CARTESIAN_POINT('',(-0.9125,-0.46875,0.));
#934 = LINE('',#935,#936);
#935 = CARTESIAN_POINT('',(-0.9125,-0.546875,0.));
#936 = VECTOR('',#937,1.);
#937 = DIRECTION('',(0.,-1.,0.));
#938 = ORIENTED_EDGE('',*,*,#939,.F.);
#939 = EDGE_CURVE('',#940,#932,#942,.T.);
#940 = VERTEX_POINT('',#941);
#941 = CARTESIAN_POINT('',(-0.685,-0.46875,-6.938893903907E-18));
#942 = LINE('',#943,#944);
#943 = CARTESIAN_POINT('',(-4.375E-02,-0.46875,0.));
#944 = VECTOR('',#945,1.);
#945 = DIRECTION('',(-1.,0.,0.));
#946 = ORIENTED_EDGE('',*,*,#947,.T.);
#947 = EDGE_CURVE('',#940,#948,#950,.T.);
#948 = VERTEX_POINT('',#949);
#949 = CARTESIAN_POINT('',(-0.685,0.46875,-6.938893903907E-18));
#950 = LINE('',#951,#952);
#951 = CARTESIAN_POINT('',(-0.685,-0.625,-6.938893903907E-18));
#952 = VECTOR('',#953,1.);
#953 = DIRECTION('',(0.,1.,0.));
#954 = ORIENTED_EDGE('',*,*,#955,.F.);
#955 = EDGE_CURVE('',#956,#948,#958,.T.);
#956 = VERTEX_POINT('',#957);
#957 = CARTESIAN_POINT('',(-0.9125,0.46875,0.));
#958 = LINE('',#959,#960);
#959 = CARTESIAN_POINT('',(-0.95625,0.46875,0.));
#960 = VECTOR('',#961,1.);
#961 = DIRECTION('',(1.,0.,0.));
#962 = ORIENTED_EDGE('',*,*,#963,.F.);
#963 = EDGE_CURVE('',#917,#956,#964,.T.);
#964 = LINE('',#965,#966);
#965 = CARTESIAN_POINT('',(-0.9125,7.8125E-02,0.));
#966 = VECTOR('',#967,1.);
#967 = DIRECTION('',(0.,-1.,0.));
#968 = PLANE('',#969);
#969 = AXIS2_PLACEMENT_3D('',#970,#971,#972);
#970 = CARTESIAN_POINT('',(-1.,-0.625,0.));
#971 = DIRECTION('',(0.,0.,1.));
#972 = DIRECTION('',(1.,0.,-0.));
#973 = ADVANCED_FACE('',(#974),#993,.T.);
#974 = FACE_BOUND('',#975,.T.);
#975 = EDGE_LOOP('',(#976,#984,#991,#992));
#976 = ORIENTED_EDGE('',*,*,#977,.T.);
#977 = EDGE_CURVE('',#409,#978,#980,.T.);
#978 = VERTEX_POINT('',#979);
#979 = CARTESIAN_POINT('',(-1.,0.625,3.5E-02));
#980 = LINE('',#981,#982);
#981 = CARTESIAN_POINT('',(-1.,-0.625,3.5E-02));
#982 = VECTOR('',#983,1.);
#983 = DIRECTION('',(0.,1.,0.));
#984 = ORIENTED_EDGE('',*,*,#985,.T.);
#985 = EDGE_CURVE('',#978,#915,#986,.T.);
#986 = CIRCLE('',#987,3.5E-02);
#987 = AXIS2_PLACEMENT_3D('',#988,#989,#990);
#988 = CARTESIAN_POINT('',(-0.965,0.625,3.5E-02));
#989 = DIRECTION('',(0.,-1.,0.));
#990 = DIRECTION('',(0.,0.,1.));
#991 = ORIENTED_EDGE('',*,*,#924,.F.);
#992 = ORIENTED_EDGE('',*,*,#408,.F.);
#993 = CYLINDRICAL_SURFACE('',#994,3.5E-02);
#994 = AXIS2_PLACEMENT_3D('',#995,#996,#997);
#995 = CARTESIAN_POINT('',(-0.965,-0.625,3.5E-02));
#996 = DIRECTION('',(0.,1.,0.));
#997 = DIRECTION('',(-1.,0.,0.));
#998 = ADVANCED_FACE('',(#999),#1010,.F.);
#999 = FACE_BOUND('',#1000,.F.);
#1000 = EDGE_LOOP('',(#1001,#1002,#1008,#1009));
#1001 = ORIENTED_EDGE('',*,*,#465,.T.);
#1002 = ORIENTED_EDGE('',*,*,#1003,.T.);
#1003 = EDGE_CURVE('',#466,#932,#1004,.T.);
#1004 = LINE('',#1005,#1006);
#1005 = CARTESIAN_POINT('',(-0.9125,-0.46875,0.75));
#1006 = VECTOR('',#1007,1.);
#1007 = DIRECTION('',(-0.,-0.,-1.));
#1008 = ORIENTED_EDGE('',*,*,#931,.T.);
#1009 = ORIENTED_EDGE('',*,*,#451,.T.);
#1010 = PLANE('',#1011);
#1011 = AXIS2_PLACEMENT_3D('',#1012,#1013,#1014);
#1012 = CARTESIAN_POINT('',(-0.9125,-0.46875,0.75));
#1013 = DIRECTION('',(-1.,0.,0.));
#1014 = DIRECTION('',(0.,-1.,0.));
#1015 = ADVANCED_FACE('',(#1016),#1034,.F.);
#1016 = FACE_BOUND('',#1017,.F.);
#1017 = EDGE_LOOP('',(#1018,#1019,#1020,#1028));
#1018 = ORIENTED_EDGE('',*,*,#417,.F.);
#1019 = ORIENTED_EDGE('',*,*,#977,.T.);
#1020 = ORIENTED_EDGE('',*,*,#1021,.T.);
#1021 = EDGE_CURVE('',#978,#1022,#1024,.T.);
#1022 = VERTEX_POINT('',#1023);
#1023 = CARTESIAN_POINT('',(-1.,0.625,0.465));
#1024 = LINE('',#1025,#1026);
#1025 = CARTESIAN_POINT('',(-1.,0.625,0.));
#1026 = VECTOR('',#1027,1.);
#1027 = DIRECTION('',(0.,0.,1.));
#1028 = ORIENTED_EDGE('',*,*,#1029,.F.);
#1029 = EDGE_CURVE('',#418,#1022,#1030,.T.);
#1030 = LINE('',#1031,#1032);
#1031 = CARTESIAN_POINT('',(-1.,-0.625,0.465));
#1032 = VECTOR('',#1033,1.);
#1033 = DIRECTION('',(0.,1.,0.));
#1034 = PLANE('',#1035);
#1035 = AXIS2_PLACEMENT_3D('',#1036,#1037,#1038);
#1036 = CARTESIAN_POINT('',(-1.,-0.625,0.));
#1037 = DIRECTION('',(1.,0.,0.));
#1038 = DIRECTION('',(0.,0.,1.));
#1039 = ADVANCED_FACE('',(#1040),#1052,.T.);
#1040 = FACE_BOUND('',#1041,.T.);
#1041 = EDGE_LOOP('',(#1042,#1043,#1044,#1051));
#1042 = ORIENTED_EDGE('',*,*,#425,.T.);
#1043 = ORIENTED_EDGE('',*,*,#877,.T.);
#1044 = ORIENTED_EDGE('',*,*,#1045,.F.);
#1045 = EDGE_CURVE('',#1022,#870,#1046,.T.);
#1046 = CIRCLE('',#1047,3.5E-02);
#1047 = AXIS2_PLACEMENT_3D('',#1048,#1049,#1050);
#1048 = CARTESIAN_POINT('',(-0.965,0.625,0.465));
#1049 = DIRECTION('',(0.,1.,0.));
#1050 = DIRECTION('',(0.,-0.,1.));
#1051 = ORIENTED_EDGE('',*,*,#1029,.F.);
#1052 = CYLINDRICAL_SURFACE('',#1053,3.5E-02);
#1053 = AXIS2_PLACEMENT_3D('',#1054,#1055,#1056);
#1054 = CARTESIAN_POINT('',(-0.965,-0.625,0.465));
#1055 = DIRECTION('',(0.,1.,0.));
#1056 = DIRECTION('',(-1.,0.,0.));
#1057 = ADVANCED_FACE('',(#1058),#1070,.F.);
#1058 = FACE_BOUND('',#1059,.F.);
#1059 = EDGE_LOOP('',(#1060,#1061,#1062,#1069));
#1060 = ORIENTED_EDGE('',*,*,#1003,.F.);
#1061 = ORIENTED_EDGE('',*,*,#546,.T.);
#1062 = ORIENTED_EDGE('',*,*,#1063,.T.);
#1063 = EDGE_CURVE('',#539,#940,#1064,.T.);
#1064 = CIRCLE('',#1065,3.5E-02);
#1065 = AXIS2_PLACEMENT_3D('',#1066,#1067,#1068);
#1066 = CARTESIAN_POINT('',(-0.685,-0.46875,3.5E-02));
#1067 = DIRECTION('',(-0.,1.,0.));
#1068 = DIRECTION('',(1.,0.,0.));
#1069 = ORIENTED_EDGE('',*,*,#939,.T.);
#1070 = PLANE('',#1071);
#1071 = AXIS2_PLACEMENT_3D('',#1072,#1073,#1074);
#1072 = CARTESIAN_POINT('',(0.9125,-0.46875,0.75));
#1073 = DIRECTION('',(0.,1.,0.));
#1074 = DIRECTION('',(-1.,0.,0.));
#1075 = ADVANCED_FACE('',(#1076),#1088,.T.);
#1076 = FACE_BOUND('',#1077,.T.);
#1077 = EDGE_LOOP('',(#1078,#1079,#1080,#1081));
#1078 = ORIENTED_EDGE('',*,*,#538,.F.);
#1079 = ORIENTED_EDGE('',*,*,#1063,.T.);
#1080 = ORIENTED_EDGE('',*,*,#947,.T.);
#1081 = ORIENTED_EDGE('',*,*,#1082,.F.);
#1082 = EDGE_CURVE('',#531,#948,#1083,.T.);
#1083 = CIRCLE('',#1084,3.5E-02);
#1084 = AXIS2_PLACEMENT_3D('',#1085,#1086,#1087);
#1085 = CARTESIAN_POINT('',(-0.685,0.46875,3.5E-02));
#1086 = DIRECTION('',(-0.,1.,0.));
#1087 = DIRECTION('',(1.,0.,0.));
#1088 = CYLINDRICAL_SURFACE('',#1089,3.5E-02);
#1089 = AXIS2_PLACEMENT_3D('',#1090,#1091,#1092);
#1090 = CARTESIAN_POINT('',(-0.685,-0.625,3.5E-02));
#1091 = DIRECTION('',(0.,1.,0.));
#1092 = DIRECTION('',(1.,0.,0.));
#1093 = ADVANCED_FACE('',(#1094),#1105,.F.);
#1094 = FACE_BOUND('',#1095,.F.);
#1095 = EDGE_LOOP('',(#1096,#1097,#1103,#1104));
#1096 = ORIENTED_EDGE('',*,*,#530,.T.);
#1097 = ORIENTED_EDGE('',*,*,#1098,.T.);
#1098 = EDGE_CURVE('',#523,#956,#1099,.T.);
#1099 = LINE('',#1100,#1101);
#1100 = CARTESIAN_POINT('',(-0.9125,0.46875,0.75));
#1101 = VECTOR('',#1102,1.);
#1102 = DIRECTION('',(-0.,-0.,-1.));
#1103 = ORIENTED_EDGE('',*,*,#955,.T.);
#1104 = ORIENTED_EDGE('',*,*,#1082,.F.);
#1105 = PLANE('',#1106);
#1106 = AXIS2_PLACEMENT_3D('',#1107,#1108,#1109);
#1107 = CARTESIAN_POINT('',(-0.9125,0.46875,0.75));
#1108 = DIRECTION('',(0.,-1.,0.));
#1109 = DIRECTION('',(1.,0.,0.));
#1110 = ADVANCED_FACE('',(#1111),#1122,.F.);
#1111 = FACE_BOUND('',#1112,.F.);
#1112 = EDGE_LOOP('',(#1113,#1114,#1115,#1121));
#1113 = ORIENTED_EDGE('',*,*,#1098,.F.);
#1114 = ORIENTED_EDGE('',*,*,#522,.T.);
#1115 = ORIENTED_EDGE('',*,*,#1116,.F.);
#1116 = EDGE_CURVE('',#917,#515,#1117,.T.);
#1117 = LINE('',#1118,#1119);
#1118 = CARTESIAN_POINT('',(-0.9125,0.625,0.375));
#1119 = VECTOR('',#1120,1.);
#1120 = DIRECTION('',(0.,0.,1.));
#1121 = ORIENTED_EDGE('',*,*,#963,.T.);
#1122 = PLANE('',#1123);
#1123 = AXIS2_PLACEMENT_3D('',#1124,#1125,#1126);
#1124 = CARTESIAN_POINT('',(-0.9125,0.78125,0.75));
#1125 = DIRECTION('',(-1.,0.,0.));
#1126 = DIRECTION('',(0.,-1.,0.));
#1127 = ADVANCED_FACE('',(#1128),#1153,.F.);
#1128 = FACE_BOUND('',#1129,.F.);
#1129 = EDGE_LOOP('',(#1130,#1131,#1139,#1147));
#1130 = ORIENTED_EDGE('',*,*,#506,.T.);
#1131 = ORIENTED_EDGE('',*,*,#1132,.T.);
#1132 = EDGE_CURVE('',#499,#1133,#1135,.T.);
#1133 = VERTEX_POINT('',#1134);
#1134 = CARTESIAN_POINT('',(0.9125,0.46875,0.));
#1135 = LINE('',#1136,#1137);
#1136 = CARTESIAN_POINT('',(0.9125,0.46875,0.75));
#1137 = VECTOR('',#1138,1.);
#1138 = DIRECTION('',(-0.,-0.,-1.));
#1139 = ORIENTED_EDGE('',*,*,#1140,.T.);
#1140 = EDGE_CURVE('',#1133,#1141,#1143,.T.);
#1141 = VERTEX_POINT('',#1142);
#1142 = CARTESIAN_POINT('',(0.9125,0.625,0.));
#1143 = LINE('',#1144,#1145);
#1144 = CARTESIAN_POINT('',(0.9125,-7.8125E-02,0.));
#1145 = VECTOR('',#1146,1.);
#1146 = DIRECTION('',(0.,1.,0.));
#1147 = ORIENTED_EDGE('',*,*,#1148,.F.);
#1148 = EDGE_CURVE('',#507,#1141,#1149,.T.);
#1149 = LINE('',#1150,#1151);
#1150 = CARTESIAN_POINT('',(0.9125,0.625,0.375));
#1151 = VECTOR('',#1152,1.);
#1152 = DIRECTION('',(0.,0.,-1.));
#1153 = PLANE('',#1154);
#1154 = AXIS2_PLACEMENT_3D('',#1155,#1156,#1157);
#1155 = CARTESIAN_POINT('',(0.9125,0.46875,0.75));
#1156 = DIRECTION('',(1.,0.,0.));
#1157 = DIRECTION('',(-0.,1.,0.));
#1158 = ADVANCED_FACE('',(#1159),#1178,.F.);
#1159 = FACE_BOUND('',#1160,.F.);
#1160 = EDGE_LOOP('',(#1161,#1162,#1163,#1172));
#1161 = ORIENTED_EDGE('',*,*,#1132,.F.);
#1162 = ORIENTED_EDGE('',*,*,#498,.T.);
#1163 = ORIENTED_EDGE('',*,*,#1164,.F.);
#1164 = EDGE_CURVE('',#1165,#491,#1167,.T.);
#1165 = VERTEX_POINT('',#1166);
#1166 = CARTESIAN_POINT('',(0.685,0.46875,-6.938893903907E-18));
#1167 = CIRCLE('',#1168,3.5E-02);
#1168 = AXIS2_PLACEMENT_3D('',#1169,#1170,#1171);
#1169 = CARTESIAN_POINT('',(0.685,0.46875,3.5E-02));
#1170 = DIRECTION('',(0.,1.,-0.));
#1171 = DIRECTION('',(-1.,0.,0.));
#1172 = ORIENTED_EDGE('',*,*,#1173,.T.);
#1173 = EDGE_CURVE('',#1165,#1133,#1174,.T.);
#1174 = LINE('',#1175,#1176);
#1175 = CARTESIAN_POINT('',(-0.13125,0.46875,0.));
#1176 = VECTOR('',#1177,1.);
#1177 = DIRECTION('',(1.,0.,0.));
#1178 = PLANE('',#1179);
#1179 = AXIS2_PLACEMENT_3D('',#1180,#1181,#1182);
#1180 = CARTESIAN_POINT('',(-0.9125,0.46875,0.75));
#1181 = DIRECTION('',(0.,-1.,0.));
#1182 = DIRECTION('',(1.,0.,0.));
#1183 = ADVANCED_FACE('',(#1184),#1203,.T.);
#1184 = FACE_BOUND('',#1185,.T.);
#1185 = EDGE_LOOP('',(#1186,#1187,#1195,#1202));
#1186 = ORIENTED_EDGE('',*,*,#1164,.F.);
#1187 = ORIENTED_EDGE('',*,*,#1188,.F.);
#1188 = EDGE_CURVE('',#1189,#1165,#1191,.T.);
#1189 = VERTEX_POINT('',#1190);
#1190 = CARTESIAN_POINT('',(0.685,-0.46875,-6.938893903907E-18));
#1191 = LINE('',#1192,#1193);
#1192 = CARTESIAN_POINT('',(0.685,-0.625,-6.938893903907E-18));
#1193 = VECTOR('',#1194,1.);
#1194 = DIRECTION('',(0.,1.,0.));
#1195 = ORIENTED_EDGE('',*,*,#1196,.T.);
#1196 = EDGE_CURVE('',#1189,#483,#1197,.T.);
#1197 = CIRCLE('',#1198,3.5E-02);
#1198 = AXIS2_PLACEMENT_3D('',#1199,#1200,#1201);
#1199 = CARTESIAN_POINT('',(0.685,-0.46875,3.5E-02));
#1200 = DIRECTION('',(0.,1.,-0.));
#1201 = DIRECTION('',(-1.,0.,0.));
#1202 = ORIENTED_EDGE('',*,*,#490,.T.);
#1203 = CYLINDRICAL_SURFACE('',#1204,3.5E-02);
#1204 = AXIS2_PLACEMENT_3D('',#1205,#1206,#1207);
#1205 = CARTESIAN_POINT('',(0.685,-0.625,3.5E-02));
#1206 = DIRECTION('',(0.,1.,0.));
#1207 = DIRECTION('',(-1.,0.,0.));
#1208 = ADVANCED_FACE('',(#1209),#1227,.F.);
#1209 = FACE_BOUND('',#1210,.F.);
#1210 = EDGE_LOOP('',(#1211,#1212,#1220,#1226));
#1211 = ORIENTED_EDGE('',*,*,#482,.T.);
#1212 = ORIENTED_EDGE('',*,*,#1213,.T.);
#1213 = EDGE_CURVE('',#475,#1214,#1216,.T.);
#1214 = VERTEX_POINT('',#1215);
#1215 = CARTESIAN_POINT('',(0.9125,-0.46875,0.));
#1216 = LINE('',#1217,#1218);
#1217 = CARTESIAN_POINT('',(0.9125,-0.46875,0.75));
#1218 = VECTOR('',#1219,1.);
#1219 = DIRECTION('',(-0.,-0.,-1.));
#1220 = ORIENTED_EDGE('',*,*,#1221,.T.);
#1221 = EDGE_CURVE('',#1214,#1189,#1222,.T.);
#1222 = LINE('',#1223,#1224);
#1223 = CARTESIAN_POINT('',(0.78125,-0.46875,0.));
#1224 = VECTOR('',#1225,1.);
#1225 = DIRECTION('',(-1.,0.,0.));
#1226 = ORIENTED_EDGE('',*,*,#1196,.T.);
#1227 = PLANE('',#1228);
#1228 = AXIS2_PLACEMENT_3D('',#1229,#1230,#1231);
#1229 = CARTESIAN_POINT('',(0.9125,-0.46875,0.75));
#1230 = DIRECTION('',(0.,1.,0.));
#1231 = DIRECTION('',(-1.,0.,0.));
#1232 = ADVANCED_FACE('',(#1233),#1244,.F.);
#1233 = FACE_BOUND('',#1234,.F.);
#1234 = EDGE_LOOP('',(#1235,#1236,#1237,#1238));
#1235 = ORIENTED_EDGE('',*,*,#1213,.F.);
#1236 = ORIENTED_EDGE('',*,*,#474,.T.);
#1237 = ORIENTED_EDGE('',*,*,#596,.T.);
#1238 = ORIENTED_EDGE('',*,*,#1239,.T.);
#1239 = EDGE_CURVE('',#587,#1214,#1240,.T.);
#1240 = LINE('',#1241,#1242);
#1241 = CARTESIAN_POINT('',(0.9125,-0.703125,0.));
#1242 = VECTOR('',#1243,1.);
#1243 = DIRECTION('',(0.,1.,0.));
#1244 = PLANE('',#1245);
#1245 = AXIS2_PLACEMENT_3D('',#1246,#1247,#1248);
#1246 = CARTESIAN_POINT('',(0.9125,-0.78125,0.75));
#1247 = DIRECTION('',(1.,0.,0.));
#1248 = DIRECTION('',(-0.,1.,0.));
#1249 = ADVANCED_FACE('',(#1250),#1275,.T.);
#1250 = FACE_BOUND('',#1251,.T.);
#1251 = EDGE_LOOP('',(#1252,#1260,#1261,#1269));
#1252 = ORIENTED_EDGE('',*,*,#1253,.T.);
#1253 = EDGE_CURVE('',#1254,#555,#1256,.T.);
#1254 = VERTEX_POINT('',#1255);
#1255 = CARTESIAN_POINT('',(0.433012701892,0.5,1.75E-02));
#1256 = LINE('',#1257,#1258);
#1257 = CARTESIAN_POINT('',(0.433012701892,0.5,1.75E-02));
#1258 = VECTOR('',#1259,1.);
#1259 = DIRECTION('',(0.,0.,1.));
#1260 = ORIENTED_EDGE('',*,*,#554,.T.);
#1261 = ORIENTED_EDGE('',*,*,#1262,.F.);
#1262 = EDGE_CURVE('',#1263,#557,#1265,.T.);
#1263 = VERTEX_POINT('',#1264);
#1264 = CARTESIAN_POINT('',(0.433012701892,-0.5,1.75E-02));
#1265 = LINE('',#1266,#1267);
#1266 = CARTESIAN_POINT('',(0.433012701892,-0.5,1.75E-02));
#1267 = VECTOR('',#1268,1.);
#1268 = DIRECTION('',(0.,0.,1.));
#1269 = ORIENTED_EDGE('',*,*,#1270,.F.);
#1270 = EDGE_CURVE('',#1254,#1263,#1271,.T.);
#1271 = LINE('',#1272,#1273);
#1272 = CARTESIAN_POINT('',(0.433012701892,0.5,1.75E-02));
#1273 = VECTOR('',#1274,1.);
#1274 = DIRECTION('',(0.,-1.,0.));
#1275 = PLANE('',#1276);
#1276 = AXIS2_PLACEMENT_3D('',#1277,#1278,#1279);
#1277 = CARTESIAN_POINT('',(0.433012701892,0.5,1.75E-02));
#1278 = DIRECTION('',(1.,0.,0.));
#1279 = DIRECTION('',(0.,-1.,0.));
#1280 = ADVANCED_FACE('',(#1281),#1299,.T.);
#1281 = FACE_BOUND('',#1282,.T.);
#1282 = EDGE_LOOP('',(#1283,#1291,#1292,#1293));
#1283 = ORIENTED_EDGE('',*,*,#1284,.T.);
#1284 = EDGE_CURVE('',#1285,#565,#1287,.T.);
#1285 = VERTEX_POINT('',#1286);
#1286 = CARTESIAN_POINT('',(-0.433012701892,0.,1.75E-02));
#1287 = LINE('',#1288,#1289);
#1288 = CARTESIAN_POINT('',(-0.433012701892,0.,1.75E-02));
#1289 = VECTOR('',#1290,1.);
#1290 = DIRECTION('',(0.,0.,1.));
#1291 = ORIENTED_EDGE('',*,*,#572,.T.);
#1292 = ORIENTED_EDGE('',*,*,#1253,.F.);
#1293 = ORIENTED_EDGE('',*,*,#1294,.F.);
#1294 = EDGE_CURVE('',#1285,#1254,#1295,.T.);
#1295 = LINE('',#1296,#1297);
#1296 = CARTESIAN_POINT('',(-0.433012701892,0.,1.75E-02));
#1297 = VECTOR('',#1298,1.);
#1298 = DIRECTION('',(0.866025403784,0.5,0.));
#1299 = PLANE('',#1300);
#1300 = AXIS2_PLACEMENT_3D('',#1301,#1302,#1303);
#1301 = CARTESIAN_POINT('',(-0.433012701892,0.,1.75E-02));
#1302 = DIRECTION('',(-0.5,0.866025403784,0.));
#1303 = DIRECTION('',(0.866025403784,0.5,0.));
#1304 = ADVANCED_FACE('',(#1305),#1316,.T.);
#1305 = FACE_BOUND('',#1306,.T.);
#1306 = EDGE_LOOP('',(#1307,#1308,#1309,#1310));
#1307 = ORIENTED_EDGE('',*,*,#1262,.T.);
#1308 = ORIENTED_EDGE('',*,*,#564,.T.);
#1309 = ORIENTED_EDGE('',*,*,#1284,.F.);
#1310 = ORIENTED_EDGE('',*,*,#1311,.F.);
#1311 = EDGE_CURVE('',#1263,#1285,#1312,.T.);
#1312 = LINE('',#1313,#1314);
#1313 = CARTESIAN_POINT('',(0.433012701892,-0.5,1.75E-02));
#1314 = VECTOR('',#1315,1.);
#1315 = DIRECTION('',(-0.866025403784,0.5,0.));
#1316 = PLANE('',#1317);
#1317 = AXIS2_PLACEMENT_3D('',#1318,#1319,#1320);
#1318 = CARTESIAN_POINT('',(0.433012701892,-0.5,1.75E-02));
#1319 = DIRECTION('',(-0.5,-0.866025403784,0.));
#1320 = DIRECTION('',(-0.866025403784,0.5,0.));
#1321 = ADVANCED_FACE('',(#1322),#1344,.F.);
#1322 = FACE_BOUND('',#1323,.F.);
#1323 = EDGE_LOOP('',(#1324,#1332,#1333,#1334,#1335,#1336,#1337,#1338));
#1324 = ORIENTED_EDGE('',*,*,#1325,.F.);
#1325 = EDGE_CURVE('',#1141,#1326,#1328,.T.);
#1326 = VERTEX_POINT('',#1327);
#1327 = CARTESIAN_POINT('',(0.965,0.625,-6.938893903907E-18));
#1328 = LINE('',#1329,#1330);
#1329 = CARTESIAN_POINT('',(0.65,0.625,0.));
#1330 = VECTOR('',#1331,1.);
#1331 = DIRECTION('',(1.,0.,0.));
#1332 = ORIENTED_EDGE('',*,*,#1140,.F.);
#1333 = ORIENTED_EDGE('',*,*,#1173,.F.);
#1334 = ORIENTED_EDGE('',*,*,#1188,.F.);
#1335 = ORIENTED_EDGE('',*,*,#1221,.F.);
#1336 = ORIENTED_EDGE('',*,*,#1239,.F.);
#1337 = ORIENTED_EDGE('',*,*,#586,.T.);
#1338 = ORIENTED_EDGE('',*,*,#1339,.T.);
#1339 = EDGE_CURVE('',#589,#1326,#1340,.T.);
#1340 = LINE('',#1341,#1342);
#1341 = CARTESIAN_POINT('',(0.965,-0.625,-6.938893903907E-18));
#1342 = VECTOR('',#1343,1.);
#1343 = DIRECTION('',(0.,1.,0.));
#1344 = PLANE('',#1345);
#1345 = AXIS2_PLACEMENT_3D('',#1346,#1347,#1348);
#1346 = CARTESIAN_POINT('',(0.65,-0.625,0.));
#1347 = DIRECTION('',(0.,0.,1.));
#1348 = DIRECTION('',(1.,0.,-0.));
#1349 = ADVANCED_FACE('',(#1350),#1369,.T.);
#1350 = FACE_BOUND('',#1351,.T.);
#1351 = EDGE_LOOP('',(#1352,#1353,#1354,#1363));
#1352 = ORIENTED_EDGE('',*,*,#638,.T.);
#1353 = ORIENTED_EDGE('',*,*,#1339,.T.);
#1354 = ORIENTED_EDGE('',*,*,#1355,.F.);
#1355 = EDGE_CURVE('',#1356,#1326,#1358,.T.);
#1356 = VERTEX_POINT('',#1357);
#1357 = CARTESIAN_POINT('',(1.,0.625,3.5E-02));
#1358 = CIRCLE('',#1359,3.5E-02);
#1359 = AXIS2_PLACEMENT_3D('',#1360,#1361,#1362);
#1360 = CARTESIAN_POINT('',(0.965,0.625,3.5E-02));
#1361 = DIRECTION('',(0.,1.,0.));
#1362 = DIRECTION('',(0.,-0.,1.));
#1363 = ORIENTED_EDGE('',*,*,#1364,.F.);
#1364 = EDGE_CURVE('',#631,#1356,#1365,.T.);
#1365 = LINE('',#1366,#1367);
#1366 = CARTESIAN_POINT('',(1.,-0.625,3.5E-02));
#1367 = VECTOR('',#1368,1.);
#1368 = DIRECTION('',(0.,1.,0.));
#1369 = CYLINDRICAL_SURFACE('',#1370,3.5E-02);
#1370 = AXIS2_PLACEMENT_3D('',#1371,#1372,#1373);
#1371 = CARTESIAN_POINT('',(0.965,-0.625,3.5E-02));
#1372 = DIRECTION('',(0.,1.,0.));
#1373 = DIRECTION('',(1.,0.,0.));
#1374 = ADVANCED_FACE('',(#1375),#1393,.T.);
#1375 = FACE_BOUND('',#1376,.T.);
#1376 = EDGE_LOOP('',(#1377,#1378,#1379,#1387));
#1377 = ORIENTED_EDGE('',*,*,#630,.F.);
#1378 = ORIENTED_EDGE('',*,*,#1364,.T.);
#1379 = ORIENTED_EDGE('',*,*,#1380,.T.);
#1380 = EDGE_CURVE('',#1356,#1381,#1383,.T.);
#1381 = VERTEX_POINT('',#1382);
#1382 = CARTESIAN_POINT('',(1.,0.625,0.465));
#1383 = LINE('',#1384,#1385);
#1384 = CARTESIAN_POINT('',(1.,0.625,0.));
#1385 = VECTOR('',#1386,1.);
#1386 = DIRECTION('',(0.,0.,1.));
#1387 = ORIENTED_EDGE('',*,*,#1388,.F.);
#1388 = EDGE_CURVE('',#622,#1381,#1389,.T.);
#1389 = LINE('',#1390,#1391);
#1390 = CARTESIAN_POINT('',(1.,-0.625,0.465));
#1391 = VECTOR('',#1392,1.);
#1392 = DIRECTION('',(0.,1.,0.));
#1393 = PLANE('',#1394);
#1394 = AXIS2_PLACEMENT_3D('',#1395,#1396,#1397);
#1395 = CARTESIAN_POINT('',(1.,-0.625,0.));
#1396 = DIRECTION('',(1.,0.,0.));
#1397 = DIRECTION('',(0.,0.,1.));
#1398 = ADVANCED_FACE('',(#1399),#1418,.T.);
#1399 = FACE_BOUND('',#1400,.T.);
#1400 = EDGE_LOOP('',(#1401,#1402,#1411,#1417));
#1401 = ORIENTED_EDGE('',*,*,#1388,.T.);
#1402 = ORIENTED_EDGE('',*,*,#1403,.T.);
#1403 = EDGE_CURVE('',#1381,#1404,#1406,.T.);
#1404 = VERTEX_POINT('',#1405);
#1405 = CARTESIAN_POINT('',(0.965,0.625,0.5));
#1406 = CIRCLE('',#1407,3.5E-02);
#1407 = AXIS2_PLACEMENT_3D('',#1408,#1409,#1410);
#1408 = CARTESIAN_POINT('',(0.965,0.625,0.465));
#1409 = DIRECTION('',(0.,-1.,0.));
#1410 = DIRECTION('',(0.,0.,1.));
#1411 = ORIENTED_EDGE('',*,*,#1412,.F.);
#1412 = EDGE_CURVE('',#614,#1404,#1413,.T.);
#1413 = LINE('',#1414,#1415);
#1414 = CARTESIAN_POINT('',(0.965,-0.625,0.5));
#1415 = VECTOR('',#1416,1.);
#1416 = DIRECTION('',(0.,1.,0.));
#1417 = ORIENTED_EDGE('',*,*,#621,.F.);
#1418 = CYLINDRICAL_SURFACE('',#1419,3.5E-02);
#1419 = AXIS2_PLACEMENT_3D('',#1420,#1421,#1422);
#1420 = CARTESIAN_POINT('',(0.965,-0.625,0.465));
#1421 = DIRECTION('',(0.,1.,0.));
#1422 = DIRECTION('',(1.,0.,0.));
#1423 = ADVANCED_FACE('',(#1424),#1465,.T.);
#1424 = FACE_BOUND('',#1425,.T.);
#1425 = EDGE_LOOP('',(#1426,#1434,#1442,#1448,#1449,#1457,#1463,#1464));
#1426 = ORIENTED_EDGE('',*,*,#1427,.F.);
#1427 = EDGE_CURVE('',#1428,#1404,#1430,.T.);
#1428 = VERTEX_POINT('',#1429);
#1429 = CARTESIAN_POINT('',(0.9125,0.625,0.5));
#1430 = LINE('',#1431,#1432);
#1431 = CARTESIAN_POINT('',(0.65,0.625,0.5));
#1432 = VECTOR('',#1433,1.);
#1433 = DIRECTION('',(1.,0.,0.));
#1434 = ORIENTED_EDGE('',*,*,#1435,.F.);
#1435 = EDGE_CURVE('',#1436,#1428,#1438,.T.);
#1436 = VERTEX_POINT('',#1437);
#1437 = CARTESIAN_POINT('',(0.9125,0.46875,0.5));
#1438 = LINE('',#1439,#1440);
#1439 = CARTESIAN_POINT('',(0.9125,-7.8125E-02,0.5));
#1440 = VECTOR('',#1441,1.);
#1441 = DIRECTION('',(0.,1.,0.));
#1442 = ORIENTED_EDGE('',*,*,#1443,.F.);
#1443 = EDGE_CURVE('',#719,#1436,#1444,.T.);
#1444 = LINE('',#1445,#1446);
#1445 = CARTESIAN_POINT('',(-0.13125,0.46875,0.5));
#1446 = VECTOR('',#1447,1.);
#1447 = DIRECTION('',(1.,0.,0.));
#1448 = ORIENTED_EDGE('',*,*,#718,.F.);
#1449 = ORIENTED_EDGE('',*,*,#1450,.F.);
#1450 = EDGE_CURVE('',#1451,#710,#1453,.T.);
#1451 = VERTEX_POINT('',#1452);
#1452 = CARTESIAN_POINT('',(0.9125,-0.46875,0.5));
#1453 = LINE('',#1454,#1455);
#1454 = CARTESIAN_POINT('',(0.78125,-0.46875,0.5));
#1455 = VECTOR('',#1456,1.);
#1456 = DIRECTION('',(-1.,0.,0.));
#1457 = ORIENTED_EDGE('',*,*,#1458,.F.);
#1458 = EDGE_CURVE('',#606,#1451,#1459,.T.);
#1459 = LINE('',#1460,#1461);
#1460 = CARTESIAN_POINT('',(0.9125,-0.703125,0.5));
#1461 = VECTOR('',#1462,1.);
#1462 = DIRECTION('',(0.,1.,0.));
#1463 = ORIENTED_EDGE('',*,*,#613,.T.);
#1464 = ORIENTED_EDGE('',*,*,#1412,.T.);
#1465 = PLANE('',#1466);
#1466 = AXIS2_PLACEMENT_3D('',#1467,#1468,#1469);
#1467 = CARTESIAN_POINT('',(0.65,-0.625,0.5));
#1468 = DIRECTION('',(0.,0.,1.));
#1469 = DIRECTION('',(1.,0.,-0.));
#1470 = ADVANCED_FACE('',(#1471),#1482,.F.);
#1471 = FACE_BOUND('',#1472,.F.);
#1472 = EDGE_LOOP('',(#1473,#1479,#1480,#1481));
#1473 = ORIENTED_EDGE('',*,*,#1474,.F.);
#1474 = EDGE_CURVE('',#1451,#654,#1475,.T.);
#1475 = LINE('',#1476,#1477);
#1476 = CARTESIAN_POINT('',(0.9125,-0.46875,0.75));
#1477 = VECTOR('',#1478,1.);
#1478 = DIRECTION('',(-0.,-0.,-1.));
#1479 = ORIENTED_EDGE('',*,*,#1458,.F.);
#1480 = ORIENTED_EDGE('',*,*,#605,.T.);
#1481 = ORIENTED_EDGE('',*,*,#663,.F.);
#1482 = PLANE('',#1483);
#1483 = AXIS2_PLACEMENT_3D('',#1484,#1485,#1486);
#1484 = CARTESIAN_POINT('',(0.9125,-0.78125,0.75));
#1485 = DIRECTION('',(1.,0.,0.));
#1486 = DIRECTION('',(-0.,1.,0.));
#1487 = ADVANCED_FACE('',(#1488),#1494,.F.);
#1488 = FACE_BOUND('',#1489,.F.);
#1489 = EDGE_LOOP('',(#1490,#1491,#1492,#1493));
#1490 = ORIENTED_EDGE('',*,*,#1450,.F.);
#1491 = ORIENTED_EDGE('',*,*,#1474,.T.);
#1492 = ORIENTED_EDGE('',*,*,#653,.F.);
#1493 = ORIENTED_EDGE('',*,*,#709,.T.);
#1494 = PLANE('',#1495);
#1495 = AXIS2_PLACEMENT_3D('',#1496,#1497,#1498);
#1496 = CARTESIAN_POINT('',(0.9125,-0.46875,0.75));
#1497 = DIRECTION('',(0.,1.,0.));
#1498 = DIRECTION('',(-1.,0.,0.));
#1499 = ADVANCED_FACE('',(#1500),#1516,.F.);
#1500 = FACE_BOUND('',#1501,.F.);
#1501 = EDGE_LOOP('',(#1502,#1503,#1509,#1510));
#1502 = ORIENTED_EDGE('',*,*,#1435,.F.);
#1503 = ORIENTED_EDGE('',*,*,#1504,.T.);
#1504 = EDGE_CURVE('',#1436,#687,#1505,.T.);
#1505 = LINE('',#1506,#1507);
#1506 = CARTESIAN_POINT('',(0.9125,0.46875,0.75));
#1507 = VECTOR('',#1508,1.);
#1508 = DIRECTION('',(-0.,-0.,-1.));
#1509 = ORIENTED_EDGE('',*,*,#694,.F.);
#1510 = ORIENTED_EDGE('',*,*,#1511,.F.);
#1511 = EDGE_CURVE('',#1428,#678,#1512,.T.);
#1512 = LINE('',#1513,#1514);
#1513 = CARTESIAN_POINT('',(0.9125,0.625,0.375));
#1514 = VECTOR('',#1515,1.);
#1515 = DIRECTION('',(0.,0.,-1.));
#1516 = PLANE('',#1517);
#1517 = AXIS2_PLACEMENT_3D('',#1518,#1519,#1520);
#1518 = CARTESIAN_POINT('',(0.9125,0.46875,0.75));
#1519 = DIRECTION('',(1.,0.,0.));
#1520 = DIRECTION('',(-0.,1.,0.));
#1521 = ADVANCED_FACE('',(#1522),#1528,.F.);
#1522 = FACE_BOUND('',#1523,.F.);
#1523 = EDGE_LOOP('',(#1524,#1525,#1526,#1527));
#1524 = ORIENTED_EDGE('',*,*,#1504,.F.);
#1525 = ORIENTED_EDGE('',*,*,#1443,.F.);
#1526 = ORIENTED_EDGE('',*,*,#726,.F.);
#1527 = ORIENTED_EDGE('',*,*,#686,.F.);
#1528 = PLANE('',#1529);
#1529 = AXIS2_PLACEMENT_3D('',#1530,#1531,#1532);
#1530 = CARTESIAN_POINT('',(-0.9125,0.46875,0.75));
#1531 = DIRECTION('',(0.,-1.,0.));
#1532 = DIRECTION('',(1.,0.,0.));
#1533 = ADVANCED_FACE('',(#1534),#1546,.T.);
#1534 = FACE_BOUND('',#1535,.T.);
#1535 = EDGE_LOOP('',(#1536,#1537,#1538,#1539,#1540,#1541,#1542,#1543,
    #1544,#1545));
#1536 = ORIENTED_EDGE('',*,*,#914,.F.);
#1537 = ORIENTED_EDGE('',*,*,#985,.F.);
#1538 = ORIENTED_EDGE('',*,*,#1021,.T.);
#1539 = ORIENTED_EDGE('',*,*,#1045,.T.);
#1540 = ORIENTED_EDGE('',*,*,#869,.T.);
#1541 = ORIENTED_EDGE('',*,*,#830,.F.);
#1542 = ORIENTED_EDGE('',*,*,#757,.F.);
#1543 = ORIENTED_EDGE('',*,*,#749,.F.);
#1544 = ORIENTED_EDGE('',*,*,#741,.T.);
#1545 = ORIENTED_EDGE('',*,*,#1116,.F.);
#1546 = PLANE('',#1547);
#1547 = AXIS2_PLACEMENT_3D('',#1548,#1549,#1550);
#1548 = CARTESIAN_POINT('',(-1.,0.625,0.));
#1549 = DIRECTION('',(0.,1.,0.));
#1550 = DIRECTION('',(0.,-0.,1.));
#1551 = ADVANCED_FACE('',(#1552),#1564,.T.);
#1552 = FACE_BOUND('',#1553,.T.);
#1553 = EDGE_LOOP('',(#1554,#1555,#1556,#1557,#1558,#1559,#1560,#1561,
    #1562,#1563));
#1554 = ORIENTED_EDGE('',*,*,#1325,.F.);
#1555 = ORIENTED_EDGE('',*,*,#1148,.F.);
#1556 = ORIENTED_EDGE('',*,*,#782,.T.);
#1557 = ORIENTED_EDGE('',*,*,#774,.T.);
#1558 = ORIENTED_EDGE('',*,*,#766,.F.);
#1559 = ORIENTED_EDGE('',*,*,#1511,.F.);
#1560 = ORIENTED_EDGE('',*,*,#1427,.T.);
#1561 = ORIENTED_EDGE('',*,*,#1403,.F.);
#1562 = ORIENTED_EDGE('',*,*,#1380,.F.);
#1563 = ORIENTED_EDGE('',*,*,#1355,.T.);
#1564 = PLANE('',#1565);
#1565 = AXIS2_PLACEMENT_3D('',#1566,#1567,#1568);
#1566 = CARTESIAN_POINT('',(0.65,0.625,0.));
#1567 = DIRECTION('',(0.,1.,0.));
#1568 = DIRECTION('',(0.,-0.,1.));
#1569 = ADVANCED_FACE('',(#1570),#1575,.T.);
#1570 = FACE_BOUND('',#1571,.T.);
#1571 = EDGE_LOOP('',(#1572,#1573,#1574));
#1572 = ORIENTED_EDGE('',*,*,#1294,.T.);
#1573 = ORIENTED_EDGE('',*,*,#1270,.T.);
#1574 = ORIENTED_EDGE('',*,*,#1311,.T.);
#1575 = PLANE('',#1576);
#1576 = AXIS2_PLACEMENT_3D('',#1577,#1578,#1579);
#1577 = CARTESIAN_POINT('',(0.144337567297,9.251858538543E-18,1.75E-02)
  );
#1578 = DIRECTION('',(-0.,-0.,-1.));
#1579 = DIRECTION('',(-1.,0.,0.));
#1580 = ( GEOMETRIC_REPRESENTATION_CONTEXT(3) 
GLOBAL_UNCERTAINTY_ASSIGNED_CONTEXT((#1584)) 
GLOBAL_UNIT_ASSIGNED_CONTEXT((#1581,#1582,#1583)) REPRESENTATION_CONTEXT
('Context #1','3D Context with UNIT and UNCERTAINTY') );
#1581 = ( LENGTH_UNIT() NAMED_UNIT(*) SI_UNIT(.MILLI.,.METRE.) );
#1582 = ( NAMED_UNIT(*) PLANE_ANGLE_UNIT() SI_UNIT($,.RADIAN.) );
#1583 = ( NAMED_UNIT(*) SI_UNIT($,.STERADIAN.) SOLID_ANGLE_UNIT() );
#1584 = UNCERTAINTY_MEASURE_WITH_UNIT(LENGTH_MEASURE(1.E-07),#1581,
  'distance_accuracy_value','confusion accuracy');
#1585 = CONTEXT_DEPENDENT_SHAPE_REPRESENTATION(#1586,#1588);
#1586 = ( REPRESENTATION_RELATIONSHIP('','',#56,#10) 
REPRESENTATION_RELATIONSHIP_WITH_TRANSFORMATION(#1587) 
SHAPE_REPRESENTATION_RELATIONSHIP() );
#1587 = ITEM_DEFINED_TRANSFORMATION('','',#11,#15);
#1588 = PRODUCT_DEFINITION_SHAPE('Placement','Placement of an item',
  #1589);
#1589 = NEXT_ASSEMBLY_USAGE_OCCURRENCE('1','D21','',#5,#51,$);
#1590 = PRODUCT_RELATED_PRODUCT_CATEGORY('part',$,(#53));
#1591 = SHAPE_DEFINITION_REPRESENTATION(#1592,#1598);
#1592 = PRODUCT_DEFINITION_SHAPE('','',#1593);
#1593 = PRODUCT_DEFINITION('design','',#1594,#1597);
#1594 = PRODUCT_DEFINITION_FORMATION('','',#1595);
#1595 = PRODUCT('D_SOD-123','D_SOD-123','',(#1596));
#1596 = PRODUCT_CONTEXT('',#2,'mechanical');
#1597 = PRODUCT_DEFINITION_CONTEXT('part definition',#2,'design');
#1598 = ADVANCED_BREP_SHAPE_REPRESENTATION('',(#11,#1599),#3287);
#1599 = MANIFOLD_SOLID_BREP('',#1600);
#1600 = CLOSED_SHELL('',(#1601,#1655,#1718,#1741,#1771,#1804,#1834,#1857
    ,#1880,#1903,#1926,#1949,#1982,#2005,#2028,#2116,#2191,#2215,#2283,
    #2371,#2387,#2403,#2419,#2435,#2452,#2485,#2502,#2524,#2555,#2578,
    #2601,#2624,#2654,#2671,#2688,#2705,#2722,#2739,#2756,#2773,#2785,
    #2808,#2831,#2848,#2923,#2947,#3015,#3032,#3082,#3099,#3116,#3133,
    #3150,#3167,#3179,#3210,#3234,#3258,#3275));
#1601 = ADVANCED_FACE('',(#1602),#1650,.F.);
#1602 = FACE_BOUND('',#1603,.F.);
#1603 = EDGE_LOOP('',(#1604,#1614,#1621,#1629,#1637,#1645));
#1604 = ORIENTED_EDGE('',*,*,#1605,.T.);
#1605 = EDGE_CURVE('',#1606,#1608,#1610,.T.);
#1606 = VERTEX_POINT('',#1607);
#1607 = CARTESIAN_POINT('',(-1.308243103516,-0.671621551758,0.1));
#1608 = VERTEX_POINT('',#1609);
#1609 = CARTESIAN_POINT('',(-1.308243103516,0.671621551758,0.1));
#1610 = LINE('',#1611,#1612);
#1611 = CARTESIAN_POINT('',(-1.308243103516,-0.671621551758,0.1));
#1612 = VECTOR('',#1613,1.);
#1613 = DIRECTION('',(0.,1.,0.));
#1614 = ORIENTED_EDGE('',*,*,#1615,.T.);
#1615 = EDGE_CURVE('',#1608,#1616,#1618,.T.);
#1616 = VERTEX_POINT('',#1617);
#1617 = CARTESIAN_POINT('',(-1.375,0.705,0.575));
#1618 = B_SPLINE_CURVE_WITH_KNOTS('',1,(#1619,#1620),.UNSPECIFIED.,.F.,
  .F.,(2,2),(0.,1.),.PIECEWISE_BEZIER_KNOTS.);
#1619 = CARTESIAN_POINT('',(-1.308243103516,0.671621551758,0.1));
#1620 = CARTESIAN_POINT('',(-1.375,0.705,0.575));
#1621 = ORIENTED_EDGE('',*,*,#1622,.F.);
#1622 = EDGE_CURVE('',#1623,#1616,#1625,.T.);
#1623 = VERTEX_POINT('',#1624);
#1624 = CARTESIAN_POINT('',(-1.375,0.325,0.575));
#1625 = LINE('',#1626,#1627);
#1626 = CARTESIAN_POINT('',(-1.375,-0.705,0.575));
#1627 = VECTOR('',#1628,1.);
#1628 = DIRECTION('',(0.,1.,0.));
#1629 = ORIENTED_EDGE('',*,*,#1630,.F.);
#1630 = EDGE_CURVE('',#1631,#1623,#1633,.T.);
#1631 = VERTEX_POINT('',#1632);
#1632 = CARTESIAN_POINT('',(-1.375,-0.325,0.575));
#1633 = LINE('',#1634,#1635);
#1634 = CARTESIAN_POINT('',(-1.375,-0.325,0.575));
#1635 = VECTOR('',#1636,1.);
#1636 = DIRECTION('',(1.110223024625E-16,1.,0.));
#1637 = ORIENTED_EDGE('',*,*,#1638,.F.);
#1638 = EDGE_CURVE('',#1639,#1631,#1641,.T.);
#1639 = VERTEX_POINT('',#1640);
#1640 = CARTESIAN_POINT('',(-1.375,-0.705,0.575));
#1641 = LINE('',#1642,#1643);
#1642 = CARTESIAN_POINT('',(-1.375,-0.705,0.575));
#1643 = VECTOR('',#1644,1.);
#1644 = DIRECTION('',(0.,1.,0.));
#1645 = ORIENTED_EDGE('',*,*,#1646,.F.);
#1646 = EDGE_CURVE('',#1606,#1639,#1647,.T.);
#1647 = B_SPLINE_CURVE_WITH_KNOTS('',1,(#1648,#1649),.UNSPECIFIED.,.F.,
  .F.,(2,2),(0.,1.),.PIECEWISE_BEZIER_KNOTS.);
#1648 = CARTESIAN_POINT('',(-1.308243103516,-0.671621551758,0.1));
#1649 = CARTESIAN_POINT('',(-1.375,-0.705,0.575));
#1650 = B_SPLINE_SURFACE_WITH_KNOTS('',1,1,(
    (#1651,#1652)
    ,(#1653,#1654
    )),.UNSPECIFIED.,.F.,.F.,.F.,(2,2),(2,2),(0.,1.41),(0.,1.),
  .PIECEWISE_BEZIER_KNOTS.);
#1651 = CARTESIAN_POINT('',(-1.308243103516,-0.671621551758,0.1));
#1652 = CARTESIAN_POINT('',(-1.375,-0.705,0.575));
#1653 = CARTESIAN_POINT('',(-1.308243103516,0.671621551758,0.1));
#1654 = CARTESIAN_POINT('',(-1.375,0.705,0.575));
#1655 = ADVANCED_FACE('',(#1656),#1713,.F.);
#1656 = FACE_BOUND('',#1657,.T.);
#1657 = EDGE_LOOP('',(#1658,#1659,#1667,#1675,#1683,#1691,#1699,#1707));
#1658 = ORIENTED_EDGE('',*,*,#1605,.T.);
#1659 = ORIENTED_EDGE('',*,*,#1660,.T.);
#1660 = EDGE_CURVE('',#1608,#1661,#1663,.T.);
#1661 = VERTEX_POINT('',#1662);
#1662 = CARTESIAN_POINT('',(-1.246621551758,0.733243103516,0.1));
#1663 = LINE('',#1664,#1665);
#1664 = CARTESIAN_POINT('',(-1.308243103516,0.671621551758,0.1));
#1665 = VECTOR('',#1666,1.);
#1666 = DIRECTION('',(0.707106781187,0.707106781187,0.));
#1667 = ORIENTED_EDGE('',*,*,#1668,.T.);
#1668 = EDGE_CURVE('',#1661,#1669,#1671,.T.);
#1669 = VERTEX_POINT('',#1670);
#1670 = CARTESIAN_POINT('',(1.246621551758,0.733243103516,0.1));
#1671 = LINE('',#1672,#1673);
#1672 = CARTESIAN_POINT('',(-1.246621551758,0.733243103516,0.1));
#1673 = VECTOR('',#1674,1.);
#1674 = DIRECTION('',(1.,0.,0.));
#1675 = ORIENTED_EDGE('',*,*,#1676,.T.);
#1676 = EDGE_CURVE('',#1669,#1677,#1679,.T.);
#1677 = VERTEX_POINT('',#1678);
#1678 = CARTESIAN_POINT('',(1.308243103516,0.671621551758,0.1));
#1679 = LINE('',#1680,#1681);
#1680 = CARTESIAN_POINT('',(1.246621551758,0.733243103516,0.1));
#1681 = VECTOR('',#1682,1.);
#1682 = DIRECTION('',(0.707106781187,-0.707106781187,0.));
#1683 = ORIENTED_EDGE('',*,*,#1684,.T.);
#1684 = EDGE_CURVE('',#1677,#1685,#1687,.T.);
#1685 = VERTEX_POINT('',#1686);
#1686 = CARTESIAN_POINT('',(1.308243103516,-0.671621551758,0.1));
#1687 = LINE('',#1688,#1689);
#1688 = CARTESIAN_POINT('',(1.308243103516,0.671621551758,0.1));
#1689 = VECTOR('',#1690,1.);
#1690 = DIRECTION('',(0.,-1.,0.));
#1691 = ORIENTED_EDGE('',*,*,#1692,.T.);
#1692 = EDGE_CURVE('',#1685,#1693,#1695,.T.);
#1693 = VERTEX_POINT('',#1694);
#1694 = CARTESIAN_POINT('',(1.246621551758,-0.733243103516,0.1));
#1695 = LINE('',#1696,#1697);
#1696 = CARTESIAN_POINT('',(1.308243103516,-0.671621551758,0.1));
#1697 = VECTOR('',#1698,1.);
#1698 = DIRECTION('',(-0.707106781187,-0.707106781187,0.));
#1699 = ORIENTED_EDGE('',*,*,#1700,.T.);
#1700 = EDGE_CURVE('',#1693,#1701,#1703,.T.);
#1701 = VERTEX_POINT('',#1702);
#1702 = CARTESIAN_POINT('',(-1.246621551758,-0.733243103516,0.1));
#1703 = LINE('',#1704,#1705);
#1704 = CARTESIAN_POINT('',(1.246621551758,-0.733243103516,0.1));
#1705 = VECTOR('',#1706,1.);
#1706 = DIRECTION('',(-1.,0.,0.));
#1707 = ORIENTED_EDGE('',*,*,#1708,.T.);
#1708 = EDGE_CURVE('',#1701,#1606,#1709,.T.);
#1709 = LINE('',#1710,#1711);
#1710 = CARTESIAN_POINT('',(-1.246621551758,-0.733243103516,0.1));
#1711 = VECTOR('',#1712,1.);
#1712 = DIRECTION('',(-0.707106781187,0.707106781187,0.));
#1713 = PLANE('',#1714);
#1714 = AXIS2_PLACEMENT_3D('',#1715,#1716,#1717);
#1715 = CARTESIAN_POINT('',(-1.308243103516,-0.671621551758,0.1));
#1716 = DIRECTION('',(0.,0.,1.));
#1717 = DIRECTION('',(0.889616464678,0.456708381546,-0.));
#1718 = ADVANCED_FACE('',(#1719),#1736,.F.);
#1719 = FACE_BOUND('',#1720,.F.);
#1720 = EDGE_LOOP('',(#1721,#1722,#1729,#1735));
#1721 = ORIENTED_EDGE('',*,*,#1660,.T.);
#1722 = ORIENTED_EDGE('',*,*,#1723,.T.);
#1723 = EDGE_CURVE('',#1661,#1724,#1726,.T.);
#1724 = VERTEX_POINT('',#1725);
#1725 = CARTESIAN_POINT('',(-1.28,0.8,0.575));
#1726 = B_SPLINE_CURVE_WITH_KNOTS('',1,(#1727,#1728),.UNSPECIFIED.,.F.,
  .F.,(2,2),(0.,1.),.PIECEWISE_BEZIER_KNOTS.);
#1727 = CARTESIAN_POINT('',(-1.246621551758,0.733243103516,0.1));
#1728 = CARTESIAN_POINT('',(-1.28,0.8,0.575));
#1729 = ORIENTED_EDGE('',*,*,#1730,.F.);
#1730 = EDGE_CURVE('',#1616,#1724,#1731,.T.);
#1731 = LINE('',#1732,#1733);
#1732 = CARTESIAN_POINT('',(-1.375,0.705,0.575));
#1733 = VECTOR('',#1734,1.);
#1734 = DIRECTION('',(0.707106781187,0.707106781187,0.));
#1735 = ORIENTED_EDGE('',*,*,#1615,.F.);
#1736 = B_SPLINE_SURFACE_WITH_KNOTS('',1,1,(
    (#1737,#1738)
    ,(#1739,#1740
    )),.UNSPECIFIED.,.F.,.F.,.F.,(2,2),(2,2),(0.,0.134350288425),(0.,1.)
  ,.PIECEWISE_BEZIER_KNOTS.);
#1737 = CARTESIAN_POINT('',(-1.308243103516,0.671621551758,0.1));
#1738 = CARTESIAN_POINT('',(-1.375,0.705,0.575));
#1739 = CARTESIAN_POINT('',(-1.246621551758,0.733243103516,0.1));
#1740 = CARTESIAN_POINT('',(-1.28,0.8,0.575));
#1741 = ADVANCED_FACE('',(#1742),#1766,.F.);
#1742 = FACE_BOUND('',#1743,.F.);
#1743 = EDGE_LOOP('',(#1744,#1751,#1752,#1760));
#1744 = ORIENTED_EDGE('',*,*,#1745,.F.);
#1745 = EDGE_CURVE('',#1639,#1746,#1748,.T.);
#1746 = VERTEX_POINT('',#1747);
#1747 = CARTESIAN_POINT('',(-1.375,-0.705,0.775));
#1748 = B_SPLINE_CURVE_WITH_KNOTS('',1,(#1749,#1750),.UNSPECIFIED.,.F.,
  .F.,(2,2),(0.,1.),.PIECEWISE_BEZIER_KNOTS.);
#1749 = CARTESIAN_POINT('',(-1.375,-0.705,0.575));
#1750 = CARTESIAN_POINT('',(-1.375,-0.705,0.775));
#1751 = ORIENTED_EDGE('',*,*,#1638,.T.);
#1752 = ORIENTED_EDGE('',*,*,#1753,.T.);
#1753 = EDGE_CURVE('',#1631,#1754,#1756,.T.);
#1754 = VERTEX_POINT('',#1755);
#1755 = CARTESIAN_POINT('',(-1.375,-0.325,0.775));
#1756 = LINE('',#1757,#1758);
#1757 = CARTESIAN_POINT('',(-1.375,-0.325,0.579830288983));
#1758 = VECTOR('',#1759,1.);
#1759 = DIRECTION('',(0.,0.,1.));
#1760 = ORIENTED_EDGE('',*,*,#1761,.F.);
#1761 = EDGE_CURVE('',#1746,#1754,#1762,.T.);
#1762 = LINE('',#1763,#1764);
#1763 = CARTESIAN_POINT('',(-1.375,-0.705,0.775));
#1764 = VECTOR('',#1765,1.);
#1765 = DIRECTION('',(0.,1.,0.));
#1766 = PLANE('',#1767);
#1767 = AXIS2_PLACEMENT_3D('',#1768,#1769,#1770);
#1768 = CARTESIAN_POINT('',(-1.375,-0.705,0.775));
#1769 = DIRECTION('',(1.,0.,0.));
#1770 = DIRECTION('',(-0.,1.,0.));
#1771 = ADVANCED_FACE('',(#1772),#1799,.F.);
#1772 = FACE_BOUND('',#1773,.F.);
#1773 = EDGE_LOOP('',(#1774,#1775,#1784,#1792));
#1774 = ORIENTED_EDGE('',*,*,#1630,.T.);
#1775 = ORIENTED_EDGE('',*,*,#1776,.T.);
#1776 = EDGE_CURVE('',#1623,#1777,#1779,.T.);
#1777 = VERTEX_POINT('',#1778);
#1778 = CARTESIAN_POINT('',(-1.493176930361,0.325,0.47583778132));
#1779 = CIRCLE('',#1780,0.12);
#1780 = AXIS2_PLACEMENT_3D('',#1781,#1782,#1783);
#1781 = CARTESIAN_POINT('',(-1.375,0.325,0.455));
#1782 = DIRECTION('',(-1.110223024625E-16,-1.,0.));
#1783 = DIRECTION('',(9.251858538543E-16,-1.027162637006E-31,1.));
#1784 = ORIENTED_EDGE('',*,*,#1785,.F.);
#1785 = EDGE_CURVE('',#1786,#1777,#1788,.T.);
#1786 = VERTEX_POINT('',#1787);
#1787 = CARTESIAN_POINT('',(-1.493176930361,-0.325,0.47583778132));
#1788 = LINE('',#1789,#1790);
#1789 = CARTESIAN_POINT('',(-1.493176930361,-0.325,0.47583778132));
#1790 = VECTOR('',#1791,1.);
#1791 = DIRECTION('',(1.110223024625E-16,1.,0.));
#1792 = ORIENTED_EDGE('',*,*,#1793,.F.);
#1793 = EDGE_CURVE('',#1631,#1786,#1794,.T.);
#1794 = CIRCLE('',#1795,0.12);
#1795 = AXIS2_PLACEMENT_3D('',#1796,#1797,#1798);
#1796 = CARTESIAN_POINT('',(-1.375,-0.325,0.455));
#1797 = DIRECTION('',(-1.110223024625E-16,-1.,0.));
#1798 = DIRECTION('',(9.251858538543E-16,-1.027162637006E-31,1.));
#1799 = CYLINDRICAL_SURFACE('',#1800,0.12);
#1800 = AXIS2_PLACEMENT_3D('',#1801,#1802,#1803);
#1801 = CARTESIAN_POINT('',(-1.375,-0.325,0.455));
#1802 = DIRECTION('',(-1.110223024625E-16,-1.,0.));
#1803 = DIRECTION('',(9.251858538543E-16,-1.027162637006E-31,1.));
#1804 = ADVANCED_FACE('',(#1805),#1829,.F.);
#1805 = FACE_BOUND('',#1806,.F.);
#1806 = EDGE_LOOP('',(#1807,#1815,#1816,#1823));
#1807 = ORIENTED_EDGE('',*,*,#1808,.F.);
#1808 = EDGE_CURVE('',#1623,#1809,#1811,.T.);
#1809 = VERTEX_POINT('',#1810);
#1810 = CARTESIAN_POINT('',(-1.375,0.325,0.775));
#1811 = LINE('',#1812,#1813);
#1812 = CARTESIAN_POINT('',(-1.375,0.325,0.579830288983));
#1813 = VECTOR('',#1814,1.);
#1814 = DIRECTION('',(0.,0.,1.));
#1815 = ORIENTED_EDGE('',*,*,#1622,.T.);
#1816 = ORIENTED_EDGE('',*,*,#1817,.T.);
#1817 = EDGE_CURVE('',#1616,#1818,#1820,.T.);
#1818 = VERTEX_POINT('',#1819);
#1819 = CARTESIAN_POINT('',(-1.375,0.705,0.775));
#1820 = B_SPLINE_CURVE_WITH_KNOTS('',1,(#1821,#1822),.UNSPECIFIED.,.F.,
  .F.,(2,2),(0.,1.),.PIECEWISE_BEZIER_KNOTS.);
#1821 = CARTESIAN_POINT('',(-1.375,0.705,0.575));
#1822 = CARTESIAN_POINT('',(-1.375,0.705,0.775));
#1823 = ORIENTED_EDGE('',*,*,#1824,.F.);
#1824 = EDGE_CURVE('',#1809,#1818,#1825,.T.);
#1825 = LINE('',#1826,#1827);
#1826 = CARTESIAN_POINT('',(-1.375,-0.705,0.775));
#1827 = VECTOR('',#1828,1.);
#1828 = DIRECTION('',(0.,1.,0.));
#1829 = PLANE('',#1830);
#1830 = AXIS2_PLACEMENT_3D('',#1831,#1832,#1833);
#1831 = CARTESIAN_POINT('',(-1.375,-0.705,0.775));
#1832 = DIRECTION('',(1.,0.,0.));
#1833 = DIRECTION('',(-0.,1.,0.));
#1834 = ADVANCED_FACE('',(#1835),#1852,.F.);
#1835 = FACE_BOUND('',#1836,.F.);
#1836 = EDGE_LOOP('',(#1837,#1838,#1839,#1847));
#1837 = ORIENTED_EDGE('',*,*,#1708,.T.);
#1838 = ORIENTED_EDGE('',*,*,#1646,.T.);
#1839 = ORIENTED_EDGE('',*,*,#1840,.F.);
#1840 = EDGE_CURVE('',#1841,#1639,#1843,.T.);
#1841 = VERTEX_POINT('',#1842);
#1842 = CARTESIAN_POINT('',(-1.28,-0.8,0.575));
#1843 = LINE('',#1844,#1845);
#1844 = CARTESIAN_POINT('',(-1.28,-0.8,0.575));
#1845 = VECTOR('',#1846,1.);
#1846 = DIRECTION('',(-0.707106781187,0.707106781187,0.));
#1847 = ORIENTED_EDGE('',*,*,#1848,.F.);
#1848 = EDGE_CURVE('',#1701,#1841,#1849,.T.);
#1849 = B_SPLINE_CURVE_WITH_KNOTS('',1,(#1850,#1851),.UNSPECIFIED.,.F.,
  .F.,(2,2),(0.,1.),.PIECEWISE_BEZIER_KNOTS.);
#1850 = CARTESIAN_POINT('',(-1.246621551758,-0.733243103516,0.1));
#1851 = CARTESIAN_POINT('',(-1.28,-0.8,0.575));
#1852 = B_SPLINE_SURFACE_WITH_KNOTS('',1,1,(
    (#1853,#1854)
    ,(#1855,#1856
    )),.UNSPECIFIED.,.F.,.F.,.F.,(2,2),(2,2),(0.,0.134350288425),(0.,1.)
  ,.PIECEWISE_BEZIER_KNOTS.);
#1853 = CARTESIAN_POINT('',(-1.246621551758,-0.733243103516,0.1));
#1854 = CARTESIAN_POINT('',(-1.28,-0.8,0.575));
#1855 = CARTESIAN_POINT('',(-1.308243103516,-0.671621551758,0.1));
#1856 = CARTESIAN_POINT('',(-1.375,-0.705,0.575));
#1857 = ADVANCED_FACE('',(#1858),#1875,.F.);
#1858 = FACE_BOUND('',#1859,.F.);
#1859 = EDGE_LOOP('',(#1860,#1861,#1862,#1870));
#1860 = ORIENTED_EDGE('',*,*,#1700,.T.);
#1861 = ORIENTED_EDGE('',*,*,#1848,.T.);
#1862 = ORIENTED_EDGE('',*,*,#1863,.F.);
#1863 = EDGE_CURVE('',#1864,#1841,#1866,.T.);
#1864 = VERTEX_POINT('',#1865);
#1865 = CARTESIAN_POINT('',(1.28,-0.8,0.575));
#1866 = LINE('',#1867,#1868);
#1867 = CARTESIAN_POINT('',(1.28,-0.8,0.575));
#1868 = VECTOR('',#1869,1.);
#1869 = DIRECTION('',(-1.,0.,0.));
#1870 = ORIENTED_EDGE('',*,*,#1871,.F.);
#1871 = EDGE_CURVE('',#1693,#1864,#1872,.T.);
#1872 = B_SPLINE_CURVE_WITH_KNOTS('',1,(#1873,#1874),.UNSPECIFIED.,.F.,
  .F.,(2,2),(0.,1.),.PIECEWISE_BEZIER_KNOTS.);
#1873 = CARTESIAN_POINT('',(1.246621551758,-0.733243103516,0.1));
#1874 = CARTESIAN_POINT('',(1.28,-0.8,0.575));
#1875 = B_SPLINE_SURFACE_WITH_KNOTS('',1,1,(
    (#1876,#1877)
    ,(#1878,#1879
    )),.UNSPECIFIED.,.F.,.F.,.F.,(2,2),(2,2),(0.,2.56),(0.,1.),
  .PIECEWISE_BEZIER_KNOTS.);
#1876 = CARTESIAN_POINT('',(1.246621551758,-0.733243103516,0.1));
#1877 = CARTESIAN_POINT('',(1.28,-0.8,0.575));
#1878 = CARTESIAN_POINT('',(-1.246621551758,-0.733243103516,0.1));
#1879 = CARTESIAN_POINT('',(-1.28,-0.8,0.575));
#1880 = ADVANCED_FACE('',(#1881),#1898,.F.);
#1881 = FACE_BOUND('',#1882,.F.);
#1882 = EDGE_LOOP('',(#1883,#1884,#1891,#1897));
#1883 = ORIENTED_EDGE('',*,*,#1668,.T.);
#1884 = ORIENTED_EDGE('',*,*,#1885,.T.);
#1885 = EDGE_CURVE('',#1669,#1886,#1888,.T.);
#1886 = VERTEX_POINT('',#1887);
#1887 = CARTESIAN_POINT('',(1.28,0.8,0.575));
#1888 = B_SPLINE_CURVE_WITH_KNOTS('',1,(#1889,#1890),.UNSPECIFIED.,.F.,
  .F.,(2,2),(0.,1.),.PIECEWISE_BEZIER_KNOTS.);
#1889 = CARTESIAN_POINT('',(1.246621551758,0.733243103516,0.1));
#1890 = CARTESIAN_POINT('',(1.28,0.8,0.575));
#1891 = ORIENTED_EDGE('',*,*,#1892,.F.);
#1892 = EDGE_CURVE('',#1724,#1886,#1893,.T.);
#1893 = LINE('',#1894,#1895);
#1894 = CARTESIAN_POINT('',(-1.28,0.8,0.575));
#1895 = VECTOR('',#1896,1.);
#1896 = DIRECTION('',(1.,0.,0.));
#1897 = ORIENTED_EDGE('',*,*,#1723,.F.);
#1898 = B_SPLINE_SURFACE_WITH_KNOTS('',1,1,(
    (#1899,#1900)
    ,(#1901,#1902
    )),.UNSPECIFIED.,.F.,.F.,.F.,(2,2),(2,2),(0.,2.56),(0.,1.),
  .PIECEWISE_BEZIER_KNOTS.);
#1899 = CARTESIAN_POINT('',(-1.246621551758,0.733243103516,0.1));
#1900 = CARTESIAN_POINT('',(-1.28,0.8,0.575));
#1901 = CARTESIAN_POINT('',(1.246621551758,0.733243103516,0.1));
#1902 = CARTESIAN_POINT('',(1.28,0.8,0.575));
#1903 = ADVANCED_FACE('',(#1904),#1921,.F.);
#1904 = FACE_BOUND('',#1905,.F.);
#1905 = EDGE_LOOP('',(#1906,#1907,#1908,#1916));
#1906 = ORIENTED_EDGE('',*,*,#1692,.T.);
#1907 = ORIENTED_EDGE('',*,*,#1871,.T.);
#1908 = ORIENTED_EDGE('',*,*,#1909,.F.);
#1909 = EDGE_CURVE('',#1910,#1864,#1912,.T.);
#1910 = VERTEX_POINT('',#1911);
#1911 = CARTESIAN_POINT('',(1.375,-0.705,0.575));
#1912 = LINE('',#1913,#1914);
#1913 = CARTESIAN_POINT('',(1.375,-0.705,0.575));
#1914 = VECTOR('',#1915,1.);
#1915 = DIRECTION('',(-0.707106781187,-0.707106781187,0.));
#1916 = ORIENTED_EDGE('',*,*,#1917,.F.);
#1917 = EDGE_CURVE('',#1685,#1910,#1918,.T.);
#1918 = B_SPLINE_CURVE_WITH_KNOTS('',1,(#1919,#1920),.UNSPECIFIED.,.F.,
  .F.,(2,2),(0.,1.),.PIECEWISE_BEZIER_KNOTS.);
#1919 = CARTESIAN_POINT('',(1.308243103516,-0.671621551758,0.1));
#1920 = CARTESIAN_POINT('',(1.375,-0.705,0.575));
#1921 = B_SPLINE_SURFACE_WITH_KNOTS('',1,1,(
    (#1922,#1923)
    ,(#1924,#1925
    )),.UNSPECIFIED.,.F.,.F.,.F.,(2,2),(2,2),(0.,0.134350288425),(0.,1.)
  ,.PIECEWISE_BEZIER_KNOTS.);
#1922 = CARTESIAN_POINT('',(1.308243103516,-0.671621551758,0.1));
#1923 = CARTESIAN_POINT('',(1.375,-0.705,0.575));
#1924 = CARTESIAN_POINT('',(1.246621551758,-0.733243103516,0.1));
#1925 = CARTESIAN_POINT('',(1.28,-0.8,0.575));
#1926 = ADVANCED_FACE('',(#1927),#1944,.F.);
#1927 = FACE_BOUND('',#1928,.F.);
#1928 = EDGE_LOOP('',(#1929,#1930,#1937,#1943));
#1929 = ORIENTED_EDGE('',*,*,#1676,.T.);
#1930 = ORIENTED_EDGE('',*,*,#1931,.T.);
#1931 = EDGE_CURVE('',#1677,#1932,#1934,.T.);
#1932 = VERTEX_POINT('',#1933);
#1933 = CARTESIAN_POINT('',(1.375,0.705,0.575));
#1934 = B_SPLINE_CURVE_WITH_KNOTS('',1,(#1935,#1936),.UNSPECIFIED.,.F.,
  .F.,(2,2),(0.,1.),.PIECEWISE_BEZIER_KNOTS.);
#1935 = CARTESIAN_POINT('',(1.308243103516,0.671621551758,0.1));
#1936 = CARTESIAN_POINT('',(1.375,0.705,0.575));
#1937 = ORIENTED_EDGE('',*,*,#1938,.F.);
#1938 = EDGE_CURVE('',#1886,#1932,#1939,.T.);
#1939 = LINE('',#1940,#1941);
#1940 = CARTESIAN_POINT('',(1.28,0.8,0.575));
#1941 = VECTOR('',#1942,1.);
#1942 = DIRECTION('',(0.707106781187,-0.707106781187,0.));
#1943 = ORIENTED_EDGE('',*,*,#1885,.F.);
#1944 = B_SPLINE_SURFACE_WITH_KNOTS('',1,1,(
    (#1945,#1946)
    ,(#1947,#1948
    )),.UNSPECIFIED.,.F.,.F.,.F.,(2,2),(2,2),(0.,0.134350288425),(0.,1.)
  ,.PIECEWISE_BEZIER_KNOTS.);
#1945 = CARTESIAN_POINT('',(1.246621551758,0.733243103516,0.1));
#1946 = CARTESIAN_POINT('',(1.28,0.8,0.575));
#1947 = CARTESIAN_POINT('',(1.308243103516,0.671621551758,0.1));
#1948 = CARTESIAN_POINT('',(1.375,0.705,0.575));
#1949 = ADVANCED_FACE('',(#1950),#1977,.F.);
#1950 = FACE_BOUND('',#1951,.F.);
#1951 = EDGE_LOOP('',(#1952,#1953,#1954,#1962,#1970,#1976));
#1952 = ORIENTED_EDGE('',*,*,#1684,.T.);
#1953 = ORIENTED_EDGE('',*,*,#1917,.T.);
#1954 = ORIENTED_EDGE('',*,*,#1955,.F.);
#1955 = EDGE_CURVE('',#1956,#1910,#1958,.T.);
#1956 = VERTEX_POINT('',#1957);
#1957 = CARTESIAN_POINT('',(1.375,-0.325,0.575));
#1958 = LINE('',#1959,#1960);
#1959 = CARTESIAN_POINT('',(1.375,0.705,0.575));
#1960 = VECTOR('',#1961,1.);
#1961 = DIRECTION('',(0.,-1.,0.));
#1962 = ORIENTED_EDGE('',*,*,#1963,.F.);
#1963 = EDGE_CURVE('',#1964,#1956,#1966,.T.);
#1964 = VERTEX_POINT('',#1965);
#1965 = CARTESIAN_POINT('',(1.375,0.325,0.575));
#1966 = LINE('',#1967,#1968);
#1967 = CARTESIAN_POINT('',(1.375,0.325,0.575));
#1968 = VECTOR('',#1969,1.);
#1969 = DIRECTION('',(-2.22044604925E-16,-1.,0.));
#1970 = ORIENTED_EDGE('',*,*,#1971,.F.);
#1971 = EDGE_CURVE('',#1932,#1964,#1972,.T.);
#1972 = LINE('',#1973,#1974);
#1973 = CARTESIAN_POINT('',(1.375,0.705,0.575));
#1974 = VECTOR('',#1975,1.);
#1975 = DIRECTION('',(0.,-1.,0.));
#1976 = ORIENTED_EDGE('',*,*,#1931,.F.);
#1977 = B_SPLINE_SURFACE_WITH_KNOTS('',1,1,(
    (#1978,#1979)
    ,(#1980,#1981
    )),.UNSPECIFIED.,.F.,.F.,.F.,(2,2),(2,2),(0.,1.41),(0.,1.),
  .PIECEWISE_BEZIER_KNOTS.);
#1978 = CARTESIAN_POINT('',(1.308243103516,0.671621551758,0.1));
#1979 = CARTESIAN_POINT('',(1.375,0.705,0.575));
#1980 = CARTESIAN_POINT('',(1.308243103516,-0.671621551758,0.1));
#1981 = CARTESIAN_POINT('',(1.375,-0.705,0.575));
#1982 = ADVANCED_FACE('',(#1983),#2000,.F.);
#1983 = FACE_BOUND('',#1984,.F.);
#1984 = EDGE_LOOP('',(#1985,#1986,#1993,#1999));
#1985 = ORIENTED_EDGE('',*,*,#1730,.T.);
#1986 = ORIENTED_EDGE('',*,*,#1987,.T.);
#1987 = EDGE_CURVE('',#1724,#1988,#1990,.T.);
#1988 = VERTEX_POINT('',#1989);
#1989 = CARTESIAN_POINT('',(-1.28,0.8,0.775));
#1990 = B_SPLINE_CURVE_WITH_KNOTS('',1,(#1991,#1992),.UNSPECIFIED.,.F.,
  .F.,(2,2),(0.,1.),.PIECEWISE_BEZIER_KNOTS.);
#1991 = CARTESIAN_POINT('',(-1.28,0.8,0.575));
#1992 = CARTESIAN_POINT('',(-1.28,0.8,0.775));
#1993 = ORIENTED_EDGE('',*,*,#1994,.F.);
#1994 = EDGE_CURVE('',#1818,#1988,#1995,.T.);
#1995 = LINE('',#1996,#1997);
#1996 = CARTESIAN_POINT('',(-1.375,0.705,0.775));
#1997 = VECTOR('',#1998,1.);
#1998 = DIRECTION('',(0.707106781187,0.707106781187,0.));
#1999 = ORIENTED_EDGE('',*,*,#1817,.F.);
#2000 = PLANE('',#2001);
#2001 = AXIS2_PLACEMENT_3D('',#2002,#2003,#2004);
#2002 = CARTESIAN_POINT('',(-1.375,0.705,0.775));
#2003 = DIRECTION('',(0.707106781187,-0.707106781187,0.));
#2004 = DIRECTION('',(0.707106781187,0.707106781187,0.));
#2005 = ADVANCED_FACE('',(#2006),#2023,.F.);
#2006 = FACE_BOUND('',#2007,.F.);
#2007 = EDGE_LOOP('',(#2008,#2009,#2010,#2018));
#2008 = ORIENTED_EDGE('',*,*,#1840,.T.);
#2009 = ORIENTED_EDGE('',*,*,#1745,.T.);
#2010 = ORIENTED_EDGE('',*,*,#2011,.F.);
#2011 = EDGE_CURVE('',#2012,#1746,#2014,.T.);
#2012 = VERTEX_POINT('',#2013);
#2013 = CARTESIAN_POINT('',(-1.28,-0.8,0.775));
#2014 = LINE('',#2015,#2016);
#2015 = CARTESIAN_POINT('',(-1.28,-0.8,0.775));
#2016 = VECTOR('',#2017,1.);
#2017 = DIRECTION('',(-0.707106781187,0.707106781187,0.));
#2018 = ORIENTED_EDGE('',*,*,#2019,.F.);
#2019 = EDGE_CURVE('',#1841,#2012,#2020,.T.);
#2020 = B_SPLINE_CURVE_WITH_KNOTS('',1,(#2021,#2022),.UNSPECIFIED.,.F.,
  .F.,(2,2),(0.,1.),.PIECEWISE_BEZIER_KNOTS.);
#2021 = CARTESIAN_POINT('',(-1.28,-0.8,0.575));
#2022 = CARTESIAN_POINT('',(-1.28,-0.8,0.775));
#2023 = PLANE('',#2024);
#2024 = AXIS2_PLACEMENT_3D('',#2025,#2026,#2027);
#2025 = CARTESIAN_POINT('',(-1.28,-0.8,0.775));
#2026 = DIRECTION('',(0.707106781187,0.707106781187,0.));
#2027 = DIRECTION('',(-0.707106781187,0.707106781187,0.));
#2028 = ADVANCED_FACE('',(#2029),#2111,.F.);
#2029 = FACE_BOUND('',#2030,.F.);
#2030 = EDGE_LOOP('',(#2031,#2032,#2033,#2041,#2049,#2057,#2065,#2073,
    #2081,#2089,#2097,#2105));
#2031 = ORIENTED_EDGE('',*,*,#2011,.T.);
#2032 = ORIENTED_EDGE('',*,*,#1761,.T.);
#2033 = ORIENTED_EDGE('',*,*,#2034,.T.);
#2034 = EDGE_CURVE('',#1754,#2035,#2037,.T.);
#2035 = VERTEX_POINT('',#2036);
#2036 = CARTESIAN_POINT('',(-1.35,-0.325,0.775));
#2037 = LINE('',#2038,#2039);
#2038 = CARTESIAN_POINT('',(-1.375,-0.325,0.775));
#2039 = VECTOR('',#2040,1.);
#2040 = DIRECTION('',(1.,-1.110223024625E-16,0.));
#2041 = ORIENTED_EDGE('',*,*,#2042,.F.);
#2042 = EDGE_CURVE('',#2043,#2035,#2045,.T.);
#2043 = VERTEX_POINT('',#2044);
#2044 = CARTESIAN_POINT('',(-1.35,-0.6925,0.775));
#2045 = LINE('',#2046,#2047);
#2046 = CARTESIAN_POINT('',(-1.35,-0.6925,0.775));
#2047 = VECTOR('',#2048,1.);
#2048 = DIRECTION('',(0.,1.,0.));
#2049 = ORIENTED_EDGE('',*,*,#2050,.F.);
#2050 = EDGE_CURVE('',#2051,#2043,#2053,.T.);
#2051 = VERTEX_POINT('',#2052);
#2052 = CARTESIAN_POINT('',(-1.2675,-0.775,0.775));
#2053 = LINE('',#2054,#2055);
#2054 = CARTESIAN_POINT('',(-1.2675,-0.775,0.775));
#2055 = VECTOR('',#2056,1.);
#2056 = DIRECTION('',(-0.707106781187,0.707106781187,0.));
#2057 = ORIENTED_EDGE('',*,*,#2058,.F.);
#2058 = EDGE_CURVE('',#2059,#2051,#2061,.T.);
#2059 = VERTEX_POINT('',#2060);
#2060 = CARTESIAN_POINT('',(1.2675,-0.775,0.775));
#2061 = LINE('',#2062,#2063);
#2062 = CARTESIAN_POINT('',(1.2675,-0.775,0.775));
#2063 = VECTOR('',#2064,1.);
#2064 = DIRECTION('',(-1.,0.,0.));
#2065 = ORIENTED_EDGE('',*,*,#2066,.F.);
#2066 = EDGE_CURVE('',#2067,#2059,#2069,.T.);
#2067 = VERTEX_POINT('',#2068);
#2068 = CARTESIAN_POINT('',(1.35,-0.6925,0.775));
#2069 = LINE('',#2070,#2071);
#2070 = CARTESIAN_POINT('',(1.35,-0.6925,0.775));
#2071 = VECTOR('',#2072,1.);
#2072 = DIRECTION('',(-0.707106781187,-0.707106781187,0.));
#2073 = ORIENTED_EDGE('',*,*,#2074,.F.);
#2074 = EDGE_CURVE('',#2075,#2067,#2077,.T.);
#2075 = VERTEX_POINT('',#2076);
#2076 = CARTESIAN_POINT('',(1.35,-0.325,0.775));
#2077 = LINE('',#2078,#2079);
#2078 = CARTESIAN_POINT('',(1.35,0.6925,0.775));
#2079 = VECTOR('',#2080,1.);
#2080 = DIRECTION('',(0.,-1.,0.));
#2081 = ORIENTED_EDGE('',*,*,#2082,.F.);
#2082 = EDGE_CURVE('',#2083,#2075,#2085,.T.);
#2083 = VERTEX_POINT('',#2084);
#2084 = CARTESIAN_POINT('',(1.375,-0.325,0.775));
#2085 = LINE('',#2086,#2087);
#2086 = CARTESIAN_POINT('',(1.375,-0.325,0.775));
#2087 = VECTOR('',#2088,1.);
#2088 = DIRECTION('',(-1.,2.22044604925E-16,0.));
#2089 = ORIENTED_EDGE('',*,*,#2090,.T.);
#2090 = EDGE_CURVE('',#2083,#2091,#2093,.T.);
#2091 = VERTEX_POINT('',#2092);
#2092 = CARTESIAN_POINT('',(1.375,-0.705,0.775));
#2093 = LINE('',#2094,#2095);
#2094 = CARTESIAN_POINT('',(1.375,0.705,0.775));
#2095 = VECTOR('',#2096,1.);
#2096 = DIRECTION('',(0.,-1.,0.));
#2097 = ORIENTED_EDGE('',*,*,#2098,.T.);
#2098 = EDGE_CURVE('',#2091,#2099,#2101,.T.);
#2099 = VERTEX_POINT('',#2100);
#2100 = CARTESIAN_POINT('',(1.28,-0.8,0.775));
#2101 = LINE('',#2102,#2103);
#2102 = CARTESIAN_POINT('',(1.375,-0.705,0.775));
#2103 = VECTOR('',#2104,1.);
#2104 = DIRECTION('',(-0.707106781187,-0.707106781187,0.));
#2105 = ORIENTED_EDGE('',*,*,#2106,.T.);
#2106 = EDGE_CURVE('',#2099,#2012,#2107,.T.);
#2107 = LINE('',#2108,#2109);
#2108 = CARTESIAN_POINT('',(1.28,-0.8,0.775));
#2109 = VECTOR('',#2110,1.);
#2110 = DIRECTION('',(-1.,0.,0.));
#2111 = PLANE('',#2112);
#2112 = AXIS2_PLACEMENT_3D('',#2113,#2114,#2115);
#2113 = CARTESIAN_POINT('',(-1.3625,-4.954714324773E-17,0.775));
#2114 = DIRECTION('',(-7.340317518656E-17,9.85275154485E-18,-1.));
#2115 = DIRECTION('',(7.342878714278E-20,1.,9.85275154485E-18));
#2116 = ADVANCED_FACE('',(#2117),#2186,.F.);
#2117 = FACE_BOUND('',#2118,.F.);
#2118 = EDGE_LOOP('',(#2119,#2120,#2121,#2129,#2138,#2146,#2154,#2162,
    #2171,#2179));
#2119 = ORIENTED_EDGE('',*,*,#1753,.F.);
#2120 = ORIENTED_EDGE('',*,*,#1793,.T.);
#2121 = ORIENTED_EDGE('',*,*,#2122,.T.);
#2122 = EDGE_CURVE('',#1786,#2123,#2125,.T.);
#2123 = VERTEX_POINT('',#2124);
#2124 = CARTESIAN_POINT('',(-1.523665661432,-0.325,0.264432583147));
#2125 = LINE('',#2126,#2127);
#2126 = CARTESIAN_POINT('',(-1.493176930361,-0.325,0.47583778132));
#2127 = VECTOR('',#2128,1.);
#2128 = DIRECTION('',(-0.142742572604,1.584760906992E-17,-0.989759848633
    ));
#2129 = ORIENTED_EDGE('',*,*,#2130,.T.);
#2130 = EDGE_CURVE('',#2123,#2131,#2133,.T.);
#2131 = VERTEX_POINT('',#2132);
#2132 = CARTESIAN_POINT('',(-1.838804142396,-0.325,-5.551115123126E-17)
  );
#2133 = CIRCLE('',#2134,0.32);
#2134 = AXIS2_PLACEMENT_3D('',#2135,#2136,#2137);
#2135 = CARTESIAN_POINT('',(-1.838804142396,-0.325,0.32));
#2136 = DIRECTION('',(1.110223024625E-16,1.,0.));
#2137 = DIRECTION('',(0.984807753012,-1.093356242223E-16,-0.173648177667
    ));
#2138 = ORIENTED_EDGE('',*,*,#2139,.T.);
#2139 = EDGE_CURVE('',#2131,#2140,#2142,.T.);
#2140 = VERTEX_POINT('',#2141);
#2141 = CARTESIAN_POINT('',(-1.9,-0.325,-5.551115123126E-17));
#2142 = LINE('',#2143,#2144);
#2143 = CARTESIAN_POINT('',(-1.838804142396,-0.325,-5.551115123126E-17)
  );
#2144 = VECTOR('',#2145,1.);
#2145 = DIRECTION('',(-1.,1.110223024625E-16,0.));
#2146 = ORIENTED_EDGE('',*,*,#2147,.T.);
#2147 = EDGE_CURVE('',#2140,#2148,#2150,.T.);
#2148 = VERTEX_POINT('',#2149);
#2149 = CARTESIAN_POINT('',(-1.9,-0.325,0.2));
#2150 = LINE('',#2151,#2152);
#2151 = CARTESIAN_POINT('',(-1.9,-0.325,-5.551115123126E-17));
#2152 = VECTOR('',#2153,1.);
#2153 = DIRECTION('',(0.,0.,1.));
#2154 = ORIENTED_EDGE('',*,*,#2155,.T.);
#2155 = EDGE_CURVE('',#2148,#2156,#2158,.T.);
#2156 = VERTEX_POINT('',#2157);
#2157 = CARTESIAN_POINT('',(-1.838804142396,-0.325,0.2));
#2158 = LINE('',#2159,#2160);
#2159 = CARTESIAN_POINT('',(-1.9,-0.325,0.2));
#2160 = VECTOR('',#2161,1.);
#2161 = DIRECTION('',(1.,-1.110223024625E-16,0.));
#2162 = ORIENTED_EDGE('',*,*,#2163,.T.);
#2163 = EDGE_CURVE('',#2156,#2164,#2166,.T.);
#2164 = VERTEX_POINT('',#2165);
#2165 = CARTESIAN_POINT('',(-1.720627212034,-0.325,0.29916221868));
#2166 = CIRCLE('',#2167,0.12);
#2167 = AXIS2_PLACEMENT_3D('',#2168,#2169,#2170);
#2168 = CARTESIAN_POINT('',(-1.838804142396,-0.325,0.32));
#2169 = DIRECTION('',(-1.110223024625E-16,-1.,0.));
#2170 = DIRECTION('',(1.850371707709E-15,-2.054325274013E-31,-1.));
#2171 = ORIENTED_EDGE('',*,*,#2172,.T.);
#2172 = EDGE_CURVE('',#2164,#2173,#2175,.T.);
#2173 = VERTEX_POINT('',#2174);
#2174 = CARTESIAN_POINT('',(-1.690138480964,-0.325,0.510567416853));
#2175 = LINE('',#2176,#2177);
#2176 = CARTESIAN_POINT('',(-1.720627212034,-0.325,0.29916221868));
#2177 = VECTOR('',#2178,1.);
#2178 = DIRECTION('',(0.142742572604,-1.584760906992E-17,0.989759848633)
  );
#2179 = ORIENTED_EDGE('',*,*,#2180,.T.);
#2180 = EDGE_CURVE('',#2173,#1754,#2181,.T.);
#2181 = CIRCLE('',#2182,0.32);
#2182 = AXIS2_PLACEMENT_3D('',#2183,#2184,#2185);
#2183 = CARTESIAN_POINT('',(-1.375,-0.325,0.455));
#2184 = DIRECTION('',(1.110223024625E-16,1.,0.));
#2185 = DIRECTION('',(-0.984807753012,1.093356242223E-16,0.173648177667)
  );
#2186 = PLANE('',#2187);
#2187 = AXIS2_PLACEMENT_3D('',#2188,#2189,#2190);
#2188 = CARTESIAN_POINT('',(-1.610729118287,-0.325,0.384660577966));
#2189 = DIRECTION('',(1.110223024625E-16,1.,0.));
#2190 = DIRECTION('',(0.,-0.,1.));
#2191 = ADVANCED_FACE('',(#2192),#2210,.F.);
#2192 = FACE_BOUND('',#2193,.F.);
#2193 = EDGE_LOOP('',(#2194,#2195,#2203,#2209));
#2194 = ORIENTED_EDGE('',*,*,#1785,.T.);
#2195 = ORIENTED_EDGE('',*,*,#2196,.T.);
#2196 = EDGE_CURVE('',#1777,#2197,#2199,.T.);
#2197 = VERTEX_POINT('',#2198);
#2198 = CARTESIAN_POINT('',(-1.523665661432,0.325,0.264432583147));
#2199 = LINE('',#2200,#2201);
#2200 = CARTESIAN_POINT('',(-1.493176930361,0.325,0.47583778132));
#2201 = VECTOR('',#2202,1.);
#2202 = DIRECTION('',(-0.142742572604,1.584760906992E-17,-0.989759848633
    ));
#2203 = ORIENTED_EDGE('',*,*,#2204,.F.);
#2204 = EDGE_CURVE('',#2123,#2197,#2205,.T.);
#2205 = LINE('',#2206,#2207);
#2206 = CARTESIAN_POINT('',(-1.523665661432,-0.325,0.264432583147));
#2207 = VECTOR('',#2208,1.);
#2208 = DIRECTION('',(1.110223024625E-16,1.,0.));
#2209 = ORIENTED_EDGE('',*,*,#2122,.F.);
#2210 = PLANE('',#2211);
#2211 = AXIS2_PLACEMENT_3D('',#2212,#2213,#2214);
#2212 = CARTESIAN_POINT('',(-1.493176930361,-0.325,0.47583778132));
#2213 = DIRECTION('',(-0.989759848633,1.098854172802E-16,0.142742572604)
  );
#2214 = DIRECTION('',(-0.142742572604,1.584760906992E-17,-0.989759848633
    ));
#2215 = ADVANCED_FACE('',(#2216),#2278,.T.);
#2216 = FACE_BOUND('',#2217,.T.);
#2217 = EDGE_LOOP('',(#2218,#2219,#2220,#2221,#2230,#2238,#2246,#2254,
    #2263,#2271));
#2218 = ORIENTED_EDGE('',*,*,#1808,.F.);
#2219 = ORIENTED_EDGE('',*,*,#1776,.T.);
#2220 = ORIENTED_EDGE('',*,*,#2196,.T.);
#2221 = ORIENTED_EDGE('',*,*,#2222,.T.);
#2222 = EDGE_CURVE('',#2197,#2223,#2225,.T.);
#2223 = VERTEX_POINT('',#2224);
#2224 = CARTESIAN_POINT('',(-1.838804142396,0.325,-5.551115123126E-17));
#2225 = CIRCLE('',#2226,0.32);
#2226 = AXIS2_PLACEMENT_3D('',#2227,#2228,#2229);
#2227 = CARTESIAN_POINT('',(-1.838804142396,0.325,0.32));
#2228 = DIRECTION('',(1.110223024625E-16,1.,0.));
#2229 = DIRECTION('',(0.984807753012,-1.093356242223E-16,-0.173648177667
    ));
#2230 = ORIENTED_EDGE('',*,*,#2231,.T.);
#2231 = EDGE_CURVE('',#2223,#2232,#2234,.T.);
#2232 = VERTEX_POINT('',#2233);
#2233 = CARTESIAN_POINT('',(-1.9,0.325,-5.551115123126E-17));
#2234 = LINE('',#2235,#2236);
#2235 = CARTESIAN_POINT('',(-1.838804142396,0.325,-5.551115123126E-17));
#2236 = VECTOR('',#2237,1.);
#2237 = DIRECTION('',(-1.,1.110223024625E-16,0.));
#2238 = ORIENTED_EDGE('',*,*,#2239,.T.);
#2239 = EDGE_CURVE('',#2232,#2240,#2242,.T.);
#2240 = VERTEX_POINT('',#2241);
#2241 = CARTESIAN_POINT('',(-1.9,0.325,0.2));
#2242 = LINE('',#2243,#2244);
#2243 = CARTESIAN_POINT('',(-1.9,0.325,-5.551115123126E-17));
#2244 = VECTOR('',#2245,1.);
#2245 = DIRECTION('',(0.,0.,1.));
#2246 = ORIENTED_EDGE('',*,*,#2247,.T.);
#2247 = EDGE_CURVE('',#2240,#2248,#2250,.T.);
#2248 = VERTEX_POINT('',#2249);
#2249 = CARTESIAN_POINT('',(-1.838804142396,0.325,0.2));
#2250 = LINE('',#2251,#2252);
#2251 = CARTESIAN_POINT('',(-1.9,0.325,0.2));
#2252 = VECTOR('',#2253,1.);
#2253 = DIRECTION('',(1.,-1.110223024625E-16,0.));
#2254 = ORIENTED_EDGE('',*,*,#2255,.T.);
#2255 = EDGE_CURVE('',#2248,#2256,#2258,.T.);
#2256 = VERTEX_POINT('',#2257);
#2257 = CARTESIAN_POINT('',(-1.720627212034,0.325,0.29916221868));
#2258 = CIRCLE('',#2259,0.12);
#2259 = AXIS2_PLACEMENT_3D('',#2260,#2261,#2262);
#2260 = CARTESIAN_POINT('',(-1.838804142396,0.325,0.32));
#2261 = DIRECTION('',(-1.110223024625E-16,-1.,0.));
#2262 = DIRECTION('',(1.850371707709E-15,-2.054325274013E-31,-1.));
#2263 = ORIENTED_EDGE('',*,*,#2264,.T.);
#2264 = EDGE_CURVE('',#2256,#2265,#2267,.T.);
#2265 = VERTEX_POINT('',#2266);
#2266 = CARTESIAN_POINT('',(-1.690138480964,0.325,0.510567416853));
#2267 = LINE('',#2268,#2269);
#2268 = CARTESIAN_POINT('',(-1.720627212034,0.325,0.29916221868));
#2269 = VECTOR('',#2270,1.);
#2270 = DIRECTION('',(0.142742572604,-1.584760906992E-17,0.989759848633)
  );
#2271 = ORIENTED_EDGE('',*,*,#2272,.T.);
#2272 = EDGE_CURVE('',#2265,#1809,#2273,.T.);
#2273 = CIRCLE('',#2274,0.32);
#2274 = AXIS2_PLACEMENT_3D('',#2275,#2276,#2277);
#2275 = CARTESIAN_POINT('',(-1.375,0.325,0.455));
#2276 = DIRECTION('',(1.110223024625E-16,1.,0.));
#2277 = DIRECTION('',(-0.984807753012,1.093356242223E-16,0.173648177667)
  );
#2278 = PLANE('',#2279);
#2279 = AXIS2_PLACEMENT_3D('',#2280,#2281,#2282);
#2280 = CARTESIAN_POINT('',(-1.610729118287,0.325,0.384660577966));
#2281 = DIRECTION('',(1.110223024625E-16,1.,0.));
#2282 = DIRECTION('',(0.,-0.,1.));
#2283 = ADVANCED_FACE('',(#2284),#2366,.F.);
#2284 = FACE_BOUND('',#2285,.F.);
#2285 = EDGE_LOOP('',(#2286,#2294,#2295,#2296,#2304,#2312,#2320,#2328,
    #2336,#2344,#2352,#2360));
#2286 = ORIENTED_EDGE('',*,*,#2287,.F.);
#2287 = EDGE_CURVE('',#1809,#2288,#2290,.T.);
#2288 = VERTEX_POINT('',#2289);
#2289 = CARTESIAN_POINT('',(-1.35,0.325,0.775));
#2290 = LINE('',#2291,#2292);
#2291 = CARTESIAN_POINT('',(-1.375,0.325,0.775));
#2292 = VECTOR('',#2293,1.);
#2293 = DIRECTION('',(1.,-1.110223024625E-16,0.));
#2294 = ORIENTED_EDGE('',*,*,#1824,.T.);
#2295 = ORIENTED_EDGE('',*,*,#1994,.T.);
#2296 = ORIENTED_EDGE('',*,*,#2297,.T.);
#2297 = EDGE_CURVE('',#1988,#2298,#2300,.T.);
#2298 = VERTEX_POINT('',#2299);
#2299 = CARTESIAN_POINT('',(1.28,0.8,0.775));
#2300 = LINE('',#2301,#2302);
#2301 = CARTESIAN_POINT('',(-1.28,0.8,0.775));
#2302 = VECTOR('',#2303,1.);
#2303 = DIRECTION('',(1.,0.,0.));
#2304 = ORIENTED_EDGE('',*,*,#2305,.T.);
#2305 = EDGE_CURVE('',#2298,#2306,#2308,.T.);
#2306 = VERTEX_POINT('',#2307);
#2307 = CARTESIAN_POINT('',(1.375,0.705,0.775));
#2308 = LINE('',#2309,#2310);
#2309 = CARTESIAN_POINT('',(1.28,0.8,0.775));
#2310 = VECTOR('',#2311,1.);
#2311 = DIRECTION('',(0.707106781187,-0.707106781187,0.));
#2312 = ORIENTED_EDGE('',*,*,#2313,.T.);
#2313 = EDGE_CURVE('',#2306,#2314,#2316,.T.);
#2314 = VERTEX_POINT('',#2315);
#2315 = CARTESIAN_POINT('',(1.375,0.325,0.775));
#2316 = LINE('',#2317,#2318);
#2317 = CARTESIAN_POINT('',(1.375,0.705,0.775));
#2318 = VECTOR('',#2319,1.);
#2319 = DIRECTION('',(0.,-1.,0.));
#2320 = ORIENTED_EDGE('',*,*,#2321,.T.);
#2321 = EDGE_CURVE('',#2314,#2322,#2324,.T.);
#2322 = VERTEX_POINT('',#2323);
#2323 = CARTESIAN_POINT('',(1.35,0.325,0.775));
#2324 = LINE('',#2325,#2326);
#2325 = CARTESIAN_POINT('',(1.375,0.325,0.775));
#2326 = VECTOR('',#2327,1.);
#2327 = DIRECTION('',(-1.,2.22044604925E-16,0.));
#2328 = ORIENTED_EDGE('',*,*,#2329,.F.);
#2329 = EDGE_CURVE('',#2330,#2322,#2332,.T.);
#2330 = VERTEX_POINT('',#2331);
#2331 = CARTESIAN_POINT('',(1.35,0.6925,0.775));
#2332 = LINE('',#2333,#2334);
#2333 = CARTESIAN_POINT('',(1.35,0.6925,0.775));
#2334 = VECTOR('',#2335,1.);
#2335 = DIRECTION('',(0.,-1.,0.));
#2336 = ORIENTED_EDGE('',*,*,#2337,.F.);
#2337 = EDGE_CURVE('',#2338,#2330,#2340,.T.);
#2338 = VERTEX_POINT('',#2339);
#2339 = CARTESIAN_POINT('',(1.2675,0.775,0.775));
#2340 = LINE('',#2341,#2342);
#2341 = CARTESIAN_POINT('',(1.2675,0.775,0.775));
#2342 = VECTOR('',#2343,1.);
#2343 = DIRECTION('',(0.707106781187,-0.707106781187,0.));
#2344 = ORIENTED_EDGE('',*,*,#2345,.F.);
#2345 = EDGE_CURVE('',#2346,#2338,#2348,.T.);
#2346 = VERTEX_POINT('',#2347);
#2347 = CARTESIAN_POINT('',(-1.2675,0.775,0.775));
#2348 = LINE('',#2349,#2350);
#2349 = CARTESIAN_POINT('',(-1.2675,0.775,0.775));
#2350 = VECTOR('',#2351,1.);
#2351 = DIRECTION('',(1.,0.,0.));
#2352 = ORIENTED_EDGE('',*,*,#2353,.F.);
#2353 = EDGE_CURVE('',#2354,#2346,#2356,.T.);
#2354 = VERTEX_POINT('',#2355);
#2355 = CARTESIAN_POINT('',(-1.35,0.6925,0.775));
#2356 = LINE('',#2357,#2358);
#2357 = CARTESIAN_POINT('',(-1.35,0.6925,0.775));
#2358 = VECTOR('',#2359,1.);
#2359 = DIRECTION('',(0.707106781187,0.707106781187,0.));
#2360 = ORIENTED_EDGE('',*,*,#2361,.F.);
#2361 = EDGE_CURVE('',#2288,#2354,#2362,.T.);
#2362 = LINE('',#2363,#2364);
#2363 = CARTESIAN_POINT('',(-1.35,-0.6925,0.775));
#2364 = VECTOR('',#2365,1.);
#2365 = DIRECTION('',(0.,1.,0.));
#2366 = PLANE('',#2367);
#2367 = AXIS2_PLACEMENT_3D('',#2368,#2369,#2370);
#2368 = CARTESIAN_POINT('',(-1.3625,-4.954714324773E-17,0.775));
#2369 = DIRECTION('',(-7.340317518656E-17,9.85275154485E-18,-1.));
#2370 = DIRECTION('',(7.342878714278E-20,1.,9.85275154485E-18));
#2371 = ADVANCED_FACE('',(#2372),#2382,.F.);
#2372 = FACE_BOUND('',#2373,.F.);
#2373 = EDGE_LOOP('',(#2374,#2375,#2376,#2377));
#2374 = ORIENTED_EDGE('',*,*,#1863,.T.);
#2375 = ORIENTED_EDGE('',*,*,#2019,.T.);
#2376 = ORIENTED_EDGE('',*,*,#2106,.F.);
#2377 = ORIENTED_EDGE('',*,*,#2378,.F.);
#2378 = EDGE_CURVE('',#1864,#2099,#2379,.T.);
#2379 = B_SPLINE_CURVE_WITH_KNOTS('',1,(#2380,#2381),.UNSPECIFIED.,.F.,
  .F.,(2,2),(0.,1.),.PIECEWISE_BEZIER_KNOTS.);
#2380 = CARTESIAN_POINT('',(1.28,-0.8,0.575));
#2381 = CARTESIAN_POINT('',(1.28,-0.8,0.775));
#2382 = PLANE('',#2383);
#2383 = AXIS2_PLACEMENT_3D('',#2384,#2385,#2386);
#2384 = CARTESIAN_POINT('',(1.28,-0.8,0.775));
#2385 = DIRECTION('',(0.,1.,0.));
#2386 = DIRECTION('',(-1.,0.,0.));
#2387 = ADVANCED_FACE('',(#2388),#2398,.F.);
#2388 = FACE_BOUND('',#2389,.F.);
#2389 = EDGE_LOOP('',(#2390,#2391,#2396,#2397));
#2390 = ORIENTED_EDGE('',*,*,#1892,.T.);
#2391 = ORIENTED_EDGE('',*,*,#2392,.T.);
#2392 = EDGE_CURVE('',#1886,#2298,#2393,.T.);
#2393 = B_SPLINE_CURVE_WITH_KNOTS('',1,(#2394,#2395),.UNSPECIFIED.,.F.,
  .F.,(2,2),(0.,1.),.PIECEWISE_BEZIER_KNOTS.);
#2394 = CARTESIAN_POINT('',(1.28,0.8,0.575));
#2395 = CARTESIAN_POINT('',(1.28,0.8,0.775));
#2396 = ORIENTED_EDGE('',*,*,#2297,.F.);
#2397 = ORIENTED_EDGE('',*,*,#1987,.F.);
#2398 = PLANE('',#2399);
#2399 = AXIS2_PLACEMENT_3D('',#2400,#2401,#2402);
#2400 = CARTESIAN_POINT('',(-1.28,0.8,0.775));
#2401 = DIRECTION('',(0.,-1.,0.));
#2402 = DIRECTION('',(1.,0.,0.));
#2403 = ADVANCED_FACE('',(#2404),#2414,.F.);
#2404 = FACE_BOUND('',#2405,.F.);
#2405 = EDGE_LOOP('',(#2406,#2407,#2408,#2409));
#2406 = ORIENTED_EDGE('',*,*,#1909,.T.);
#2407 = ORIENTED_EDGE('',*,*,#2378,.T.);
#2408 = ORIENTED_EDGE('',*,*,#2098,.F.);
#2409 = ORIENTED_EDGE('',*,*,#2410,.F.);
#2410 = EDGE_CURVE('',#1910,#2091,#2411,.T.);
#2411 = B_SPLINE_CURVE_WITH_KNOTS('',1,(#2412,#2413),.UNSPECIFIED.,.F.,
  .F.,(2,2),(0.,1.),.PIECEWISE_BEZIER_KNOTS.);
#2412 = CARTESIAN_POINT('',(1.375,-0.705,0.575));
#2413 = CARTESIAN_POINT('',(1.375,-0.705,0.775));
#2414 = PLANE('',#2415);
#2415 = AXIS2_PLACEMENT_3D('',#2416,#2417,#2418);
#2416 = CARTESIAN_POINT('',(1.375,-0.705,0.775));
#2417 = DIRECTION('',(-0.707106781187,0.707106781187,0.));
#2418 = DIRECTION('',(-0.707106781187,-0.707106781187,0.));
#2419 = ADVANCED_FACE('',(#2420),#2430,.F.);
#2420 = FACE_BOUND('',#2421,.F.);
#2421 = EDGE_LOOP('',(#2422,#2423,#2428,#2429));
#2422 = ORIENTED_EDGE('',*,*,#1938,.T.);
#2423 = ORIENTED_EDGE('',*,*,#2424,.T.);
#2424 = EDGE_CURVE('',#1932,#2306,#2425,.T.);
#2425 = B_SPLINE_CURVE_WITH_KNOTS('',1,(#2426,#2427),.UNSPECIFIED.,.F.,
  .F.,(2,2),(0.,1.),.PIECEWISE_BEZIER_KNOTS.);
#2426 = CARTESIAN_POINT('',(1.375,0.705,0.575));
#2427 = CARTESIAN_POINT('',(1.375,0.705,0.775));
#2428 = ORIENTED_EDGE('',*,*,#2305,.F.);
#2429 = ORIENTED_EDGE('',*,*,#2392,.F.);
#2430 = PLANE('',#2431);
#2431 = AXIS2_PLACEMENT_3D('',#2432,#2433,#2434);
#2432 = CARTESIAN_POINT('',(1.28,0.8,0.775));
#2433 = DIRECTION('',(-0.707106781187,-0.707106781187,0.));
#2434 = DIRECTION('',(0.707106781187,-0.707106781187,0.));
#2435 = ADVANCED_FACE('',(#2436),#2447,.F.);
#2436 = FACE_BOUND('',#2437,.F.);
#2437 = EDGE_LOOP('',(#2438,#2439,#2440,#2446));
#2438 = ORIENTED_EDGE('',*,*,#2424,.F.);
#2439 = ORIENTED_EDGE('',*,*,#1971,.T.);
#2440 = ORIENTED_EDGE('',*,*,#2441,.T.);
#2441 = EDGE_CURVE('',#1964,#2314,#2442,.T.);
#2442 = LINE('',#2443,#2444);
#2443 = CARTESIAN_POINT('',(1.375,0.325,0.579830288983));
#2444 = VECTOR('',#2445,1.);
#2445 = DIRECTION('',(0.,0.,1.));
#2446 = ORIENTED_EDGE('',*,*,#2313,.F.);
#2447 = PLANE('',#2448);
#2448 = AXIS2_PLACEMENT_3D('',#2449,#2450,#2451);
#2449 = CARTESIAN_POINT('',(1.375,0.705,0.775));
#2450 = DIRECTION('',(-1.,0.,0.));
#2451 = DIRECTION('',(0.,-1.,0.));
#2452 = ADVANCED_FACE('',(#2453),#2480,.F.);
#2453 = FACE_BOUND('',#2454,.F.);
#2454 = EDGE_LOOP('',(#2455,#2456,#2465,#2473));
#2455 = ORIENTED_EDGE('',*,*,#1963,.T.);
#2456 = ORIENTED_EDGE('',*,*,#2457,.T.);
#2457 = EDGE_CURVE('',#1956,#2458,#2460,.T.);
#2458 = VERTEX_POINT('',#2459);
#2459 = CARTESIAN_POINT('',(1.493176930361,-0.325,0.47583778132));
#2460 = CIRCLE('',#2461,0.12);
#2461 = AXIS2_PLACEMENT_3D('',#2462,#2463,#2464);
#2462 = CARTESIAN_POINT('',(1.375,-0.325,0.455));
#2463 = DIRECTION('',(2.22044604925E-16,1.,0.));
#2464 = DIRECTION('',(-9.251858538543E-16,2.054325274013E-31,1.));
#2465 = ORIENTED_EDGE('',*,*,#2466,.F.);
#2466 = EDGE_CURVE('',#2467,#2458,#2469,.T.);
#2467 = VERTEX_POINT('',#2468);
#2468 = CARTESIAN_POINT('',(1.493176930361,0.325,0.47583778132));
#2469 = LINE('',#2470,#2471);
#2470 = CARTESIAN_POINT('',(1.493176930361,0.325,0.47583778132));
#2471 = VECTOR('',#2472,1.);
#2472 = DIRECTION('',(-2.22044604925E-16,-1.,0.));
#2473 = ORIENTED_EDGE('',*,*,#2474,.F.);
#2474 = EDGE_CURVE('',#1964,#2467,#2475,.T.);
#2475 = CIRCLE('',#2476,0.12);
#2476 = AXIS2_PLACEMENT_3D('',#2477,#2478,#2479);
#2477 = CARTESIAN_POINT('',(1.375,0.325,0.455));
#2478 = DIRECTION('',(2.22044604925E-16,1.,0.));
#2479 = DIRECTION('',(-9.251858538543E-16,2.054325274013E-31,1.));
#2480 = CYLINDRICAL_SURFACE('',#2481,0.12);
#2481 = AXIS2_PLACEMENT_3D('',#2482,#2483,#2484);
#2482 = CARTESIAN_POINT('',(1.375,0.325,0.455));
#2483 = DIRECTION('',(2.22044604925E-16,1.,0.));
#2484 = DIRECTION('',(-9.251858538543E-16,2.054325274013E-31,1.));
#2485 = ADVANCED_FACE('',(#2486),#2497,.F.);
#2486 = FACE_BOUND('',#2487,.F.);
#2487 = EDGE_LOOP('',(#2488,#2494,#2495,#2496));
#2488 = ORIENTED_EDGE('',*,*,#2489,.F.);
#2489 = EDGE_CURVE('',#1956,#2083,#2490,.T.);
#2490 = LINE('',#2491,#2492);
#2491 = CARTESIAN_POINT('',(1.375,-0.325,0.579830288983));
#2492 = VECTOR('',#2493,1.);
#2493 = DIRECTION('',(0.,0.,1.));
#2494 = ORIENTED_EDGE('',*,*,#1955,.T.);
#2495 = ORIENTED_EDGE('',*,*,#2410,.T.);
#2496 = ORIENTED_EDGE('',*,*,#2090,.F.);
#2497 = PLANE('',#2498);
#2498 = AXIS2_PLACEMENT_3D('',#2499,#2500,#2501);
#2499 = CARTESIAN_POINT('',(1.375,0.705,0.775));
#2500 = DIRECTION('',(-1.,0.,0.));
#2501 = DIRECTION('',(0.,-1.,0.));
#2502 = ADVANCED_FACE('',(#2503),#2519,.F.);
#2503 = FACE_BOUND('',#2504,.F.);
#2504 = EDGE_LOOP('',(#2505,#2506,#2512,#2513));
#2505 = ORIENTED_EDGE('',*,*,#2321,.F.);
#2506 = ORIENTED_EDGE('',*,*,#2507,.T.);
#2507 = EDGE_CURVE('',#2314,#2083,#2508,.T.);
#2508 = LINE('',#2509,#2510);
#2509 = CARTESIAN_POINT('',(1.375,0.325,0.775));
#2510 = VECTOR('',#2511,1.);
#2511 = DIRECTION('',(-2.22044604925E-16,-1.,0.));
#2512 = ORIENTED_EDGE('',*,*,#2082,.T.);
#2513 = ORIENTED_EDGE('',*,*,#2514,.F.);
#2514 = EDGE_CURVE('',#2322,#2075,#2515,.T.);
#2515 = LINE('',#2516,#2517);
#2516 = CARTESIAN_POINT('',(1.35,0.6925,0.775));
#2517 = VECTOR('',#2518,1.);
#2518 = DIRECTION('',(0.,-1.,0.));
#2519 = PLANE('',#2520);
#2520 = AXIS2_PLACEMENT_3D('',#2521,#2522,#2523);
#2521 = CARTESIAN_POINT('',(1.375,0.325,0.775));
#2522 = DIRECTION('',(0.,0.,-1.));
#2523 = DIRECTION('',(-1.,2.22044604925E-16,0.));
#2524 = ADVANCED_FACE('',(#2525),#2550,.F.);
#2525 = FACE_BOUND('',#2526,.F.);
#2526 = EDGE_LOOP('',(#2527,#2528,#2529,#2530,#2537,#2545));
#2527 = ORIENTED_EDGE('',*,*,#2329,.T.);
#2528 = ORIENTED_EDGE('',*,*,#2514,.T.);
#2529 = ORIENTED_EDGE('',*,*,#2074,.T.);
#2530 = ORIENTED_EDGE('',*,*,#2531,.T.);
#2531 = EDGE_CURVE('',#2067,#2532,#2534,.T.);
#2532 = VERTEX_POINT('',#2533);
#2533 = CARTESIAN_POINT('',(1.283243103516,-0.659121551758,1.25));
#2534 = B_SPLINE_CURVE_WITH_KNOTS('',1,(#2535,#2536),.UNSPECIFIED.,.F.,
  .F.,(2,2),(0.,1.),.PIECEWISE_BEZIER_KNOTS.);
#2535 = CARTESIAN_POINT('',(1.35,-0.6925,0.775));
#2536 = CARTESIAN_POINT('',(1.283243103516,-0.659121551758,1.25));
#2537 = ORIENTED_EDGE('',*,*,#2538,.F.);
#2538 = EDGE_CURVE('',#2539,#2532,#2541,.T.);
#2539 = VERTEX_POINT('',#2540);
#2540 = CARTESIAN_POINT('',(1.283243103516,0.659121551758,1.25));
#2541 = LINE('',#2542,#2543);
#2542 = CARTESIAN_POINT('',(1.283243103516,0.659121551758,1.25));
#2543 = VECTOR('',#2544,1.);
#2544 = DIRECTION('',(0.,-1.,0.));
#2545 = ORIENTED_EDGE('',*,*,#2546,.F.);
#2546 = EDGE_CURVE('',#2330,#2539,#2547,.T.);
#2547 = B_SPLINE_CURVE_WITH_KNOTS('',1,(#2548,#2549),.UNSPECIFIED.,.F.,
  .F.,(2,2),(0.,1.),.PIECEWISE_BEZIER_KNOTS.);
#2548 = CARTESIAN_POINT('',(1.35,0.6925,0.775));
#2549 = CARTESIAN_POINT('',(1.283243103516,0.659121551758,1.25));
#2550 = B_SPLINE_SURFACE_WITH_KNOTS('',1,1,(
    (#2551,#2552)
    ,(#2553,#2554
    )),.UNSPECIFIED.,.F.,.F.,.F.,(2,2),(2,2),(0.,1.385),(0.,1.),
  .PIECEWISE_BEZIER_KNOTS.);
#2551 = CARTESIAN_POINT('',(1.35,0.6925,0.775));
#2552 = CARTESIAN_POINT('',(1.283243103516,0.659121551758,1.25));
#2553 = CARTESIAN_POINT('',(1.35,-0.6925,0.775));
#2554 = CARTESIAN_POINT('',(1.283243103516,-0.659121551758,1.25));
#2555 = ADVANCED_FACE('',(#2556),#2573,.F.);
#2556 = FACE_BOUND('',#2557,.F.);
#2557 = EDGE_LOOP('',(#2558,#2559,#2566,#2572));
#2558 = ORIENTED_EDGE('',*,*,#2066,.T.);
#2559 = ORIENTED_EDGE('',*,*,#2560,.T.);
#2560 = EDGE_CURVE('',#2059,#2561,#2563,.T.);
#2561 = VERTEX_POINT('',#2562);
#2562 = CARTESIAN_POINT('',(1.234121551758,-0.708243103516,1.25));
#2563 = B_SPLINE_CURVE_WITH_KNOTS('',1,(#2564,#2565),.UNSPECIFIED.,.F.,
  .F.,(2,2),(0.,1.),.PIECEWISE_BEZIER_KNOTS.);
#2564 = CARTESIAN_POINT('',(1.2675,-0.775,0.775));
#2565 = CARTESIAN_POINT('',(1.234121551758,-0.708243103516,1.25));
#2566 = ORIENTED_EDGE('',*,*,#2567,.F.);
#2567 = EDGE_CURVE('',#2532,#2561,#2568,.T.);
#2568 = LINE('',#2569,#2570);
#2569 = CARTESIAN_POINT('',(1.283243103516,-0.659121551758,1.25));
#2570 = VECTOR('',#2571,1.);
#2571 = DIRECTION('',(-0.707106781187,-0.707106781187,0.));
#2572 = ORIENTED_EDGE('',*,*,#2531,.F.);
#2573 = B_SPLINE_SURFACE_WITH_KNOTS('',1,1,(
    (#2574,#2575)
    ,(#2576,#2577
    )),.UNSPECIFIED.,.F.,.F.,.F.,(2,2),(2,2),(0.,0.116672618896),(0.,1.)
  ,.PIECEWISE_BEZIER_KNOTS.);
#2574 = CARTESIAN_POINT('',(1.35,-0.6925,0.775));
#2575 = CARTESIAN_POINT('',(1.283243103516,-0.659121551758,1.25));
#2576 = CARTESIAN_POINT('',(1.2675,-0.775,0.775));
#2577 = CARTESIAN_POINT('',(1.234121551758,-0.708243103516,1.25));
#2578 = ADVANCED_FACE('',(#2579),#2596,.F.);
#2579 = FACE_BOUND('',#2580,.F.);
#2580 = EDGE_LOOP('',(#2581,#2582,#2589,#2595));
#2581 = ORIENTED_EDGE('',*,*,#2058,.T.);
#2582 = ORIENTED_EDGE('',*,*,#2583,.T.);
#2583 = EDGE_CURVE('',#2051,#2584,#2586,.T.);
#2584 = VERTEX_POINT('',#2585);
#2585 = CARTESIAN_POINT('',(-1.234121551758,-0.708243103516,1.25));
#2586 = B_SPLINE_CURVE_WITH_KNOTS('',1,(#2587,#2588),.UNSPECIFIED.,.F.,
  .F.,(2,2),(0.,1.),.PIECEWISE_BEZIER_KNOTS.);
#2587 = CARTESIAN_POINT('',(-1.2675,-0.775,0.775));
#2588 = CARTESIAN_POINT('',(-1.234121551758,-0.708243103516,1.25));
#2589 = ORIENTED_EDGE('',*,*,#2590,.F.);
#2590 = EDGE_CURVE('',#2561,#2584,#2591,.T.);
#2591 = LINE('',#2592,#2593);
#2592 = CARTESIAN_POINT('',(1.234121551758,-0.708243103516,1.25));
#2593 = VECTOR('',#2594,1.);
#2594 = DIRECTION('',(-1.,0.,0.));
#2595 = ORIENTED_EDGE('',*,*,#2560,.F.);
#2596 = B_SPLINE_SURFACE_WITH_KNOTS('',1,1,(
    (#2597,#2598)
    ,(#2599,#2600
    )),.UNSPECIFIED.,.F.,.F.,.F.,(2,2),(2,2),(0.,2.535),(0.,1.),
  .PIECEWISE_BEZIER_KNOTS.);
#2597 = CARTESIAN_POINT('',(1.2675,-0.775,0.775));
#2598 = CARTESIAN_POINT('',(1.234121551758,-0.708243103516,1.25));
#2599 = CARTESIAN_POINT('',(-1.2675,-0.775,0.775));
#2600 = CARTESIAN_POINT('',(-1.234121551758,-0.708243103516,1.25));
#2601 = ADVANCED_FACE('',(#2602),#2619,.F.);
#2602 = FACE_BOUND('',#2603,.F.);
#2603 = EDGE_LOOP('',(#2604,#2605,#2612,#2618));
#2604 = ORIENTED_EDGE('',*,*,#2050,.T.);
#2605 = ORIENTED_EDGE('',*,*,#2606,.T.);
#2606 = EDGE_CURVE('',#2043,#2607,#2609,.T.);
#2607 = VERTEX_POINT('',#2608);
#2608 = CARTESIAN_POINT('',(-1.283243103516,-0.659121551758,1.25));
#2609 = B_SPLINE_CURVE_WITH_KNOTS('',1,(#2610,#2611),.UNSPECIFIED.,.F.,
  .F.,(2,2),(0.,1.),.PIECEWISE_BEZIER_KNOTS.);
#2610 = CARTESIAN_POINT('',(-1.35,-0.6925,0.775));
#2611 = CARTESIAN_POINT('',(-1.283243103516,-0.659121551758,1.25));
#2612 = ORIENTED_EDGE('',*,*,#2613,.F.);
#2613 = EDGE_CURVE('',#2584,#2607,#2614,.T.);
#2614 = LINE('',#2615,#2616);
#2615 = CARTESIAN_POINT('',(-1.234121551758,-0.708243103516,1.25));
#2616 = VECTOR('',#2617,1.);
#2617 = DIRECTION('',(-0.707106781187,0.707106781187,0.));
#2618 = ORIENTED_EDGE('',*,*,#2583,.F.);
#2619 = B_SPLINE_SURFACE_WITH_KNOTS('',1,1,(
    (#2620,#2621)
    ,(#2622,#2623
    )),.UNSPECIFIED.,.F.,.F.,.F.,(2,2),(2,2),(0.,0.116672618896),(0.,1.)
  ,.PIECEWISE_BEZIER_KNOTS.);
#2620 = CARTESIAN_POINT('',(-1.2675,-0.775,0.775));
#2621 = CARTESIAN_POINT('',(-1.234121551758,-0.708243103516,1.25));
#2622 = CARTESIAN_POINT('',(-1.35,-0.6925,0.775));
#2623 = CARTESIAN_POINT('',(-1.283243103516,-0.659121551758,1.25));
#2624 = ADVANCED_FACE('',(#2625),#2649,.F.);
#2625 = FACE_BOUND('',#2626,.F.);
#2626 = EDGE_LOOP('',(#2627,#2628,#2634,#2635,#2642,#2648));
#2627 = ORIENTED_EDGE('',*,*,#2042,.T.);
#2628 = ORIENTED_EDGE('',*,*,#2629,.T.);
#2629 = EDGE_CURVE('',#2035,#2288,#2630,.T.);
#2630 = LINE('',#2631,#2632);
#2631 = CARTESIAN_POINT('',(-1.35,-0.6925,0.775));
#2632 = VECTOR('',#2633,1.);
#2633 = DIRECTION('',(0.,1.,0.));
#2634 = ORIENTED_EDGE('',*,*,#2361,.T.);
#2635 = ORIENTED_EDGE('',*,*,#2636,.T.);
#2636 = EDGE_CURVE('',#2354,#2637,#2639,.T.);
#2637 = VERTEX_POINT('',#2638);
#2638 = CARTESIAN_POINT('',(-1.283243103516,0.659121551758,1.25));
#2639 = B_SPLINE_CURVE_WITH_KNOTS('',1,(#2640,#2641),.UNSPECIFIED.,.F.,
  .F.,(2,2),(0.,1.),.PIECEWISE_BEZIER_KNOTS.);
#2640 = CARTESIAN_POINT('',(-1.35,0.6925,0.775));
#2641 = CARTESIAN_POINT('',(-1.283243103516,0.659121551758,1.25));
#2642 = ORIENTED_EDGE('',*,*,#2643,.F.);
#2643 = EDGE_CURVE('',#2607,#2637,#2644,.T.);
#2644 = LINE('',#2645,#2646);
#2645 = CARTESIAN_POINT('',(-1.283243103516,-0.659121551758,1.25));
#2646 = VECTOR('',#2647,1.);
#2647 = DIRECTION('',(0.,1.,0.));
#2648 = ORIENTED_EDGE('',*,*,#2606,.F.);
#2649 = B_SPLINE_SURFACE_WITH_KNOTS('',1,1,(
    (#2650,#2651)
    ,(#2652,#2653
    )),.UNSPECIFIED.,.F.,.F.,.F.,(2,2),(2,2),(0.,1.385),(0.,1.),
  .PIECEWISE_BEZIER_KNOTS.);
#2650 = CARTESIAN_POINT('',(-1.35,-0.6925,0.775));
#2651 = CARTESIAN_POINT('',(-1.283243103516,-0.659121551758,1.25));
#2652 = CARTESIAN_POINT('',(-1.35,0.6925,0.775));
#2653 = CARTESIAN_POINT('',(-1.283243103516,0.659121551758,1.25));
#2654 = ADVANCED_FACE('',(#2655),#2666,.F.);
#2655 = FACE_BOUND('',#2656,.F.);
#2656 = EDGE_LOOP('',(#2657,#2658,#2664,#2665));
#2657 = ORIENTED_EDGE('',*,*,#2034,.F.);
#2658 = ORIENTED_EDGE('',*,*,#2659,.T.);
#2659 = EDGE_CURVE('',#1754,#1809,#2660,.T.);
#2660 = LINE('',#2661,#2662);
#2661 = CARTESIAN_POINT('',(-1.375,-0.325,0.775));
#2662 = VECTOR('',#2663,1.);
#2663 = DIRECTION('',(1.110223024625E-16,1.,0.));
#2664 = ORIENTED_EDGE('',*,*,#2287,.T.);
#2665 = ORIENTED_EDGE('',*,*,#2629,.F.);
#2666 = PLANE('',#2667);
#2667 = AXIS2_PLACEMENT_3D('',#2668,#2669,#2670);
#2668 = CARTESIAN_POINT('',(-1.375,-0.325,0.775));
#2669 = DIRECTION('',(0.,0.,-1.));
#2670 = DIRECTION('',(1.,-1.110223024625E-16,0.));
#2671 = ADVANCED_FACE('',(#2672),#2683,.T.);
#2672 = FACE_BOUND('',#2673,.T.);
#2673 = EDGE_LOOP('',(#2674,#2675,#2676,#2677));
#2674 = ORIENTED_EDGE('',*,*,#2180,.T.);
#2675 = ORIENTED_EDGE('',*,*,#2659,.T.);
#2676 = ORIENTED_EDGE('',*,*,#2272,.F.);
#2677 = ORIENTED_EDGE('',*,*,#2678,.F.);
#2678 = EDGE_CURVE('',#2173,#2265,#2679,.T.);
#2679 = LINE('',#2680,#2681);
#2680 = CARTESIAN_POINT('',(-1.690138480964,-0.325,0.510567416853));
#2681 = VECTOR('',#2682,1.);
#2682 = DIRECTION('',(1.110223024625E-16,1.,0.));
#2683 = CYLINDRICAL_SURFACE('',#2684,0.32);
#2684 = AXIS2_PLACEMENT_3D('',#2685,#2686,#2687);
#2685 = CARTESIAN_POINT('',(-1.375,-0.325,0.455));
#2686 = DIRECTION('',(-1.110223024625E-16,-1.,-0.));
#2687 = DIRECTION('',(-0.984807753012,1.093356242223E-16,0.173648177667)
  );
#2688 = ADVANCED_FACE('',(#2689),#2700,.F.);
#2689 = FACE_BOUND('',#2690,.F.);
#2690 = EDGE_LOOP('',(#2691,#2697,#2698,#2699));
#2691 = ORIENTED_EDGE('',*,*,#2692,.T.);
#2692 = EDGE_CURVE('',#2164,#2256,#2693,.T.);
#2693 = LINE('',#2694,#2695);
#2694 = CARTESIAN_POINT('',(-1.720627212034,-0.325,0.29916221868));
#2695 = VECTOR('',#2696,1.);
#2696 = DIRECTION('',(1.110223024625E-16,1.,0.));
#2697 = ORIENTED_EDGE('',*,*,#2264,.T.);
#2698 = ORIENTED_EDGE('',*,*,#2678,.F.);
#2699 = ORIENTED_EDGE('',*,*,#2172,.F.);
#2700 = PLANE('',#2701);
#2701 = AXIS2_PLACEMENT_3D('',#2702,#2703,#2704);
#2702 = CARTESIAN_POINT('',(-1.720627212034,-0.325,0.29916221868));
#2703 = DIRECTION('',(0.989759848633,-1.098854172802E-16,-0.142742572604
    ));
#2704 = DIRECTION('',(0.142742572604,-1.584760906992E-17,0.989759848633)
  );
#2705 = ADVANCED_FACE('',(#2706),#2717,.F.);
#2706 = FACE_BOUND('',#2707,.F.);
#2707 = EDGE_LOOP('',(#2708,#2714,#2715,#2716));
#2708 = ORIENTED_EDGE('',*,*,#2709,.T.);
#2709 = EDGE_CURVE('',#2156,#2248,#2710,.T.);
#2710 = LINE('',#2711,#2712);
#2711 = CARTESIAN_POINT('',(-1.838804142396,-0.325,0.2));
#2712 = VECTOR('',#2713,1.);
#2713 = DIRECTION('',(1.110223024625E-16,1.,0.));
#2714 = ORIENTED_EDGE('',*,*,#2255,.T.);
#2715 = ORIENTED_EDGE('',*,*,#2692,.F.);
#2716 = ORIENTED_EDGE('',*,*,#2163,.F.);
#2717 = CYLINDRICAL_SURFACE('',#2718,0.12);
#2718 = AXIS2_PLACEMENT_3D('',#2719,#2720,#2721);
#2719 = CARTESIAN_POINT('',(-1.838804142396,-0.325,0.32));
#2720 = DIRECTION('',(-1.110223024625E-16,-1.,0.));
#2721 = DIRECTION('',(1.850371707709E-15,-2.054325274013E-31,-1.));
#2722 = ADVANCED_FACE('',(#2723),#2734,.F.);
#2723 = FACE_BOUND('',#2724,.F.);
#2724 = EDGE_LOOP('',(#2725,#2731,#2732,#2733));
#2725 = ORIENTED_EDGE('',*,*,#2726,.T.);
#2726 = EDGE_CURVE('',#2148,#2240,#2727,.T.);
#2727 = LINE('',#2728,#2729);
#2728 = CARTESIAN_POINT('',(-1.9,-0.325,0.2));
#2729 = VECTOR('',#2730,1.);
#2730 = DIRECTION('',(1.110223024625E-16,1.,0.));
#2731 = ORIENTED_EDGE('',*,*,#2247,.T.);
#2732 = ORIENTED_EDGE('',*,*,#2709,.F.);
#2733 = ORIENTED_EDGE('',*,*,#2155,.F.);
#2734 = PLANE('',#2735);
#2735 = AXIS2_PLACEMENT_3D('',#2736,#2737,#2738);
#2736 = CARTESIAN_POINT('',(-1.9,-0.325,0.2));
#2737 = DIRECTION('',(0.,0.,-1.));
#2738 = DIRECTION('',(1.,-1.110223024625E-16,0.));
#2739 = ADVANCED_FACE('',(#2740),#2751,.F.);
#2740 = FACE_BOUND('',#2741,.F.);
#2741 = EDGE_LOOP('',(#2742,#2748,#2749,#2750));
#2742 = ORIENTED_EDGE('',*,*,#2743,.T.);
#2743 = EDGE_CURVE('',#2140,#2232,#2744,.T.);
#2744 = LINE('',#2745,#2746);
#2745 = CARTESIAN_POINT('',(-1.9,-0.325,-5.551115123126E-17));
#2746 = VECTOR('',#2747,1.);
#2747 = DIRECTION('',(1.110223024625E-16,1.,0.));
#2748 = ORIENTED_EDGE('',*,*,#2239,.T.);
#2749 = ORIENTED_EDGE('',*,*,#2726,.F.);
#2750 = ORIENTED_EDGE('',*,*,#2147,.F.);
#2751 = PLANE('',#2752);
#2752 = AXIS2_PLACEMENT_3D('',#2753,#2754,#2755);
#2753 = CARTESIAN_POINT('',(-1.9,-0.325,-5.551115123126E-17));
#2754 = DIRECTION('',(1.,-1.110223024625E-16,0.));
#2755 = DIRECTION('',(0.,0.,1.));
#2756 = ADVANCED_FACE('',(#2757),#2768,.F.);
#2757 = FACE_BOUND('',#2758,.F.);
#2758 = EDGE_LOOP('',(#2759,#2765,#2766,#2767));
#2759 = ORIENTED_EDGE('',*,*,#2760,.T.);
#2760 = EDGE_CURVE('',#2131,#2223,#2761,.T.);
#2761 = LINE('',#2762,#2763);
#2762 = CARTESIAN_POINT('',(-1.838804142396,-0.325,-5.551115123126E-17)
  );
#2763 = VECTOR('',#2764,1.);
#2764 = DIRECTION('',(1.110223024625E-16,1.,0.));
#2765 = ORIENTED_EDGE('',*,*,#2231,.T.);
#2766 = ORIENTED_EDGE('',*,*,#2743,.F.);
#2767 = ORIENTED_EDGE('',*,*,#2139,.F.);
#2768 = PLANE('',#2769);
#2769 = AXIS2_PLACEMENT_3D('',#2770,#2771,#2772);
#2770 = CARTESIAN_POINT('',(-1.838804142396,-0.325,-5.551115123126E-17)
  );
#2771 = DIRECTION('',(0.,0.,1.));
#2772 = DIRECTION('',(-1.,1.110223024625E-16,0.));
#2773 = ADVANCED_FACE('',(#2774),#2780,.T.);
#2774 = FACE_BOUND('',#2775,.T.);
#2775 = EDGE_LOOP('',(#2776,#2777,#2778,#2779));
#2776 = ORIENTED_EDGE('',*,*,#2130,.T.);
#2777 = ORIENTED_EDGE('',*,*,#2760,.T.);
#2778 = ORIENTED_EDGE('',*,*,#2222,.F.);
#2779 = ORIENTED_EDGE('',*,*,#2204,.F.);
#2780 = CYLINDRICAL_SURFACE('',#2781,0.32);
#2781 = AXIS2_PLACEMENT_3D('',#2782,#2783,#2784);
#2782 = CARTESIAN_POINT('',(-1.838804142396,-0.325,0.32));
#2783 = DIRECTION('',(-1.110223024625E-16,-1.,-0.));
#2784 = DIRECTION('',(0.984807753012,-1.093356242223E-16,-0.173648177667
    ));
#2785 = ADVANCED_FACE('',(#2786),#2803,.F.);
#2786 = FACE_BOUND('',#2787,.F.);
#2787 = EDGE_LOOP('',(#2788,#2789,#2796,#2802));
#2788 = ORIENTED_EDGE('',*,*,#2353,.T.);
#2789 = ORIENTED_EDGE('',*,*,#2790,.T.);
#2790 = EDGE_CURVE('',#2346,#2791,#2793,.T.);
#2791 = VERTEX_POINT('',#2792);
#2792 = CARTESIAN_POINT('',(-1.234121551758,0.708243103516,1.25));
#2793 = B_SPLINE_CURVE_WITH_KNOTS('',1,(#2794,#2795),.UNSPECIFIED.,.F.,
  .F.,(2,2),(0.,1.),.PIECEWISE_BEZIER_KNOTS.);
#2794 = CARTESIAN_POINT('',(-1.2675,0.775,0.775));
#2795 = CARTESIAN_POINT('',(-1.234121551758,0.708243103516,1.25));
#2796 = ORIENTED_EDGE('',*,*,#2797,.F.);
#2797 = EDGE_CURVE('',#2637,#2791,#2798,.T.);
#2798 = LINE('',#2799,#2800);
#2799 = CARTESIAN_POINT('',(-1.283243103516,0.659121551758,1.25));
#2800 = VECTOR('',#2801,1.);
#2801 = DIRECTION('',(0.707106781187,0.707106781187,0.));
#2802 = ORIENTED_EDGE('',*,*,#2636,.F.);
#2803 = B_SPLINE_SURFACE_WITH_KNOTS('',1,1,(
    (#2804,#2805)
    ,(#2806,#2807
    )),.UNSPECIFIED.,.F.,.F.,.F.,(2,2),(2,2),(0.,0.116672618896),(0.,1.)
  ,.PIECEWISE_BEZIER_KNOTS.);
#2804 = CARTESIAN_POINT('',(-1.35,0.6925,0.775));
#2805 = CARTESIAN_POINT('',(-1.283243103516,0.659121551758,1.25));
#2806 = CARTESIAN_POINT('',(-1.2675,0.775,0.775));
#2807 = CARTESIAN_POINT('',(-1.234121551758,0.708243103516,1.25));
#2808 = ADVANCED_FACE('',(#2809),#2826,.F.);
#2809 = FACE_BOUND('',#2810,.F.);
#2810 = EDGE_LOOP('',(#2811,#2812,#2819,#2825));
#2811 = ORIENTED_EDGE('',*,*,#2345,.T.);
#2812 = ORIENTED_EDGE('',*,*,#2813,.T.);
#2813 = EDGE_CURVE('',#2338,#2814,#2816,.T.);
#2814 = VERTEX_POINT('',#2815);
#2815 = CARTESIAN_POINT('',(1.234121551758,0.708243103516,1.25));
#2816 = B_SPLINE_CURVE_WITH_KNOTS('',1,(#2817,#2818),.UNSPECIFIED.,.F.,
  .F.,(2,2),(0.,1.),.PIECEWISE_BEZIER_KNOTS.);
#2817 = CARTESIAN_POINT('',(1.2675,0.775,0.775));
#2818 = CARTESIAN_POINT('',(1.234121551758,0.708243103516,1.25));
#2819 = ORIENTED_EDGE('',*,*,#2820,.F.);
#2820 = EDGE_CURVE('',#2791,#2814,#2821,.T.);
#2821 = LINE('',#2822,#2823);
#2822 = CARTESIAN_POINT('',(-1.234121551758,0.708243103516,1.25));
#2823 = VECTOR('',#2824,1.);
#2824 = DIRECTION('',(1.,0.,0.));
#2825 = ORIENTED_EDGE('',*,*,#2790,.F.);
#2826 = B_SPLINE_SURFACE_WITH_KNOTS('',1,1,(
    (#2827,#2828)
    ,(#2829,#2830
    )),.UNSPECIFIED.,.F.,.F.,.F.,(2,2),(2,2),(0.,2.535),(0.,1.),
  .PIECEWISE_BEZIER_KNOTS.);
#2827 = CARTESIAN_POINT('',(-1.2675,0.775,0.775));
#2828 = CARTESIAN_POINT('',(-1.234121551758,0.708243103516,1.25));
#2829 = CARTESIAN_POINT('',(1.2675,0.775,0.775));
#2830 = CARTESIAN_POINT('',(1.234121551758,0.708243103516,1.25));
#2831 = ADVANCED_FACE('',(#2832),#2843,.F.);
#2832 = FACE_BOUND('',#2833,.F.);
#2833 = EDGE_LOOP('',(#2834,#2835,#2836,#2842));
#2834 = ORIENTED_EDGE('',*,*,#2337,.T.);
#2835 = ORIENTED_EDGE('',*,*,#2546,.T.);
#2836 = ORIENTED_EDGE('',*,*,#2837,.F.);
#2837 = EDGE_CURVE('',#2814,#2539,#2838,.T.);
#2838 = LINE('',#2839,#2840);
#2839 = CARTESIAN_POINT('',(1.234121551758,0.708243103516,1.25));
#2840 = VECTOR('',#2841,1.);
#2841 = DIRECTION('',(0.707106781187,-0.707106781187,0.));
#2842 = ORIENTED_EDGE('',*,*,#2813,.F.);
#2843 = B_SPLINE_SURFACE_WITH_KNOTS('',1,1,(
    (#2844,#2845)
    ,(#2846,#2847
    )),.UNSPECIFIED.,.F.,.F.,.F.,(2,2),(2,2),(0.,0.116672618896),(0.,1.)
  ,.PIECEWISE_BEZIER_KNOTS.);
#2844 = CARTESIAN_POINT('',(1.2675,0.775,0.775));
#2845 = CARTESIAN_POINT('',(1.234121551758,0.708243103516,1.25));
#2846 = CARTESIAN_POINT('',(1.35,0.6925,0.775));
#2847 = CARTESIAN_POINT('',(1.283243103516,0.659121551758,1.25));
#2848 = ADVANCED_FACE('',(#2849),#2918,.F.);
#2849 = FACE_BOUND('',#2850,.F.);
#2850 = EDGE_LOOP('',(#2851,#2852,#2853,#2861,#2870,#2878,#2886,#2894,
    #2903,#2911));
#2851 = ORIENTED_EDGE('',*,*,#2441,.F.);
#2852 = ORIENTED_EDGE('',*,*,#2474,.T.);
#2853 = ORIENTED_EDGE('',*,*,#2854,.T.);
#2854 = EDGE_CURVE('',#2467,#2855,#2857,.T.);
#2855 = VERTEX_POINT('',#2856);
#2856 = CARTESIAN_POINT('',(1.523665661432,0.325,0.264432583147));
#2857 = LINE('',#2858,#2859);
#2858 = CARTESIAN_POINT('',(1.493176930361,0.325,0.47583778132));
#2859 = VECTOR('',#2860,1.);
#2860 = DIRECTION('',(0.142742572604,-3.169521813984E-17,-0.989759848633
    ));
#2861 = ORIENTED_EDGE('',*,*,#2862,.T.);
#2862 = EDGE_CURVE('',#2855,#2863,#2865,.T.);
#2863 = VERTEX_POINT('',#2864);
#2864 = CARTESIAN_POINT('',(1.838804142396,0.325,-5.551115123126E-17));
#2865 = CIRCLE('',#2866,0.32);
#2866 = AXIS2_PLACEMENT_3D('',#2867,#2868,#2869);
#2867 = CARTESIAN_POINT('',(1.838804142396,0.325,0.32));
#2868 = DIRECTION('',(-2.22044604925E-16,-1.,0.));
#2869 = DIRECTION('',(-0.984807753012,2.186712484447E-16,-0.173648177667
    ));
#2870 = ORIENTED_EDGE('',*,*,#2871,.T.);
#2871 = EDGE_CURVE('',#2863,#2872,#2874,.T.);
#2872 = VERTEX_POINT('',#2873);
#2873 = CARTESIAN_POINT('',(1.9,0.325,-5.551115123126E-17));
#2874 = LINE('',#2875,#2876);
#2875 = CARTESIAN_POINT('',(1.838804142396,0.325,-5.551115123126E-17));
#2876 = VECTOR('',#2877,1.);
#2877 = DIRECTION('',(1.,-2.22044604925E-16,0.));
#2878 = ORIENTED_EDGE('',*,*,#2879,.T.);
#2879 = EDGE_CURVE('',#2872,#2880,#2882,.T.);
#2880 = VERTEX_POINT('',#2881);
#2881 = CARTESIAN_POINT('',(1.9,0.325,0.2));
#2882 = LINE('',#2883,#2884);
#2883 = CARTESIAN_POINT('',(1.9,0.325,-5.551115123126E-17));
#2884 = VECTOR('',#2885,1.);
#2885 = DIRECTION('',(0.,0.,1.));
#2886 = ORIENTED_EDGE('',*,*,#2887,.T.);
#2887 = EDGE_CURVE('',#2880,#2888,#2890,.T.);
#2888 = VERTEX_POINT('',#2889);
#2889 = CARTESIAN_POINT('',(1.838804142396,0.325,0.2));
#2890 = LINE('',#2891,#2892);
#2891 = CARTESIAN_POINT('',(1.9,0.325,0.2));
#2892 = VECTOR('',#2893,1.);
#2893 = DIRECTION('',(-1.,2.22044604925E-16,0.));
#2894 = ORIENTED_EDGE('',*,*,#2895,.T.);
#2895 = EDGE_CURVE('',#2888,#2896,#2898,.T.);
#2896 = VERTEX_POINT('',#2897);
#2897 = CARTESIAN_POINT('',(1.720627212034,0.325,0.29916221868));
#2898 = CIRCLE('',#2899,0.12);
#2899 = AXIS2_PLACEMENT_3D('',#2900,#2901,#2902);
#2900 = CARTESIAN_POINT('',(1.838804142396,0.325,0.32));
#2901 = DIRECTION('',(2.22044604925E-16,1.,0.));
#2902 = DIRECTION('',(-1.850371707709E-15,4.108650548026E-31,-1.));
#2903 = ORIENTED_EDGE('',*,*,#2904,.T.);
#2904 = EDGE_CURVE('',#2896,#2905,#2907,.T.);
#2905 = VERTEX_POINT('',#2906);
#2906 = CARTESIAN_POINT('',(1.690138480964,0.325,0.510567416853));
#2907 = LINE('',#2908,#2909);
#2908 = CARTESIAN_POINT('',(1.720627212034,0.325,0.29916221868));
#2909 = VECTOR('',#2910,1.);
#2910 = DIRECTION('',(-0.142742572604,3.169521813984E-17,0.989759848633)
  );
#2911 = ORIENTED_EDGE('',*,*,#2912,.T.);
#2912 = EDGE_CURVE('',#2905,#2314,#2913,.T.);
#2913 = CIRCLE('',#2914,0.32);
#2914 = AXIS2_PLACEMENT_3D('',#2915,#2916,#2917);
#2915 = CARTESIAN_POINT('',(1.375,0.325,0.455));
#2916 = DIRECTION('',(-2.22044604925E-16,-1.,0.));
#2917 = DIRECTION('',(0.984807753012,-2.186712484447E-16,0.173648177667)
  );
#2918 = PLANE('',#2919);
#2919 = AXIS2_PLACEMENT_3D('',#2920,#2921,#2922);
#2920 = CARTESIAN_POINT('',(1.610729118287,0.325,0.384660577966));
#2921 = DIRECTION('',(-2.22044604925E-16,-1.,0.));
#2922 = DIRECTION('',(0.,0.,1.));
#2923 = ADVANCED_FACE('',(#2924),#2942,.F.);
#2924 = FACE_BOUND('',#2925,.F.);
#2925 = EDGE_LOOP('',(#2926,#2927,#2935,#2941));
#2926 = ORIENTED_EDGE('',*,*,#2466,.T.);
#2927 = ORIENTED_EDGE('',*,*,#2928,.T.);
#2928 = EDGE_CURVE('',#2458,#2929,#2931,.T.);
#2929 = VERTEX_POINT('',#2930);
#2930 = CARTESIAN_POINT('',(1.523665661432,-0.325,0.264432583147));
#2931 = LINE('',#2932,#2933);
#2932 = CARTESIAN_POINT('',(1.493176930361,-0.325,0.47583778132));
#2933 = VECTOR('',#2934,1.);
#2934 = DIRECTION('',(0.142742572604,-3.169521813984E-17,-0.989759848633
    ));
#2935 = ORIENTED_EDGE('',*,*,#2936,.F.);
#2936 = EDGE_CURVE('',#2855,#2929,#2937,.T.);
#2937 = LINE('',#2938,#2939);
#2938 = CARTESIAN_POINT('',(1.523665661432,0.325,0.264432583147));
#2939 = VECTOR('',#2940,1.);
#2940 = DIRECTION('',(-2.22044604925E-16,-1.,0.));
#2941 = ORIENTED_EDGE('',*,*,#2854,.F.);
#2942 = PLANE('',#2943);
#2943 = AXIS2_PLACEMENT_3D('',#2944,#2945,#2946);
#2944 = CARTESIAN_POINT('',(1.493176930361,0.325,0.47583778132));
#2945 = DIRECTION('',(0.989759848633,-2.197708345604E-16,0.142742572604)
  );
#2946 = DIRECTION('',(0.142742572604,-3.169521813984E-17,-0.989759848633
    ));
#2947 = ADVANCED_FACE('',(#2948),#3010,.T.);
#2948 = FACE_BOUND('',#2949,.T.);
#2949 = EDGE_LOOP('',(#2950,#2951,#2952,#2953,#2962,#2970,#2978,#2986,
    #2995,#3003));
#2950 = ORIENTED_EDGE('',*,*,#2489,.F.);
#2951 = ORIENTED_EDGE('',*,*,#2457,.T.);
#2952 = ORIENTED_EDGE('',*,*,#2928,.T.);
#2953 = ORIENTED_EDGE('',*,*,#2954,.T.);
#2954 = EDGE_CURVE('',#2929,#2955,#2957,.T.);
#2955 = VERTEX_POINT('',#2956);
#2956 = CARTESIAN_POINT('',(1.838804142396,-0.325,-5.551115123126E-17));
#2957 = CIRCLE('',#2958,0.32);
#2958 = AXIS2_PLACEMENT_3D('',#2959,#2960,#2961);
#2959 = CARTESIAN_POINT('',(1.838804142396,-0.325,0.32));
#2960 = DIRECTION('',(-2.22044604925E-16,-1.,0.));
#2961 = DIRECTION('',(-0.984807753012,2.186712484447E-16,-0.173648177667
    ));
#2962 = ORIENTED_EDGE('',*,*,#2963,.T.);
#2963 = EDGE_CURVE('',#2955,#2964,#2966,.T.);
#2964 = VERTEX_POINT('',#2965);
#2965 = CARTESIAN_POINT('',(1.9,-0.325,-5.551115123126E-17));
#2966 = LINE('',#2967,#2968);
#2967 = CARTESIAN_POINT('',(1.838804142396,-0.325,-5.551115123126E-17));
#2968 = VECTOR('',#2969,1.);
#2969 = DIRECTION('',(1.,-2.22044604925E-16,0.));
#2970 = ORIENTED_EDGE('',*,*,#2971,.T.);
#2971 = EDGE_CURVE('',#2964,#2972,#2974,.T.);
#2972 = VERTEX_POINT('',#2973);
#2973 = CARTESIAN_POINT('',(1.9,-0.325,0.2));
#2974 = LINE('',#2975,#2976);
#2975 = CARTESIAN_POINT('',(1.9,-0.325,-5.551115123126E-17));
#2976 = VECTOR('',#2977,1.);
#2977 = DIRECTION('',(0.,0.,1.));
#2978 = ORIENTED_EDGE('',*,*,#2979,.T.);
#2979 = EDGE_CURVE('',#2972,#2980,#2982,.T.);
#2980 = VERTEX_POINT('',#2981);
#2981 = CARTESIAN_POINT('',(1.838804142396,-0.325,0.2));
#2982 = LINE('',#2983,#2984);
#2983 = CARTESIAN_POINT('',(1.9,-0.325,0.2));
#2984 = VECTOR('',#2985,1.);
#2985 = DIRECTION('',(-1.,2.22044604925E-16,0.));
#2986 = ORIENTED_EDGE('',*,*,#2987,.T.);
#2987 = EDGE_CURVE('',#2980,#2988,#2990,.T.);
#2988 = VERTEX_POINT('',#2989);
#2989 = CARTESIAN_POINT('',(1.720627212034,-0.325,0.29916221868));
#2990 = CIRCLE('',#2991,0.12);
#2991 = AXIS2_PLACEMENT_3D('',#2992,#2993,#2994);
#2992 = CARTESIAN_POINT('',(1.838804142396,-0.325,0.32));
#2993 = DIRECTION('',(2.22044604925E-16,1.,0.));
#2994 = DIRECTION('',(-1.850371707709E-15,4.108650548026E-31,-1.));
#2995 = ORIENTED_EDGE('',*,*,#2996,.T.);
#2996 = EDGE_CURVE('',#2988,#2997,#2999,.T.);
#2997 = VERTEX_POINT('',#2998);
#2998 = CARTESIAN_POINT('',(1.690138480964,-0.325,0.510567416853));
#2999 = LINE('',#3000,#3001);
#3000 = CARTESIAN_POINT('',(1.720627212034,-0.325,0.29916221868));
#3001 = VECTOR('',#3002,1.);
#3002 = DIRECTION('',(-0.142742572604,3.169521813984E-17,0.989759848633)
  );
#3003 = ORIENTED_EDGE('',*,*,#3004,.T.);
#3004 = EDGE_CURVE('',#2997,#2083,#3005,.T.);
#3005 = CIRCLE('',#3006,0.32);
#3006 = AXIS2_PLACEMENT_3D('',#3007,#3008,#3009);
#3007 = CARTESIAN_POINT('',(1.375,-0.325,0.455));
#3008 = DIRECTION('',(-2.22044604925E-16,-1.,0.));
#3009 = DIRECTION('',(0.984807753012,-2.186712484447E-16,0.173648177667)
  );
#3010 = PLANE('',#3011);
#3011 = AXIS2_PLACEMENT_3D('',#3012,#3013,#3014);
#3012 = CARTESIAN_POINT('',(1.610729118287,-0.325,0.384660577966));
#3013 = DIRECTION('',(-2.22044604925E-16,-1.,0.));
#3014 = DIRECTION('',(0.,0.,1.));
#3015 = ADVANCED_FACE('',(#3016),#3027,.T.);
#3016 = FACE_BOUND('',#3017,.T.);
#3017 = EDGE_LOOP('',(#3018,#3019,#3020,#3021));
#3018 = ORIENTED_EDGE('',*,*,#2912,.T.);
#3019 = ORIENTED_EDGE('',*,*,#2507,.T.);
#3020 = ORIENTED_EDGE('',*,*,#3004,.F.);
#3021 = ORIENTED_EDGE('',*,*,#3022,.F.);
#3022 = EDGE_CURVE('',#2905,#2997,#3023,.T.);
#3023 = LINE('',#3024,#3025);
#3024 = CARTESIAN_POINT('',(1.690138480964,0.325,0.510567416853));
#3025 = VECTOR('',#3026,1.);
#3026 = DIRECTION('',(-2.22044604925E-16,-1.,0.));
#3027 = CYLINDRICAL_SURFACE('',#3028,0.32);
#3028 = AXIS2_PLACEMENT_3D('',#3029,#3030,#3031);
#3029 = CARTESIAN_POINT('',(1.375,0.325,0.455));
#3030 = DIRECTION('',(2.22044604925E-16,1.,0.));
#3031 = DIRECTION('',(0.984807753012,-2.186712484447E-16,0.173648177667)
  );
#3032 = ADVANCED_FACE('',(#3033,#3043),#3077,.T.);
#3033 = FACE_BOUND('',#3034,.T.);
#3034 = EDGE_LOOP('',(#3035,#3036,#3037,#3038,#3039,#3040,#3041,#3042));
#3035 = ORIENTED_EDGE('',*,*,#2643,.F.);
#3036 = ORIENTED_EDGE('',*,*,#2613,.F.);
#3037 = ORIENTED_EDGE('',*,*,#2590,.F.);
#3038 = ORIENTED_EDGE('',*,*,#2567,.F.);
#3039 = ORIENTED_EDGE('',*,*,#2538,.F.);
#3040 = ORIENTED_EDGE('',*,*,#2837,.F.);
#3041 = ORIENTED_EDGE('',*,*,#2820,.F.);
#3042 = ORIENTED_EDGE('',*,*,#2797,.F.);
#3043 = FACE_BOUND('',#3044,.T.);
#3044 = EDGE_LOOP('',(#3045,#3055,#3063,#3071));
#3045 = ORIENTED_EDGE('',*,*,#3046,.T.);
#3046 = EDGE_CURVE('',#3047,#3049,#3051,.T.);
#3047 = VERTEX_POINT('',#3048);
#3048 = CARTESIAN_POINT('',(-0.683243103516,-0.608243103516,1.25));
#3049 = VERTEX_POINT('',#3050);
#3050 = CARTESIAN_POINT('',(-1.183243103516,-0.608243103516,1.25));
#3051 = LINE('',#3052,#3053);
#3052 = CARTESIAN_POINT('',(-1.233243103516,-0.608243103516,1.25));
#3053 = VECTOR('',#3054,1.);
#3054 = DIRECTION('',(-1.,0.,0.));
#3055 = ORIENTED_EDGE('',*,*,#3056,.T.);
#3056 = EDGE_CURVE('',#3049,#3057,#3059,.T.);
#3057 = VERTEX_POINT('',#3058);
#3058 = CARTESIAN_POINT('',(-1.183243103516,0.608243103516,1.25));
#3059 = LINE('',#3060,#3061);
#3060 = CARTESIAN_POINT('',(-1.183243103516,-0.633682327637,1.25));
#3061 = VECTOR('',#3062,1.);
#3062 = DIRECTION('',(0.,1.,0.));
#3063 = ORIENTED_EDGE('',*,*,#3064,.F.);
#3064 = EDGE_CURVE('',#3065,#3057,#3067,.T.);
#3065 = VERTEX_POINT('',#3066);
#3066 = CARTESIAN_POINT('',(-0.683243103516,0.608243103516,1.25));
#3067 = LINE('',#3068,#3069);
#3068 = CARTESIAN_POINT('',(-1.233243103516,0.608243103516,1.25));
#3069 = VECTOR('',#3070,1.);
#3070 = DIRECTION('',(-1.,0.,0.));
#3071 = ORIENTED_EDGE('',*,*,#3072,.F.);
#3072 = EDGE_CURVE('',#3047,#3065,#3073,.T.);
#3073 = LINE('',#3074,#3075);
#3074 = CARTESIAN_POINT('',(-0.683243103516,-0.633682327637,1.25));
#3075 = VECTOR('',#3076,1.);
#3076 = DIRECTION('',(0.,1.,0.));
#3077 = PLANE('',#3078);
#3078 = AXIS2_PLACEMENT_3D('',#3079,#3080,#3081);
#3079 = CARTESIAN_POINT('',(-1.283243103516,-0.659121551758,1.25));
#3080 = DIRECTION('',(0.,0.,1.));
#3081 = DIRECTION('',(0.889522261294,0.456891832562,-0.));
#3082 = ADVANCED_FACE('',(#3083),#3094,.F.);
#3083 = FACE_BOUND('',#3084,.F.);
#3084 = EDGE_LOOP('',(#3085,#3091,#3092,#3093));
#3085 = ORIENTED_EDGE('',*,*,#3086,.T.);
#3086 = EDGE_CURVE('',#2896,#2988,#3087,.T.);
#3087 = LINE('',#3088,#3089);
#3088 = CARTESIAN_POINT('',(1.720627212034,0.325,0.29916221868));
#3089 = VECTOR('',#3090,1.);
#3090 = DIRECTION('',(-2.22044604925E-16,-1.,0.));
#3091 = ORIENTED_EDGE('',*,*,#2996,.T.);
#3092 = ORIENTED_EDGE('',*,*,#3022,.F.);
#3093 = ORIENTED_EDGE('',*,*,#2904,.F.);
#3094 = PLANE('',#3095);
#3095 = AXIS2_PLACEMENT_3D('',#3096,#3097,#3098);
#3096 = CARTESIAN_POINT('',(1.720627212034,0.325,0.29916221868));
#3097 = DIRECTION('',(-0.989759848633,2.197708345604E-16,-0.142742572604
    ));
#3098 = DIRECTION('',(-0.142742572604,3.169521813984E-17,0.989759848633)
  );
#3099 = ADVANCED_FACE('',(#3100),#3111,.F.);
#3100 = FACE_BOUND('',#3101,.F.);
#3101 = EDGE_LOOP('',(#3102,#3108,#3109,#3110));
#3102 = ORIENTED_EDGE('',*,*,#3103,.T.);
#3103 = EDGE_CURVE('',#2888,#2980,#3104,.T.);
#3104 = LINE('',#3105,#3106);
#3105 = CARTESIAN_POINT('',(1.838804142396,0.325,0.2));
#3106 = VECTOR('',#3107,1.);
#3107 = DIRECTION('',(-2.22044604925E-16,-1.,0.));
#3108 = ORIENTED_EDGE('',*,*,#2987,.T.);
#3109 = ORIENTED_EDGE('',*,*,#3086,.F.);
#3110 = ORIENTED_EDGE('',*,*,#2895,.F.);
#3111 = CYLINDRICAL_SURFACE('',#3112,0.12);
#3112 = AXIS2_PLACEMENT_3D('',#3113,#3114,#3115);
#3113 = CARTESIAN_POINT('',(1.838804142396,0.325,0.32));
#3114 = DIRECTION('',(2.22044604925E-16,1.,0.));
#3115 = DIRECTION('',(-1.850371707709E-15,4.108650548026E-31,-1.));
#3116 = ADVANCED_FACE('',(#3117),#3128,.F.);
#3117 = FACE_BOUND('',#3118,.F.);
#3118 = EDGE_LOOP('',(#3119,#3125,#3126,#3127));
#3119 = ORIENTED_EDGE('',*,*,#3120,.T.);
#3120 = EDGE_CURVE('',#2880,#2972,#3121,.T.);
#3121 = LINE('',#3122,#3123);
#3122 = CARTESIAN_POINT('',(1.9,0.325,0.2));
#3123 = VECTOR('',#3124,1.);
#3124 = DIRECTION('',(-2.22044604925E-16,-1.,0.));
#3125 = ORIENTED_EDGE('',*,*,#2979,.T.);
#3126 = ORIENTED_EDGE('',*,*,#3103,.F.);
#3127 = ORIENTED_EDGE('',*,*,#2887,.F.);
#3128 = PLANE('',#3129);
#3129 = AXIS2_PLACEMENT_3D('',#3130,#3131,#3132);
#3130 = CARTESIAN_POINT('',(1.9,0.325,0.2));
#3131 = DIRECTION('',(0.,0.,-1.));
#3132 = DIRECTION('',(-1.,2.22044604925E-16,0.));
#3133 = ADVANCED_FACE('',(#3134),#3145,.F.);
#3134 = FACE_BOUND('',#3135,.F.);
#3135 = EDGE_LOOP('',(#3136,#3142,#3143,#3144));
#3136 = ORIENTED_EDGE('',*,*,#3137,.T.);
#3137 = EDGE_CURVE('',#2872,#2964,#3138,.T.);
#3138 = LINE('',#3139,#3140);
#3139 = CARTESIAN_POINT('',(1.9,0.325,-5.551115123126E-17));
#3140 = VECTOR('',#3141,1.);
#3141 = DIRECTION('',(-2.22044604925E-16,-1.,0.));
#3142 = ORIENTED_EDGE('',*,*,#2971,.T.);
#3143 = ORIENTED_EDGE('',*,*,#3120,.F.);
#3144 = ORIENTED_EDGE('',*,*,#2879,.F.);
#3145 = PLANE('',#3146);
#3146 = AXIS2_PLACEMENT_3D('',#3147,#3148,#3149);
#3147 = CARTESIAN_POINT('',(1.9,0.325,-5.551115123126E-17));
#3148 = DIRECTION('',(-1.,2.22044604925E-16,0.));
#3149 = DIRECTION('',(0.,0.,1.));
#3150 = ADVANCED_FACE('',(#3151),#3162,.F.);
#3151 = FACE_BOUND('',#3152,.F.);
#3152 = EDGE_LOOP('',(#3153,#3159,#3160,#3161));
#3153 = ORIENTED_EDGE('',*,*,#3154,.T.);
#3154 = EDGE_CURVE('',#2863,#2955,#3155,.T.);
#3155 = LINE('',#3156,#3157);
#3156 = CARTESIAN_POINT('',(1.838804142396,0.325,-5.551115123126E-17));
#3157 = VECTOR('',#3158,1.);
#3158 = DIRECTION('',(-2.22044604925E-16,-1.,0.));
#3159 = ORIENTED_EDGE('',*,*,#2963,.T.);
#3160 = ORIENTED_EDGE('',*,*,#3137,.F.);
#3161 = ORIENTED_EDGE('',*,*,#2871,.F.);
#3162 = PLANE('',#3163);
#3163 = AXIS2_PLACEMENT_3D('',#3164,#3165,#3166);
#3164 = CARTESIAN_POINT('',(1.838804142396,0.325,-5.551115123126E-17));
#3165 = DIRECTION('',(0.,0.,1.));
#3166 = DIRECTION('',(1.,-2.22044604925E-16,0.));
#3167 = ADVANCED_FACE('',(#3168),#3174,.T.);
#3168 = FACE_BOUND('',#3169,.T.);
#3169 = EDGE_LOOP('',(#3170,#3171,#3172,#3173));
#3170 = ORIENTED_EDGE('',*,*,#2862,.T.);
#3171 = ORIENTED_EDGE('',*,*,#3154,.T.);
#3172 = ORIENTED_EDGE('',*,*,#2954,.F.);
#3173 = ORIENTED_EDGE('',*,*,#2936,.F.);
#3174 = CYLINDRICAL_SURFACE('',#3175,0.32);
#3175 = AXIS2_PLACEMENT_3D('',#3176,#3177,#3178);
#3176 = CARTESIAN_POINT('',(1.838804142396,0.325,0.32));
#3177 = DIRECTION('',(2.22044604925E-16,1.,0.));
#3178 = DIRECTION('',(-0.984807753012,2.186712484447E-16,-0.173648177667
    ));
#3179 = ADVANCED_FACE('',(#3180),#3205,.F.);
#3180 = FACE_BOUND('',#3181,.F.);
#3181 = EDGE_LOOP('',(#3182,#3183,#3191,#3199));
#3182 = ORIENTED_EDGE('',*,*,#3046,.T.);
#3183 = ORIENTED_EDGE('',*,*,#3184,.T.);
#3184 = EDGE_CURVE('',#3049,#3185,#3187,.T.);
#3185 = VERTEX_POINT('',#3186);
#3186 = CARTESIAN_POINT('',(-1.183243103516,-0.608243103516,1.26));
#3187 = LINE('',#3188,#3189);
#3188 = CARTESIAN_POINT('',(-1.183243103516,-0.608243103516,1.24));
#3189 = VECTOR('',#3190,1.);
#3190 = DIRECTION('',(0.,0.,1.));
#3191 = ORIENTED_EDGE('',*,*,#3192,.T.);
#3192 = EDGE_CURVE('',#3185,#3193,#3195,.T.);
#3193 = VERTEX_POINT('',#3194);
#3194 = CARTESIAN_POINT('',(-0.683243103516,-0.608243103516,1.26));
#3195 = LINE('',#3196,#3197);
#3196 = CARTESIAN_POINT('',(-1.183243103516,-0.608243103516,1.26));
#3197 = VECTOR('',#3198,1.);
#3198 = DIRECTION('',(1.,0.,0.));
#3199 = ORIENTED_EDGE('',*,*,#3200,.F.);
#3200 = EDGE_CURVE('',#3047,#3193,#3201,.T.);
#3201 = LINE('',#3202,#3203);
#3202 = CARTESIAN_POINT('',(-0.683243103516,-0.608243103516,1.24));
#3203 = VECTOR('',#3204,1.);
#3204 = DIRECTION('',(0.,0.,1.));
#3205 = PLANE('',#3206);
#3206 = AXIS2_PLACEMENT_3D('',#3207,#3208,#3209);
#3207 = CARTESIAN_POINT('',(-1.183243103516,-0.608243103516,1.24));
#3208 = DIRECTION('',(0.,1.,0.));
#3209 = DIRECTION('',(0.,-0.,1.));
#3210 = ADVANCED_FACE('',(#3211),#3229,.T.);
#3211 = FACE_BOUND('',#3212,.T.);
#3212 = EDGE_LOOP('',(#3213,#3214,#3215,#3223));
#3213 = ORIENTED_EDGE('',*,*,#3200,.F.);
#3214 = ORIENTED_EDGE('',*,*,#3072,.T.);
#3215 = ORIENTED_EDGE('',*,*,#3216,.T.);
#3216 = EDGE_CURVE('',#3065,#3217,#3219,.T.);
#3217 = VERTEX_POINT('',#3218);
#3218 = CARTESIAN_POINT('',(-0.683243103516,0.608243103516,1.26));
#3219 = LINE('',#3220,#3221);
#3220 = CARTESIAN_POINT('',(-0.683243103516,0.608243103516,1.24));
#3221 = VECTOR('',#3222,1.);
#3222 = DIRECTION('',(0.,0.,1.));
#3223 = ORIENTED_EDGE('',*,*,#3224,.F.);
#3224 = EDGE_CURVE('',#3193,#3217,#3225,.T.);
#3225 = LINE('',#3226,#3227);
#3226 = CARTESIAN_POINT('',(-0.683243103516,-0.608243103516,1.26));
#3227 = VECTOR('',#3228,1.);
#3228 = DIRECTION('',(0.,1.,0.));
#3229 = PLANE('',#3230);
#3230 = AXIS2_PLACEMENT_3D('',#3231,#3232,#3233);
#3231 = CARTESIAN_POINT('',(-0.683243103516,-0.608243103516,1.24));
#3232 = DIRECTION('',(1.,0.,0.));
#3233 = DIRECTION('',(0.,0.,1.));
#3234 = ADVANCED_FACE('',(#3235),#3253,.T.);
#3235 = FACE_BOUND('',#3236,.T.);
#3236 = EDGE_LOOP('',(#3237,#3238,#3246,#3252));
#3237 = ORIENTED_EDGE('',*,*,#3064,.T.);
#3238 = ORIENTED_EDGE('',*,*,#3239,.T.);
#3239 = EDGE_CURVE('',#3057,#3240,#3242,.T.);
#3240 = VERTEX_POINT('',#3241);
#3241 = CARTESIAN_POINT('',(-1.183243103516,0.608243103516,1.26));
#3242 = LINE('',#3243,#3244);
#3243 = CARTESIAN_POINT('',(-1.183243103516,0.608243103516,1.24));
#3244 = VECTOR('',#3245,1.);
#3245 = DIRECTION('',(0.,0.,1.));
#3246 = ORIENTED_EDGE('',*,*,#3247,.T.);
#3247 = EDGE_CURVE('',#3240,#3217,#3248,.T.);
#3248 = LINE('',#3249,#3250);
#3249 = CARTESIAN_POINT('',(-1.183243103516,0.608243103516,1.26));
#3250 = VECTOR('',#3251,1.);
#3251 = DIRECTION('',(1.,0.,0.));
#3252 = ORIENTED_EDGE('',*,*,#3216,.F.);
#3253 = PLANE('',#3254);
#3254 = AXIS2_PLACEMENT_3D('',#3255,#3256,#3257);
#3255 = CARTESIAN_POINT('',(-1.183243103516,0.608243103516,1.24));
#3256 = DIRECTION('',(0.,1.,0.));
#3257 = DIRECTION('',(0.,-0.,1.));
#3258 = ADVANCED_FACE('',(#3259),#3270,.F.);
#3259 = FACE_BOUND('',#3260,.F.);
#3260 = EDGE_LOOP('',(#3261,#3262,#3263,#3264));
#3261 = ORIENTED_EDGE('',*,*,#3184,.F.);
#3262 = ORIENTED_EDGE('',*,*,#3056,.T.);
#3263 = ORIENTED_EDGE('',*,*,#3239,.T.);
#3264 = ORIENTED_EDGE('',*,*,#3265,.F.);
#3265 = EDGE_CURVE('',#3185,#3240,#3266,.T.);
#3266 = LINE('',#3267,#3268);
#3267 = CARTESIAN_POINT('',(-1.183243103516,-0.608243103516,1.26));
#3268 = VECTOR('',#3269,1.);
#3269 = DIRECTION('',(0.,1.,0.));
#3270 = PLANE('',#3271);
#3271 = AXIS2_PLACEMENT_3D('',#3272,#3273,#3274);
#3272 = CARTESIAN_POINT('',(-1.183243103516,-0.608243103516,1.24));
#3273 = DIRECTION('',(1.,0.,0.));
#3274 = DIRECTION('',(0.,0.,1.));
#3275 = ADVANCED_FACE('',(#3276),#3282,.T.);
#3276 = FACE_BOUND('',#3277,.T.);
#3277 = EDGE_LOOP('',(#3278,#3279,#3280,#3281));
#3278 = ORIENTED_EDGE('',*,*,#3265,.F.);
#3279 = ORIENTED_EDGE('',*,*,#3192,.T.);
#3280 = ORIENTED_EDGE('',*,*,#3224,.T.);
#3281 = ORIENTED_EDGE('',*,*,#3247,.F.);
#3282 = PLANE('',#3283);
#3283 = AXIS2_PLACEMENT_3D('',#3284,#3285,#3286);
#3284 = CARTESIAN_POINT('',(-1.183243103516,-0.608243103516,1.26));
#3285 = DIRECTION('',(0.,0.,1.));
#3286 = DIRECTION('',(1.,0.,-0.));
#3287 = ( GEOMETRIC_REPRESENTATION_CONTEXT(3) 
GLOBAL_UNCERTAINTY_ASSIGNED_CONTEXT((#3291)) 
GLOBAL_UNIT_ASSIGNED_CONTEXT((#3288,#3289,#3290)) REPRESENTATION_CONTEXT
('Context #1','3D Context with UNIT and UNCERTAINTY') );
#3288 = ( LENGTH_UNIT() NAMED_UNIT(*) SI_UNIT(.MILLI.,.METRE.) );
#3289 = ( NAMED_UNIT(*) PLANE_ANGLE_UNIT() SI_UNIT($,.RADIAN.) );
#3290 = ( NAMED_UNIT(*) SI_UNIT($,.STERADIAN.) SOLID_ANGLE_UNIT() );
#3291 = UNCERTAINTY_MEASURE_WITH_UNIT(LENGTH_MEASURE(1.E-07),#3288,
  'distance_accuracy_value','confusion accuracy');
#3292 = CONTEXT_DEPENDENT_SHAPE_REPRESENTATION(#3293,#3295);
#3293 = ( REPRESENTATION_RELATIONSHIP('','',#1598,#10) 
REPRESENTATION_RELATIONSHIP_WITH_TRANSFORMATION(#3294) 
SHAPE_REPRESENTATION_RELATIONSHIP() );
#3294 = ITEM_DEFINED_TRANSFORMATION('','',#11,#19);
#3295 = PRODUCT_DEFINITION_SHAPE('Placement','Placement of an item',
  #3296);
#3296 = NEXT_ASSEMBLY_USAGE_OCCURRENCE('2','D3','',#5,#1593,$);
#3297 = PRODUCT_RELATED_PRODUCT_CATEGORY('part',$,(#1595));
#3298 = SHAPE_DEFINITION_REPRESENTATION(#3299,#3305);
#3299 = PRODUCT_DEFINITION_SHAPE('','',#3300);
#3300 = PRODUCT_DEFINITION('design','',#3301,#3304);
#3301 = PRODUCT_DEFINITION_FORMATION('','',#3302);
#3302 = PRODUCT('SOT-23-6','SOT-23-6','',(#3303));
#3303 = PRODUCT_CONTEXT('',#2,'mechanical');
#3304 = PRODUCT_DEFINITION_CONTEXT('part definition',#2,'design');
#3305 = ADVANCED_BREP_SHAPE_REPRESENTATION('',(#11,#3306),#6842);
#3306 = MANIFOLD_SOLID_BREP('',#3307);
#3307 = CLOSED_SHELL('',(#3308,#3346,#3409,#3432,#3461,#3484,#3555,#3626
    ,#3649,#3672,#3689,#3712,#3800,#3816,#3846,#3877,#3908,#3939,#3970,
    #4001,#4018,#4035,#4066,#4097,#4128,#4159,#4190,#4220,#4243,#4266,
    #4283,#4328,#4398,#4421,#4444,#4467,#4538,#4576,#4625,#4717,#4742,
    #4826,#4848,#4940,#4965,#5049,#5066,#5151,#5176,#5253,#5338,#5363,
    #5440,#5457,#5549,#5574,#5658,#5680,#5772,#5797,#5881,#5898,#5917,
    #5936,#5982,#5998,#6017,#6036,#6052,#6069,#6081,#6098,#6115,#6132,
    #6149,#6166,#6183,#6200,#6212,#6229,#6246,#6263,#6280,#6297,#6314,
    #6331,#6343,#6360,#6377,#6394,#6411,#6428,#6445,#6457,#6474,#6491,
    #6508,#6525,#6542,#6559,#6571,#6588,#6605,#6622,#6639,#6656,#6673,
    #6690,#6702,#6719,#6736,#6753,#6770,#6787,#6804,#6821,#6833));
#3308 = ADVANCED_FACE('',(#3309),#3341,.F.);
#3309 = FACE_BOUND('',#3310,.F.);
#3310 = EDGE_LOOP('',(#3311,#3321,#3328,#3336));
#3311 = ORIENTED_EDGE('',*,*,#3312,.T.);
#3312 = EDGE_CURVE('',#3313,#3315,#3317,.T.);
#3313 = VERTEX_POINT('',#3314);
#3314 = CARTESIAN_POINT('',(-0.659324228722,1.358648457443,0.1));
#3315 = VERTEX_POINT('',#3316);
#3316 = CARTESIAN_POINT('',(0.659324228722,1.358648457443,0.1));
#3317 = LINE('',#3318,#3319);
#3318 = CARTESIAN_POINT('',(-0.659324228722,1.358648457443,0.1));
#3319 = VECTOR('',#3320,1.);
#3320 = DIRECTION('',(1.,1.110223024625E-16,0.));
#3321 = ORIENTED_EDGE('',*,*,#3322,.T.);
#3322 = EDGE_CURVE('',#3315,#3323,#3325,.T.);
#3323 = VERTEX_POINT('',#3324);
#3324 = CARTESIAN_POINT('',(0.705,1.45,0.75));
#3325 = B_SPLINE_CURVE_WITH_KNOTS('',1,(#3326,#3327),.UNSPECIFIED.,.F.,
  .F.,(2,2),(0.,1.),.PIECEWISE_BEZIER_KNOTS.);
#3326 = CARTESIAN_POINT('',(0.659324228722,1.358648457443,0.1));
#3327 = CARTESIAN_POINT('',(0.705,1.45,0.75));
#3328 = ORIENTED_EDGE('',*,*,#3329,.F.);
#3329 = EDGE_CURVE('',#3330,#3323,#3332,.T.);
#3330 = VERTEX_POINT('',#3331);
#3331 = CARTESIAN_POINT('',(-0.705,1.45,0.75));
#3332 = LINE('',#3333,#3334);
#3333 = CARTESIAN_POINT('',(-0.705,1.45,0.75));
#3334 = VECTOR('',#3335,1.);
#3335 = DIRECTION('',(1.,1.110223024625E-16,0.));
#3336 = ORIENTED_EDGE('',*,*,#3337,.F.);
#3337 = EDGE_CURVE('',#3313,#3330,#3338,.T.);
#3338 = B_SPLINE_CURVE_WITH_KNOTS('',1,(#3339,#3340),.UNSPECIFIED.,.F.,
  .F.,(2,2),(0.,1.),.PIECEWISE_BEZIER_KNOTS.);
#3339 = CARTESIAN_POINT('',(-0.659324228722,1.358648457443,0.1));
#3340 = CARTESIAN_POINT('',(-0.705,1.45,0.75));
#3341 = B_SPLINE_SURFACE_WITH_KNOTS('',1,1,(
    (#3342,#3343)
    ,(#3344,#3345
    )),.UNSPECIFIED.,.F.,.F.,.F.,(2,2),(2,2),(0.,1.41),(0.,1.),
  .PIECEWISE_BEZIER_KNOTS.);
#3342 = CARTESIAN_POINT('',(-0.659324228722,1.358648457443,0.1));
#3343 = CARTESIAN_POINT('',(-0.705,1.45,0.75));
#3344 = CARTESIAN_POINT('',(0.659324228722,1.358648457443,0.1));
#3345 = CARTESIAN_POINT('',(0.705,1.45,0.75));
#3346 = ADVANCED_FACE('',(#3347),#3404,.F.);
#3347 = FACE_BOUND('',#3348,.T.);
#3348 = EDGE_LOOP('',(#3349,#3350,#3358,#3366,#3374,#3382,#3390,#3398));
#3349 = ORIENTED_EDGE('',*,*,#3312,.T.);
#3350 = ORIENTED_EDGE('',*,*,#3351,.T.);
#3351 = EDGE_CURVE('',#3315,#3352,#3354,.T.);
#3352 = VERTEX_POINT('',#3353);
#3353 = CARTESIAN_POINT('',(0.708648457443,1.309324228722,0.1));
#3354 = LINE('',#3355,#3356);
#3355 = CARTESIAN_POINT('',(0.659324228722,1.358648457443,0.1));
#3356 = VECTOR('',#3357,1.);
#3357 = DIRECTION('',(0.707106781187,-0.707106781187,0.));
#3358 = ORIENTED_EDGE('',*,*,#3359,.T.);
#3359 = EDGE_CURVE('',#3352,#3360,#3362,.T.);
#3360 = VERTEX_POINT('',#3361);
#3361 = CARTESIAN_POINT('',(0.708648457443,-1.309324228722,0.1));
#3362 = LINE('',#3363,#3364);
#3363 = CARTESIAN_POINT('',(0.708648457443,1.309324228722,0.1));
#3364 = VECTOR('',#3365,1.);
#3365 = DIRECTION('',(1.110223024625E-16,-1.,0.));
#3366 = ORIENTED_EDGE('',*,*,#3367,.T.);
#3367 = EDGE_CURVE('',#3360,#3368,#3370,.T.);
#3368 = VERTEX_POINT('',#3369);
#3369 = CARTESIAN_POINT('',(0.659324228722,-1.358648457443,0.1));
#3370 = LINE('',#3371,#3372);
#3371 = CARTESIAN_POINT('',(0.708648457443,-1.309324228722,0.1));
#3372 = VECTOR('',#3373,1.);
#3373 = DIRECTION('',(-0.707106781187,-0.707106781187,0.));
#3374 = ORIENTED_EDGE('',*,*,#3375,.T.);
#3375 = EDGE_CURVE('',#3368,#3376,#3378,.T.);
#3376 = VERTEX_POINT('',#3377);
#3377 = CARTESIAN_POINT('',(-0.659324228722,-1.358648457443,0.1));
#3378 = LINE('',#3379,#3380);
#3379 = CARTESIAN_POINT('',(0.659324228722,-1.358648457443,0.1));
#3380 = VECTOR('',#3381,1.);
#3381 = DIRECTION('',(-1.,-1.110223024625E-16,0.));
#3382 = ORIENTED_EDGE('',*,*,#3383,.T.);
#3383 = EDGE_CURVE('',#3376,#3384,#3386,.T.);
#3384 = VERTEX_POINT('',#3385);
#3385 = CARTESIAN_POINT('',(-0.708648457443,-1.309324228722,0.1));
#3386 = LINE('',#3387,#3388);
#3387 = CARTESIAN_POINT('',(-0.659324228722,-1.358648457443,0.1));
#3388 = VECTOR('',#3389,1.);
#3389 = DIRECTION('',(-0.707106781187,0.707106781187,0.));
#3390 = ORIENTED_EDGE('',*,*,#3391,.T.);
#3391 = EDGE_CURVE('',#3384,#3392,#3394,.T.);
#3392 = VERTEX_POINT('',#3393);
#3393 = CARTESIAN_POINT('',(-0.708648457443,1.309324228722,0.1));
#3394 = LINE('',#3395,#3396);
#3395 = CARTESIAN_POINT('',(-0.708648457443,-1.309324228722,0.1));
#3396 = VECTOR('',#3397,1.);
#3397 = DIRECTION('',(-1.110223024625E-16,1.,0.));
#3398 = ORIENTED_EDGE('',*,*,#3399,.T.);
#3399 = EDGE_CURVE('',#3392,#3313,#3400,.T.);
#3400 = LINE('',#3401,#3402);
#3401 = CARTESIAN_POINT('',(-0.708648457443,1.309324228722,0.1));
#3402 = VECTOR('',#3403,1.);
#3403 = DIRECTION('',(0.707106781187,0.707106781187,0.));
#3404 = PLANE('',#3405);
#3405 = AXIS2_PLACEMENT_3D('',#3406,#3407,#3408);
#3406 = CARTESIAN_POINT('',(-0.659324228722,1.358648457443,0.1));
#3407 = DIRECTION('',(0.,0.,1.));
#3408 = DIRECTION('',(0.436587433964,-0.899661832304,0.));
#3409 = ADVANCED_FACE('',(#3410),#3427,.F.);
#3410 = FACE_BOUND('',#3411,.F.);
#3411 = EDGE_LOOP('',(#3412,#3413,#3420,#3426));
#3412 = ORIENTED_EDGE('',*,*,#3351,.T.);
#3413 = ORIENTED_EDGE('',*,*,#3414,.T.);
#3414 = EDGE_CURVE('',#3352,#3415,#3417,.T.);
#3415 = VERTEX_POINT('',#3416);
#3416 = CARTESIAN_POINT('',(0.8,1.355,0.75));
#3417 = B_SPLINE_CURVE_WITH_KNOTS('',1,(#3418,#3419),.UNSPECIFIED.,.F.,
  .F.,(2,2),(0.,1.),.PIECEWISE_BEZIER_KNOTS.);
#3418 = CARTESIAN_POINT('',(0.708648457443,1.309324228722,0.1));
#3419 = CARTESIAN_POINT('',(0.8,1.355,0.75));
#3420 = ORIENTED_EDGE('',*,*,#3421,.F.);
#3421 = EDGE_CURVE('',#3323,#3415,#3422,.T.);
#3422 = LINE('',#3423,#3424);
#3423 = CARTESIAN_POINT('',(0.705,1.45,0.75));
#3424 = VECTOR('',#3425,1.);
#3425 = DIRECTION('',(0.707106781187,-0.707106781187,0.));
#3426 = ORIENTED_EDGE('',*,*,#3322,.F.);
#3427 = B_SPLINE_SURFACE_WITH_KNOTS('',1,1,(
    (#3428,#3429)
    ,(#3430,#3431
    )),.UNSPECIFIED.,.F.,.F.,.F.,(2,2),(2,2),(0.,0.134350288425),(0.,1.)
  ,.PIECEWISE_BEZIER_KNOTS.);
#3428 = CARTESIAN_POINT('',(0.659324228722,1.358648457443,0.1));
#3429 = CARTESIAN_POINT('',(0.705,1.45,0.75));
#3430 = CARTESIAN_POINT('',(0.708648457443,1.309324228722,0.1));
#3431 = CARTESIAN_POINT('',(0.8,1.355,0.75));
#3432 = ADVANCED_FACE('',(#3433),#3456,.F.);
#3433 = FACE_BOUND('',#3434,.F.);
#3434 = EDGE_LOOP('',(#3435,#3436,#3443,#3451));
#3435 = ORIENTED_EDGE('',*,*,#3329,.T.);
#3436 = ORIENTED_EDGE('',*,*,#3437,.T.);
#3437 = EDGE_CURVE('',#3323,#3438,#3440,.T.);
#3438 = VERTEX_POINT('',#3439);
#3439 = CARTESIAN_POINT('',(0.705,1.45,0.9));
#3440 = B_SPLINE_CURVE_WITH_KNOTS('',1,(#3441,#3442),.UNSPECIFIED.,.F.,
  .F.,(2,2),(0.,1.),.PIECEWISE_BEZIER_KNOTS.);
#3441 = CARTESIAN_POINT('',(0.705,1.45,0.75));
#3442 = CARTESIAN_POINT('',(0.705,1.45,0.9));
#3443 = ORIENTED_EDGE('',*,*,#3444,.F.);
#3444 = EDGE_CURVE('',#3445,#3438,#3447,.T.);
#3445 = VERTEX_POINT('',#3446);
#3446 = CARTESIAN_POINT('',(-0.705,1.45,0.9));
#3447 = LINE('',#3448,#3449);
#3448 = CARTESIAN_POINT('',(-0.705,1.45,0.9));
#3449 = VECTOR('',#3450,1.);
#3450 = DIRECTION('',(1.,1.110223024625E-16,0.));
#3451 = ORIENTED_EDGE('',*,*,#3452,.F.);
#3452 = EDGE_CURVE('',#3330,#3445,#3453,.T.);
#3453 = B_SPLINE_CURVE_WITH_KNOTS('',1,(#3454,#3455),.UNSPECIFIED.,.F.,
  .F.,(2,2),(0.,1.),.PIECEWISE_BEZIER_KNOTS.);
#3454 = CARTESIAN_POINT('',(-0.705,1.45,0.75));
#3455 = CARTESIAN_POINT('',(-0.705,1.45,0.9));
#3456 = PLANE('',#3457);
#3457 = AXIS2_PLACEMENT_3D('',#3458,#3459,#3460);
#3458 = CARTESIAN_POINT('',(-0.705,1.45,0.9));
#3459 = DIRECTION('',(1.110223024625E-16,-1.,0.));
#3460 = DIRECTION('',(1.,1.110223024625E-16,0.));
#3461 = ADVANCED_FACE('',(#3462),#3479,.F.);
#3462 = FACE_BOUND('',#3463,.F.);
#3463 = EDGE_LOOP('',(#3464,#3465,#3466,#3474));
#3464 = ORIENTED_EDGE('',*,*,#3399,.T.);
#3465 = ORIENTED_EDGE('',*,*,#3337,.T.);
#3466 = ORIENTED_EDGE('',*,*,#3467,.F.);
#3467 = EDGE_CURVE('',#3468,#3330,#3470,.T.);
#3468 = VERTEX_POINT('',#3469);
#3469 = CARTESIAN_POINT('',(-0.8,1.355,0.75));
#3470 = LINE('',#3471,#3472);
#3471 = CARTESIAN_POINT('',(-0.8,1.355,0.75));
#3472 = VECTOR('',#3473,1.);
#3473 = DIRECTION('',(0.707106781187,0.707106781187,0.));
#3474 = ORIENTED_EDGE('',*,*,#3475,.F.);
#3475 = EDGE_CURVE('',#3392,#3468,#3476,.T.);
#3476 = B_SPLINE_CURVE_WITH_KNOTS('',1,(#3477,#3478),.UNSPECIFIED.,.F.,
  .F.,(2,2),(0.,1.),.PIECEWISE_BEZIER_KNOTS.);
#3477 = CARTESIAN_POINT('',(-0.708648457443,1.309324228722,0.1));
#3478 = CARTESIAN_POINT('',(-0.8,1.355,0.75));
#3479 = B_SPLINE_SURFACE_WITH_KNOTS('',1,1,(
    (#3480,#3481)
    ,(#3482,#3483
    )),.UNSPECIFIED.,.F.,.F.,.F.,(2,2),(2,2),(0.,0.134350288425),(0.,1.)
  ,.PIECEWISE_BEZIER_KNOTS.);
#3480 = CARTESIAN_POINT('',(-0.708648457443,1.309324228722,0.1));
#3481 = CARTESIAN_POINT('',(-0.8,1.355,0.75));
#3482 = CARTESIAN_POINT('',(-0.659324228722,1.358648457443,0.1));
#3483 = CARTESIAN_POINT('',(-0.705,1.45,0.75));
#3484 = ADVANCED_FACE('',(#3485),#3550,.F.);
#3485 = FACE_BOUND('',#3486,.F.);
#3486 = EDGE_LOOP('',(#3487,#3488,#3489,#3497,#3505,#3513,#3521,#3529,
    #3537,#3545));
#3487 = ORIENTED_EDGE('',*,*,#3391,.T.);
#3488 = ORIENTED_EDGE('',*,*,#3475,.T.);
#3489 = ORIENTED_EDGE('',*,*,#3490,.F.);
#3490 = EDGE_CURVE('',#3491,#3468,#3493,.T.);
#3491 = VERTEX_POINT('',#3492);
#3492 = CARTESIAN_POINT('',(-0.8,1.2,0.75));
#3493 = LINE('',#3494,#3495);
#3494 = CARTESIAN_POINT('',(-0.8,-1.355,0.75));
#3495 = VECTOR('',#3496,1.);
#3496 = DIRECTION('',(-1.110223024625E-16,1.,0.));
#3497 = ORIENTED_EDGE('',*,*,#3498,.F.);
#3498 = EDGE_CURVE('',#3499,#3491,#3501,.T.);
#3499 = VERTEX_POINT('',#3500);
#3500 = CARTESIAN_POINT('',(-0.8,0.7,0.75));
#3501 = LINE('',#3502,#3503);
#3502 = CARTESIAN_POINT('',(-0.8,-1.355,0.75));
#3503 = VECTOR('',#3504,1.);
#3504 = DIRECTION('',(-1.110223024625E-16,1.,0.));
#3505 = ORIENTED_EDGE('',*,*,#3506,.F.);
#3506 = EDGE_CURVE('',#3507,#3499,#3509,.T.);
#3507 = VERTEX_POINT('',#3508);
#3508 = CARTESIAN_POINT('',(-0.8,0.25,0.75));
#3509 = LINE('',#3510,#3511);
#3510 = CARTESIAN_POINT('',(-0.8,-1.355,0.75));
#3511 = VECTOR('',#3512,1.);
#3512 = DIRECTION('',(-1.110223024625E-16,1.,0.));
#3513 = ORIENTED_EDGE('',*,*,#3514,.F.);
#3514 = EDGE_CURVE('',#3515,#3507,#3517,.T.);
#3515 = VERTEX_POINT('',#3516);
#3516 = CARTESIAN_POINT('',(-0.8,-0.25,0.75));
#3517 = LINE('',#3518,#3519);
#3518 = CARTESIAN_POINT('',(-0.8,-1.355,0.75));
#3519 = VECTOR('',#3520,1.);
#3520 = DIRECTION('',(-1.110223024625E-16,1.,0.));
#3521 = ORIENTED_EDGE('',*,*,#3522,.F.);
#3522 = EDGE_CURVE('',#3523,#3515,#3525,.T.);
#3523 = VERTEX_POINT('',#3524);
#3524 = CARTESIAN_POINT('',(-0.8,-0.7,0.75));
#3525 = LINE('',#3526,#3527);
#3526 = CARTESIAN_POINT('',(-0.8,-1.355,0.75));
#3527 = VECTOR('',#3528,1.);
#3528 = DIRECTION('',(-1.110223024625E-16,1.,0.));
#3529 = ORIENTED_EDGE('',*,*,#3530,.F.);
#3530 = EDGE_CURVE('',#3531,#3523,#3533,.T.);
#3531 = VERTEX_POINT('',#3532);
#3532 = CARTESIAN_POINT('',(-0.8,-1.2,0.75));
#3533 = LINE('',#3534,#3535);
#3534 = CARTESIAN_POINT('',(-0.8,-1.355,0.75));
#3535 = VECTOR('',#3536,1.);
#3536 = DIRECTION('',(-1.110223024625E-16,1.,0.));
#3537 = ORIENTED_EDGE('',*,*,#3538,.F.);
#3538 = EDGE_CURVE('',#3539,#3531,#3541,.T.);
#3539 = VERTEX_POINT('',#3540);
#3540 = CARTESIAN_POINT('',(-0.8,-1.355,0.75));
#3541 = LINE('',#3542,#3543);
#3542 = CARTESIAN_POINT('',(-0.8,-1.355,0.75));
#3543 = VECTOR('',#3544,1.);
#3544 = DIRECTION('',(-1.110223024625E-16,1.,0.));
#3545 = ORIENTED_EDGE('',*,*,#3546,.F.);
#3546 = EDGE_CURVE('',#3384,#3539,#3547,.T.);
#3547 = B_SPLINE_CURVE_WITH_KNOTS('',1,(#3548,#3549),.UNSPECIFIED.,.F.,
  .F.,(2,2),(0.,1.),.PIECEWISE_BEZIER_KNOTS.);
#3548 = CARTESIAN_POINT('',(-0.708648457443,-1.309324228722,0.1));
#3549 = CARTESIAN_POINT('',(-0.8,-1.355,0.75));
#3550 = B_SPLINE_SURFACE_WITH_KNOTS('',1,1,(
    (#3551,#3552)
    ,(#3553,#3554
    )),.UNSPECIFIED.,.F.,.F.,.F.,(2,2),(2,2),(0.,2.71),(0.,1.),
  .PIECEWISE_BEZIER_KNOTS.);
#3551 = CARTESIAN_POINT('',(-0.708648457443,-1.309324228722,0.1));
#3552 = CARTESIAN_POINT('',(-0.8,-1.355,0.75));
#3553 = CARTESIAN_POINT('',(-0.708648457443,1.309324228722,0.1));
#3554 = CARTESIAN_POINT('',(-0.8,1.355,0.75));
#3555 = ADVANCED_FACE('',(#3556),#3621,.F.);
#3556 = FACE_BOUND('',#3557,.F.);
#3557 = EDGE_LOOP('',(#3558,#3559,#3566,#3574,#3582,#3590,#3598,#3606,
    #3614,#3620));
#3558 = ORIENTED_EDGE('',*,*,#3359,.T.);
#3559 = ORIENTED_EDGE('',*,*,#3560,.T.);
#3560 = EDGE_CURVE('',#3360,#3561,#3563,.T.);
#3561 = VERTEX_POINT('',#3562);
#3562 = CARTESIAN_POINT('',(0.8,-1.355,0.75));
#3563 = B_SPLINE_CURVE_WITH_KNOTS('',1,(#3564,#3565),.UNSPECIFIED.,.F.,
  .F.,(2,2),(0.,1.),.PIECEWISE_BEZIER_KNOTS.);
#3564 = CARTESIAN_POINT('',(0.708648457443,-1.309324228722,0.1));
#3565 = CARTESIAN_POINT('',(0.8,-1.355,0.75));
#3566 = ORIENTED_EDGE('',*,*,#3567,.F.);
#3567 = EDGE_CURVE('',#3568,#3561,#3570,.T.);
#3568 = VERTEX_POINT('',#3569);
#3569 = CARTESIAN_POINT('',(0.8,-1.2,0.75));
#3570 = LINE('',#3571,#3572);
#3571 = CARTESIAN_POINT('',(0.8,1.355,0.75));
#3572 = VECTOR('',#3573,1.);
#3573 = DIRECTION('',(1.110223024625E-16,-1.,0.));
#3574 = ORIENTED_EDGE('',*,*,#3575,.F.);
#3575 = EDGE_CURVE('',#3576,#3568,#3578,.T.);
#3576 = VERTEX_POINT('',#3577);
#3577 = CARTESIAN_POINT('',(0.8,-0.7,0.75));
#3578 = LINE('',#3579,#3580);
#3579 = CARTESIAN_POINT('',(0.8,1.355,0.75));
#3580 = VECTOR('',#3581,1.);
#3581 = DIRECTION('',(1.110223024625E-16,-1.,0.));
#3582 = ORIENTED_EDGE('',*,*,#3583,.F.);
#3583 = EDGE_CURVE('',#3584,#3576,#3586,.T.);
#3584 = VERTEX_POINT('',#3585);
#3585 = CARTESIAN_POINT('',(0.8,-0.25,0.75));
#3586 = LINE('',#3587,#3588);
#3587 = CARTESIAN_POINT('',(0.8,1.355,0.75));
#3588 = VECTOR('',#3589,1.);
#3589 = DIRECTION('',(1.110223024625E-16,-1.,0.));
#3590 = ORIENTED_EDGE('',*,*,#3591,.F.);
#3591 = EDGE_CURVE('',#3592,#3584,#3594,.T.);
#3592 = VERTEX_POINT('',#3593);
#3593 = CARTESIAN_POINT('',(0.8,0.25,0.75));
#3594 = LINE('',#3595,#3596);
#3595 = CARTESIAN_POINT('',(0.8,1.355,0.75));
#3596 = VECTOR('',#3597,1.);
#3597 = DIRECTION('',(1.110223024625E-16,-1.,0.));
#3598 = ORIENTED_EDGE('',*,*,#3599,.F.);
#3599 = EDGE_CURVE('',#3600,#3592,#3602,.T.);
#3600 = VERTEX_POINT('',#3601);
#3601 = CARTESIAN_POINT('',(0.8,0.7,0.75));
#3602 = LINE('',#3603,#3604);
#3603 = CARTESIAN_POINT('',(0.8,1.355,0.75));
#3604 = VECTOR('',#3605,1.);
#3605 = DIRECTION('',(1.110223024625E-16,-1.,0.));
#3606 = ORIENTED_EDGE('',*,*,#3607,.F.);
#3607 = EDGE_CURVE('',#3608,#3600,#3610,.T.);
#3608 = VERTEX_POINT('',#3609);
#3609 = CARTESIAN_POINT('',(0.8,1.2,0.75));
#3610 = LINE('',#3611,#3612);
#3611 = CARTESIAN_POINT('',(0.8,1.355,0.75));
#3612 = VECTOR('',#3613,1.);
#3613 = DIRECTION('',(1.110223024625E-16,-1.,0.));
#3614 = ORIENTED_EDGE('',*,*,#3615,.F.);
#3615 = EDGE_CURVE('',#3415,#3608,#3616,.T.);
#3616 = LINE('',#3617,#3618);
#3617 = CARTESIAN_POINT('',(0.8,1.355,0.75));
#3618 = VECTOR('',#3619,1.);
#3619 = DIRECTION('',(1.110223024625E-16,-1.,0.));
#3620 = ORIENTED_EDGE('',*,*,#3414,.F.);
#3621 = B_SPLINE_SURFACE_WITH_KNOTS('',1,1,(
    (#3622,#3623)
    ,(#3624,#3625
    )),.UNSPECIFIED.,.F.,.F.,.F.,(2,2),(2,2),(0.,2.71),(0.,1.),
  .PIECEWISE_BEZIER_KNOTS.);
#3622 = CARTESIAN_POINT('',(0.708648457443,1.309324228722,0.1));
#3623 = CARTESIAN_POINT('',(0.8,1.355,0.75));
#3624 = CARTESIAN_POINT('',(0.708648457443,-1.309324228722,0.1));
#3625 = CARTESIAN_POINT('',(0.8,-1.355,0.75));
#3626 = ADVANCED_FACE('',(#3627),#3644,.F.);
#3627 = FACE_BOUND('',#3628,.F.);
#3628 = EDGE_LOOP('',(#3629,#3630,#3631,#3639));
#3629 = ORIENTED_EDGE('',*,*,#3383,.T.);
#3630 = ORIENTED_EDGE('',*,*,#3546,.T.);
#3631 = ORIENTED_EDGE('',*,*,#3632,.F.);
#3632 = EDGE_CURVE('',#3633,#3539,#3635,.T.);
#3633 = VERTEX_POINT('',#3634);
#3634 = CARTESIAN_POINT('',(-0.705,-1.45,0.75));
#3635 = LINE('',#3636,#3637);
#3636 = CARTESIAN_POINT('',(-0.705,-1.45,0.75));
#3637 = VECTOR('',#3638,1.);
#3638 = DIRECTION('',(-0.707106781187,0.707106781187,0.));
#3639 = ORIENTED_EDGE('',*,*,#3640,.F.);
#3640 = EDGE_CURVE('',#3376,#3633,#3641,.T.);
#3641 = B_SPLINE_CURVE_WITH_KNOTS('',1,(#3642,#3643),.UNSPECIFIED.,.F.,
  .F.,(2,2),(0.,1.),.PIECEWISE_BEZIER_KNOTS.);
#3642 = CARTESIAN_POINT('',(-0.659324228722,-1.358648457443,0.1));
#3643 = CARTESIAN_POINT('',(-0.705,-1.45,0.75));
#3644 = B_SPLINE_SURFACE_WITH_KNOTS('',1,1,(
    (#3645,#3646)
    ,(#3647,#3648
    )),.UNSPECIFIED.,.F.,.F.,.F.,(2,2),(2,2),(0.,0.134350288425),(0.,1.)
  ,.PIECEWISE_BEZIER_KNOTS.);
#3645 = CARTESIAN_POINT('',(-0.659324228722,-1.358648457443,0.1));
#3646 = CARTESIAN_POINT('',(-0.705,-1.45,0.75));
#3647 = CARTESIAN_POINT('',(-0.708648457443,-1.309324228722,0.1));
#3648 = CARTESIAN_POINT('',(-0.8,-1.355,0.75));
#3649 = ADVANCED_FACE('',(#3650),#3667,.F.);
#3650 = FACE_BOUND('',#3651,.F.);
#3651 = EDGE_LOOP('',(#3652,#3653,#3660,#3666));
#3652 = ORIENTED_EDGE('',*,*,#3367,.T.);
#3653 = ORIENTED_EDGE('',*,*,#3654,.T.);
#3654 = EDGE_CURVE('',#3368,#3655,#3657,.T.);
#3655 = VERTEX_POINT('',#3656);
#3656 = CARTESIAN_POINT('',(0.705,-1.45,0.75));
#3657 = B_SPLINE_CURVE_WITH_KNOTS('',1,(#3658,#3659),.UNSPECIFIED.,.F.,
  .F.,(2,2),(0.,1.),.PIECEWISE_BEZIER_KNOTS.);
#3658 = CARTESIAN_POINT('',(0.659324228722,-1.358648457443,0.1));
#3659 = CARTESIAN_POINT('',(0.705,-1.45,0.75));
#3660 = ORIENTED_EDGE('',*,*,#3661,.F.);
#3661 = EDGE_CURVE('',#3561,#3655,#3662,.T.);
#3662 = LINE('',#3663,#3664);
#3663 = CARTESIAN_POINT('',(0.8,-1.355,0.75));
#3664 = VECTOR('',#3665,1.);
#3665 = DIRECTION('',(-0.707106781187,-0.707106781187,0.));
#3666 = ORIENTED_EDGE('',*,*,#3560,.F.);
#3667 = B_SPLINE_SURFACE_WITH_KNOTS('',1,1,(
    (#3668,#3669)
    ,(#3670,#3671
    )),.UNSPECIFIED.,.F.,.F.,.F.,(2,2),(2,2),(0.,0.134350288425),(0.,1.)
  ,.PIECEWISE_BEZIER_KNOTS.);
#3668 = CARTESIAN_POINT('',(0.708648457443,-1.309324228722,0.1));
#3669 = CARTESIAN_POINT('',(0.8,-1.355,0.75));
#3670 = CARTESIAN_POINT('',(0.659324228722,-1.358648457443,0.1));
#3671 = CARTESIAN_POINT('',(0.705,-1.45,0.75));
#3672 = ADVANCED_FACE('',(#3673),#3684,.F.);
#3673 = FACE_BOUND('',#3674,.F.);
#3674 = EDGE_LOOP('',(#3675,#3676,#3677,#3683));
#3675 = ORIENTED_EDGE('',*,*,#3375,.T.);
#3676 = ORIENTED_EDGE('',*,*,#3640,.T.);
#3677 = ORIENTED_EDGE('',*,*,#3678,.F.);
#3678 = EDGE_CURVE('',#3655,#3633,#3679,.T.);
#3679 = LINE('',#3680,#3681);
#3680 = CARTESIAN_POINT('',(0.705,-1.45,0.75));
#3681 = VECTOR('',#3682,1.);
#3682 = DIRECTION('',(-1.,-1.110223024625E-16,0.));
#3683 = ORIENTED_EDGE('',*,*,#3654,.F.);
#3684 = B_SPLINE_SURFACE_WITH_KNOTS('',1,1,(
    (#3685,#3686)
    ,(#3687,#3688
    )),.UNSPECIFIED.,.F.,.F.,.F.,(2,2),(2,2),(0.,1.41),(0.,1.),
  .PIECEWISE_BEZIER_KNOTS.);
#3685 = CARTESIAN_POINT('',(0.659324228722,-1.358648457443,0.1));
#3686 = CARTESIAN_POINT('',(0.705,-1.45,0.75));
#3687 = CARTESIAN_POINT('',(-0.659324228722,-1.358648457443,0.1));
#3688 = CARTESIAN_POINT('',(-0.705,-1.45,0.75));
#3689 = ADVANCED_FACE('',(#3690),#3707,.F.);
#3690 = FACE_BOUND('',#3691,.F.);
#3691 = EDGE_LOOP('',(#3692,#3693,#3700,#3706));
#3692 = ORIENTED_EDGE('',*,*,#3421,.T.);
#3693 = ORIENTED_EDGE('',*,*,#3694,.T.);
#3694 = EDGE_CURVE('',#3415,#3695,#3697,.T.);
#3695 = VERTEX_POINT('',#3696);
#3696 = CARTESIAN_POINT('',(0.8,1.355,0.9));
#3697 = B_SPLINE_CURVE_WITH_KNOTS('',1,(#3698,#3699),.UNSPECIFIED.,.F.,
  .F.,(2,2),(0.,1.),.PIECEWISE_BEZIER_KNOTS.);
#3698 = CARTESIAN_POINT('',(0.8,1.355,0.75));
#3699 = CARTESIAN_POINT('',(0.8,1.355,0.9));
#3700 = ORIENTED_EDGE('',*,*,#3701,.F.);
#3701 = EDGE_CURVE('',#3438,#3695,#3702,.T.);
#3702 = LINE('',#3703,#3704);
#3703 = CARTESIAN_POINT('',(0.705,1.45,0.9));
#3704 = VECTOR('',#3705,1.);
#3705 = DIRECTION('',(0.707106781187,-0.707106781187,0.));
#3706 = ORIENTED_EDGE('',*,*,#3437,.F.);
#3707 = PLANE('',#3708);
#3708 = AXIS2_PLACEMENT_3D('',#3709,#3710,#3711);
#3709 = CARTESIAN_POINT('',(0.705,1.45,0.9));
#3710 = DIRECTION('',(-0.707106781187,-0.707106781187,0.));
#3711 = DIRECTION('',(0.707106781187,-0.707106781187,0.));
#3712 = ADVANCED_FACE('',(#3713),#3795,.F.);
#3713 = FACE_BOUND('',#3714,.F.);
#3714 = EDGE_LOOP('',(#3715,#3723,#3724,#3725,#3733,#3741,#3749,#3757,
    #3765,#3773,#3781,#3789));
#3715 = ORIENTED_EDGE('',*,*,#3716,.T.);
#3716 = EDGE_CURVE('',#3717,#3445,#3719,.T.);
#3717 = VERTEX_POINT('',#3718);
#3718 = CARTESIAN_POINT('',(-0.8,1.355,0.9));
#3719 = LINE('',#3720,#3721);
#3720 = CARTESIAN_POINT('',(-0.8,1.355,0.9));
#3721 = VECTOR('',#3722,1.);
#3722 = DIRECTION('',(0.707106781187,0.707106781187,0.));
#3723 = ORIENTED_EDGE('',*,*,#3444,.T.);
#3724 = ORIENTED_EDGE('',*,*,#3701,.T.);
#3725 = ORIENTED_EDGE('',*,*,#3726,.T.);
#3726 = EDGE_CURVE('',#3695,#3727,#3729,.T.);
#3727 = VERTEX_POINT('',#3728);
#3728 = CARTESIAN_POINT('',(0.8,1.2,0.9));
#3729 = LINE('',#3730,#3731);
#3730 = CARTESIAN_POINT('',(0.8,1.355,0.9));
#3731 = VECTOR('',#3732,1.);
#3732 = DIRECTION('',(1.110223024625E-16,-1.,0.));
#3733 = ORIENTED_EDGE('',*,*,#3734,.T.);
#3734 = EDGE_CURVE('',#3727,#3735,#3737,.T.);
#3735 = VERTEX_POINT('',#3736);
#3736 = CARTESIAN_POINT('',(0.775,1.2,0.9));
#3737 = LINE('',#3738,#3739);
#3738 = CARTESIAN_POINT('',(0.85,1.2,0.9));
#3739 = VECTOR('',#3740,1.);
#3740 = DIRECTION('',(-1.,-1.110223024625E-16,0.));
#3741 = ORIENTED_EDGE('',*,*,#3742,.F.);
#3742 = EDGE_CURVE('',#3743,#3735,#3745,.T.);
#3743 = VERTEX_POINT('',#3744);
#3744 = CARTESIAN_POINT('',(0.775,1.3425,0.9));
#3745 = LINE('',#3746,#3747);
#3746 = CARTESIAN_POINT('',(0.775,1.3425,0.9));
#3747 = VECTOR('',#3748,1.);
#3748 = DIRECTION('',(1.110223024625E-16,-1.,0.));
#3749 = ORIENTED_EDGE('',*,*,#3750,.F.);
#3750 = EDGE_CURVE('',#3751,#3743,#3753,.T.);
#3751 = VERTEX_POINT('',#3752);
#3752 = CARTESIAN_POINT('',(0.6925,1.425,0.9));
#3753 = LINE('',#3754,#3755);
#3754 = CARTESIAN_POINT('',(0.6925,1.425,0.9));
#3755 = VECTOR('',#3756,1.);
#3756 = DIRECTION('',(0.707106781187,-0.707106781187,0.));
#3757 = ORIENTED_EDGE('',*,*,#3758,.F.);
#3758 = EDGE_CURVE('',#3759,#3751,#3761,.T.);
#3759 = VERTEX_POINT('',#3760);
#3760 = CARTESIAN_POINT('',(-0.6925,1.425,0.9));
#3761 = LINE('',#3762,#3763);
#3762 = CARTESIAN_POINT('',(-0.6925,1.425,0.9));
#3763 = VECTOR('',#3764,1.);
#3764 = DIRECTION('',(1.,1.110223024625E-16,0.));
#3765 = ORIENTED_EDGE('',*,*,#3766,.F.);
#3766 = EDGE_CURVE('',#3767,#3759,#3769,.T.);
#3767 = VERTEX_POINT('',#3768);
#3768 = CARTESIAN_POINT('',(-0.775,1.3425,0.9));
#3769 = LINE('',#3770,#3771);
#3770 = CARTESIAN_POINT('',(-0.775,1.3425,0.9));
#3771 = VECTOR('',#3772,1.);
#3772 = DIRECTION('',(0.707106781187,0.707106781187,0.));
#3773 = ORIENTED_EDGE('',*,*,#3774,.F.);
#3774 = EDGE_CURVE('',#3775,#3767,#3777,.T.);
#3775 = VERTEX_POINT('',#3776);
#3776 = CARTESIAN_POINT('',(-0.775,1.2,0.9));
#3777 = LINE('',#3778,#3779);
#3778 = CARTESIAN_POINT('',(-0.775,-1.3425,0.9));
#3779 = VECTOR('',#3780,1.);
#3780 = DIRECTION('',(-1.110223024625E-16,1.,0.));
#3781 = ORIENTED_EDGE('',*,*,#3782,.F.);
#3782 = EDGE_CURVE('',#3783,#3775,#3785,.T.);
#3783 = VERTEX_POINT('',#3784);
#3784 = CARTESIAN_POINT('',(-0.8,1.2,0.9));
#3785 = LINE('',#3786,#3787);
#3786 = CARTESIAN_POINT('',(-0.85,1.2,0.9));
#3787 = VECTOR('',#3788,1.);
#3788 = DIRECTION('',(1.,-1.144237745222E-17,0.));
#3789 = ORIENTED_EDGE('',*,*,#3790,.T.);
#3790 = EDGE_CURVE('',#3783,#3717,#3791,.T.);
#3791 = LINE('',#3792,#3793);
#3792 = CARTESIAN_POINT('',(-0.8,-1.355,0.9));
#3793 = VECTOR('',#3794,1.);
#3794 = DIRECTION('',(-1.110223024625E-16,1.,0.));
#3795 = PLANE('',#3796);
#3796 = AXIS2_PLACEMENT_3D('',#3797,#3798,#3799);
#3797 = CARTESIAN_POINT('',(-2.091417030376E-16,1.4375,0.9));
#3798 = DIRECTION('',(4.595758349624E-18,6.551522493592E-27,-1.));
#3799 = DIRECTION('',(1.,1.51922136901E-16,4.595758349624E-18));
#3800 = ADVANCED_FACE('',(#3801),#3811,.F.);
#3801 = FACE_BOUND('',#3802,.F.);
#3802 = EDGE_LOOP('',(#3803,#3804,#3805,#3806));
#3803 = ORIENTED_EDGE('',*,*,#3467,.T.);
#3804 = ORIENTED_EDGE('',*,*,#3452,.T.);
#3805 = ORIENTED_EDGE('',*,*,#3716,.F.);
#3806 = ORIENTED_EDGE('',*,*,#3807,.F.);
#3807 = EDGE_CURVE('',#3468,#3717,#3808,.T.);
#3808 = B_SPLINE_CURVE_WITH_KNOTS('',1,(#3809,#3810),.UNSPECIFIED.,.F.,
  .F.,(2,2),(0.,1.),.PIECEWISE_BEZIER_KNOTS.);
#3809 = CARTESIAN_POINT('',(-0.8,1.355,0.75));
#3810 = CARTESIAN_POINT('',(-0.8,1.355,0.9));
#3811 = PLANE('',#3812);
#3812 = AXIS2_PLACEMENT_3D('',#3813,#3814,#3815);
#3813 = CARTESIAN_POINT('',(-0.8,1.355,0.9));
#3814 = DIRECTION('',(0.707106781187,-0.707106781187,0.));
#3815 = DIRECTION('',(0.707106781187,0.707106781187,0.));
#3816 = ADVANCED_FACE('',(#3817),#3841,.F.);
#3817 = FACE_BOUND('',#3818,.F.);
#3818 = EDGE_LOOP('',(#3819,#3826,#3827,#3835));
#3819 = ORIENTED_EDGE('',*,*,#3820,.F.);
#3820 = EDGE_CURVE('',#3539,#3821,#3823,.T.);
#3821 = VERTEX_POINT('',#3822);
#3822 = CARTESIAN_POINT('',(-0.8,-1.355,0.9));
#3823 = B_SPLINE_CURVE_WITH_KNOTS('',1,(#3824,#3825),.UNSPECIFIED.,.F.,
  .F.,(2,2),(0.,1.),.PIECEWISE_BEZIER_KNOTS.);
#3824 = CARTESIAN_POINT('',(-0.8,-1.355,0.75));
#3825 = CARTESIAN_POINT('',(-0.8,-1.355,0.9));
#3826 = ORIENTED_EDGE('',*,*,#3538,.T.);
#3827 = ORIENTED_EDGE('',*,*,#3828,.T.);
#3828 = EDGE_CURVE('',#3531,#3829,#3831,.T.);
#3829 = VERTEX_POINT('',#3830);
#3830 = CARTESIAN_POINT('',(-0.8,-1.2,0.9));
#3831 = LINE('',#3832,#3833);
#3832 = CARTESIAN_POINT('',(-0.8,-1.2,0.670847817658));
#3833 = VECTOR('',#3834,1.);
#3834 = DIRECTION('',(0.,0.,1.));
#3835 = ORIENTED_EDGE('',*,*,#3836,.F.);
#3836 = EDGE_CURVE('',#3821,#3829,#3837,.T.);
#3837 = LINE('',#3838,#3839);
#3838 = CARTESIAN_POINT('',(-0.8,-1.355,0.9));
#3839 = VECTOR('',#3840,1.);
#3840 = DIRECTION('',(-1.110223024625E-16,1.,0.));
#3841 = PLANE('',#3842);
#3842 = AXIS2_PLACEMENT_3D('',#3843,#3844,#3845);
#3843 = CARTESIAN_POINT('',(-0.8,-1.355,0.9));
#3844 = DIRECTION('',(1.,1.110223024625E-16,0.));
#3845 = DIRECTION('',(-1.110223024625E-16,1.,0.));
#3846 = ADVANCED_FACE('',(#3847),#3872,.F.);
#3847 = FACE_BOUND('',#3848,.F.);
#3848 = EDGE_LOOP('',(#3849,#3857,#3858,#3866));
#3849 = ORIENTED_EDGE('',*,*,#3850,.F.);
#3850 = EDGE_CURVE('',#3531,#3851,#3853,.T.);
#3851 = VERTEX_POINT('',#3852);
#3852 = CARTESIAN_POINT('',(-0.85,-1.2,0.75));
#3853 = LINE('',#3854,#3855);
#3854 = CARTESIAN_POINT('',(-0.75,-1.2,0.75));
#3855 = VECTOR('',#3856,1.);
#3856 = DIRECTION('',(-1.,1.144237745222E-17,0.));
#3857 = ORIENTED_EDGE('',*,*,#3530,.T.);
#3858 = ORIENTED_EDGE('',*,*,#3859,.T.);
#3859 = EDGE_CURVE('',#3523,#3860,#3862,.T.);
#3860 = VERTEX_POINT('',#3861);
#3861 = CARTESIAN_POINT('',(-0.85,-0.7,0.75));
#3862 = LINE('',#3863,#3864);
#3863 = CARTESIAN_POINT('',(-0.75,-0.7,0.75));
#3864 = VECTOR('',#3865,1.);
#3865 = DIRECTION('',(-1.,1.144237745222E-17,0.));
#3866 = ORIENTED_EDGE('',*,*,#3867,.F.);
#3867 = EDGE_CURVE('',#3851,#3860,#3868,.T.);
#3868 = LINE('',#3869,#3870);
#3869 = CARTESIAN_POINT('',(-0.85,-1.2,0.75));
#3870 = VECTOR('',#3871,1.);
#3871 = DIRECTION('',(1.144237745222E-17,1.,0.));
#3872 = PLANE('',#3873);
#3873 = AXIS2_PLACEMENT_3D('',#3874,#3875,#3876);
#3874 = CARTESIAN_POINT('',(-0.75,-1.2,0.75));
#3875 = DIRECTION('',(0.,0.,1.));
#3876 = DIRECTION('',(-1.,1.144237745222E-17,0.));
#3877 = ADVANCED_FACE('',(#3878),#3903,.F.);
#3878 = FACE_BOUND('',#3879,.F.);
#3879 = EDGE_LOOP('',(#3880,#3888,#3889,#3897));
#3880 = ORIENTED_EDGE('',*,*,#3881,.F.);
#3881 = EDGE_CURVE('',#3523,#3882,#3884,.T.);
#3882 = VERTEX_POINT('',#3883);
#3883 = CARTESIAN_POINT('',(-0.8,-0.7,0.9));
#3884 = LINE('',#3885,#3886);
#3885 = CARTESIAN_POINT('',(-0.8,-0.7,0.670847817658));
#3886 = VECTOR('',#3887,1.);
#3887 = DIRECTION('',(0.,0.,1.));
#3888 = ORIENTED_EDGE('',*,*,#3522,.T.);
#3889 = ORIENTED_EDGE('',*,*,#3890,.T.);
#3890 = EDGE_CURVE('',#3515,#3891,#3893,.T.);
#3891 = VERTEX_POINT('',#3892);
#3892 = CARTESIAN_POINT('',(-0.8,-0.25,0.9));
#3893 = LINE('',#3894,#3895);
#3894 = CARTESIAN_POINT('',(-0.8,-0.25,0.670847817658));
#3895 = VECTOR('',#3896,1.);
#3896 = DIRECTION('',(0.,0.,1.));
#3897 = ORIENTED_EDGE('',*,*,#3898,.F.);
#3898 = EDGE_CURVE('',#3882,#3891,#3899,.T.);
#3899 = LINE('',#3900,#3901);
#3900 = CARTESIAN_POINT('',(-0.8,-1.355,0.9));
#3901 = VECTOR('',#3902,1.);
#3902 = DIRECTION('',(-1.110223024625E-16,1.,0.));
#3903 = PLANE('',#3904);
#3904 = AXIS2_PLACEMENT_3D('',#3905,#3906,#3907);
#3905 = CARTESIAN_POINT('',(-0.8,-1.355,0.9));
#3906 = DIRECTION('',(1.,1.110223024625E-16,0.));
#3907 = DIRECTION('',(-1.110223024625E-16,1.,0.));
#3908 = ADVANCED_FACE('',(#3909),#3934,.F.);
#3909 = FACE_BOUND('',#3910,.F.);
#3910 = EDGE_LOOP('',(#3911,#3919,#3920,#3928));
#3911 = ORIENTED_EDGE('',*,*,#3912,.F.);
#3912 = EDGE_CURVE('',#3515,#3913,#3915,.T.);
#3913 = VERTEX_POINT('',#3914);
#3914 = CARTESIAN_POINT('',(-0.85,-0.25,0.75));
#3915 = LINE('',#3916,#3917);
#3916 = CARTESIAN_POINT('',(-0.75,-0.25,0.75));
#3917 = VECTOR('',#3918,1.);
#3918 = DIRECTION('',(-1.,1.144237745222E-17,0.));
#3919 = ORIENTED_EDGE('',*,*,#3514,.T.);
#3920 = ORIENTED_EDGE('',*,*,#3921,.T.);
#3921 = EDGE_CURVE('',#3507,#3922,#3924,.T.);
#3922 = VERTEX_POINT('',#3923);
#3923 = CARTESIAN_POINT('',(-0.85,0.25,0.75));
#3924 = LINE('',#3925,#3926);
#3925 = CARTESIAN_POINT('',(-0.75,0.25,0.75));
#3926 = VECTOR('',#3927,1.);
#3927 = DIRECTION('',(-1.,1.144237745222E-17,0.));
#3928 = ORIENTED_EDGE('',*,*,#3929,.F.);
#3929 = EDGE_CURVE('',#3913,#3922,#3930,.T.);
#3930 = LINE('',#3931,#3932);
#3931 = CARTESIAN_POINT('',(-0.85,-0.25,0.75));
#3932 = VECTOR('',#3933,1.);
#3933 = DIRECTION('',(1.144237745222E-17,1.,0.));
#3934 = PLANE('',#3935);
#3935 = AXIS2_PLACEMENT_3D('',#3936,#3937,#3938);
#3936 = CARTESIAN_POINT('',(-0.75,-0.25,0.75));
#3937 = DIRECTION('',(0.,0.,1.));
#3938 = DIRECTION('',(-1.,1.144237745222E-17,0.));
#3939 = ADVANCED_FACE('',(#3940),#3965,.F.);
#3940 = FACE_BOUND('',#3941,.F.);
#3941 = EDGE_LOOP('',(#3942,#3950,#3951,#3959));
#3942 = ORIENTED_EDGE('',*,*,#3943,.F.);
#3943 = EDGE_CURVE('',#3507,#3944,#3946,.T.);
#3944 = VERTEX_POINT('',#3945);
#3945 = CARTESIAN_POINT('',(-0.8,0.25,0.9));
#3946 = LINE('',#3947,#3948);
#3947 = CARTESIAN_POINT('',(-0.8,0.25,0.670847817658));
#3948 = VECTOR('',#3949,1.);
#3949 = DIRECTION('',(0.,0.,1.));
#3950 = ORIENTED_EDGE('',*,*,#3506,.T.);
#3951 = ORIENTED_EDGE('',*,*,#3952,.T.);
#3952 = EDGE_CURVE('',#3499,#3953,#3955,.T.);
#3953 = VERTEX_POINT('',#3954);
#3954 = CARTESIAN_POINT('',(-0.8,0.7,0.9));
#3955 = LINE('',#3956,#3957);
#3956 = CARTESIAN_POINT('',(-0.8,0.7,0.670847817658));
#3957 = VECTOR('',#3958,1.);
#3958 = DIRECTION('',(0.,0.,1.));
#3959 = ORIENTED_EDGE('',*,*,#3960,.F.);
#3960 = EDGE_CURVE('',#3944,#3953,#3961,.T.);
#3961 = LINE('',#3962,#3963);
#3962 = CARTESIAN_POINT('',(-0.8,-1.355,0.9));
#3963 = VECTOR('',#3964,1.);
#3964 = DIRECTION('',(-1.110223024625E-16,1.,0.));
#3965 = PLANE('',#3966);
#3966 = AXIS2_PLACEMENT_3D('',#3967,#3968,#3969);
#3967 = CARTESIAN_POINT('',(-0.8,-1.355,0.9));
#3968 = DIRECTION('',(1.,1.110223024625E-16,0.));
#3969 = DIRECTION('',(-1.110223024625E-16,1.,0.));
#3970 = ADVANCED_FACE('',(#3971),#3996,.F.);
#3971 = FACE_BOUND('',#3972,.F.);
#3972 = EDGE_LOOP('',(#3973,#3981,#3982,#3990));
#3973 = ORIENTED_EDGE('',*,*,#3974,.F.);
#3974 = EDGE_CURVE('',#3499,#3975,#3977,.T.);
#3975 = VERTEX_POINT('',#3976);
#3976 = CARTESIAN_POINT('',(-0.85,0.7,0.75));
#3977 = LINE('',#3978,#3979);
#3978 = CARTESIAN_POINT('',(-0.75,0.7,0.75));
#3979 = VECTOR('',#3980,1.);
#3980 = DIRECTION('',(-1.,1.144237745222E-17,0.));
#3981 = ORIENTED_EDGE('',*,*,#3498,.T.);
#3982 = ORIENTED_EDGE('',*,*,#3983,.T.);
#3983 = EDGE_CURVE('',#3491,#3984,#3986,.T.);
#3984 = VERTEX_POINT('',#3985);
#3985 = CARTESIAN_POINT('',(-0.85,1.2,0.75));
#3986 = LINE('',#3987,#3988);
#3987 = CARTESIAN_POINT('',(-0.75,1.2,0.75));
#3988 = VECTOR('',#3989,1.);
#3989 = DIRECTION('',(-1.,1.144237745222E-17,0.));
#3990 = ORIENTED_EDGE('',*,*,#3991,.F.);
#3991 = EDGE_CURVE('',#3975,#3984,#3992,.T.);
#3992 = LINE('',#3993,#3994);
#3993 = CARTESIAN_POINT('',(-0.85,0.7,0.75));
#3994 = VECTOR('',#3995,1.);
#3995 = DIRECTION('',(1.144237745222E-17,1.,0.));
#3996 = PLANE('',#3997);
#3997 = AXIS2_PLACEMENT_3D('',#3998,#3999,#4000);
#3998 = CARTESIAN_POINT('',(-0.75,0.7,0.75));
#3999 = DIRECTION('',(0.,0.,1.));
#4000 = DIRECTION('',(-1.,1.144237745222E-17,0.));
#4001 = ADVANCED_FACE('',(#4002),#4013,.F.);
#4002 = FACE_BOUND('',#4003,.F.);
#4003 = EDGE_LOOP('',(#4004,#4010,#4011,#4012));
#4004 = ORIENTED_EDGE('',*,*,#4005,.F.);
#4005 = EDGE_CURVE('',#3491,#3783,#4006,.T.);
#4006 = LINE('',#4007,#4008);
#4007 = CARTESIAN_POINT('',(-0.8,1.2,0.670847817658));
#4008 = VECTOR('',#4009,1.);
#4009 = DIRECTION('',(0.,0.,1.));
#4010 = ORIENTED_EDGE('',*,*,#3490,.T.);
#4011 = ORIENTED_EDGE('',*,*,#3807,.T.);
#4012 = ORIENTED_EDGE('',*,*,#3790,.F.);
#4013 = PLANE('',#4014);
#4014 = AXIS2_PLACEMENT_3D('',#4015,#4016,#4017);
#4015 = CARTESIAN_POINT('',(-0.8,-1.355,0.9));
#4016 = DIRECTION('',(1.,1.110223024625E-16,0.));
#4017 = DIRECTION('',(-1.110223024625E-16,1.,0.));
#4018 = ADVANCED_FACE('',(#4019),#4030,.F.);
#4019 = FACE_BOUND('',#4020,.F.);
#4020 = EDGE_LOOP('',(#4021,#4022,#4023,#4029));
#4021 = ORIENTED_EDGE('',*,*,#3694,.F.);
#4022 = ORIENTED_EDGE('',*,*,#3615,.T.);
#4023 = ORIENTED_EDGE('',*,*,#4024,.T.);
#4024 = EDGE_CURVE('',#3608,#3727,#4025,.T.);
#4025 = LINE('',#4026,#4027);
#4026 = CARTESIAN_POINT('',(0.8,1.2,0.670847817658));
#4027 = VECTOR('',#4028,1.);
#4028 = DIRECTION('',(0.,0.,1.));
#4029 = ORIENTED_EDGE('',*,*,#3726,.F.);
#4030 = PLANE('',#4031);
#4031 = AXIS2_PLACEMENT_3D('',#4032,#4033,#4034);
#4032 = CARTESIAN_POINT('',(0.8,1.355,0.9));
#4033 = DIRECTION('',(-1.,-1.110223024625E-16,0.));
#4034 = DIRECTION('',(1.110223024625E-16,-1.,0.));
#4035 = ADVANCED_FACE('',(#4036),#4061,.F.);
#4036 = FACE_BOUND('',#4037,.F.);
#4037 = EDGE_LOOP('',(#4038,#4046,#4047,#4055));
#4038 = ORIENTED_EDGE('',*,*,#4039,.F.);
#4039 = EDGE_CURVE('',#3608,#4040,#4042,.T.);
#4040 = VERTEX_POINT('',#4041);
#4041 = CARTESIAN_POINT('',(0.85,1.2,0.75));
#4042 = LINE('',#4043,#4044);
#4043 = CARTESIAN_POINT('',(0.75,1.2,0.75));
#4044 = VECTOR('',#4045,1.);
#4045 = DIRECTION('',(1.,1.110223024625E-16,0.));
#4046 = ORIENTED_EDGE('',*,*,#3607,.T.);
#4047 = ORIENTED_EDGE('',*,*,#4048,.T.);
#4048 = EDGE_CURVE('',#3600,#4049,#4051,.T.);
#4049 = VERTEX_POINT('',#4050);
#4050 = CARTESIAN_POINT('',(0.85,0.7,0.75));
#4051 = LINE('',#4052,#4053);
#4052 = CARTESIAN_POINT('',(0.75,0.7,0.75));
#4053 = VECTOR('',#4054,1.);
#4054 = DIRECTION('',(1.,1.110223024625E-16,0.));
#4055 = ORIENTED_EDGE('',*,*,#4056,.F.);
#4056 = EDGE_CURVE('',#4040,#4049,#4057,.T.);
#4057 = LINE('',#4058,#4059);
#4058 = CARTESIAN_POINT('',(0.85,1.2,0.75));
#4059 = VECTOR('',#4060,1.);
#4060 = DIRECTION('',(1.110223024625E-16,-1.,0.));
#4061 = PLANE('',#4062);
#4062 = AXIS2_PLACEMENT_3D('',#4063,#4064,#4065);
#4063 = CARTESIAN_POINT('',(0.75,1.2,0.75));
#4064 = DIRECTION('',(0.,0.,1.));
#4065 = DIRECTION('',(1.,1.110223024625E-16,-0.));
#4066 = ADVANCED_FACE('',(#4067),#4092,.F.);
#4067 = FACE_BOUND('',#4068,.F.);
#4068 = EDGE_LOOP('',(#4069,#4077,#4078,#4086));
#4069 = ORIENTED_EDGE('',*,*,#4070,.F.);
#4070 = EDGE_CURVE('',#3600,#4071,#4073,.T.);
#4071 = VERTEX_POINT('',#4072);
#4072 = CARTESIAN_POINT('',(0.8,0.7,0.9));
#4073 = LINE('',#4074,#4075);
#4074 = CARTESIAN_POINT('',(0.8,0.7,0.670847817658));
#4075 = VECTOR('',#4076,1.);
#4076 = DIRECTION('',(0.,0.,1.));
#4077 = ORIENTED_EDGE('',*,*,#3599,.T.);
#4078 = ORIENTED_EDGE('',*,*,#4079,.T.);
#4079 = EDGE_CURVE('',#3592,#4080,#4082,.T.);
#4080 = VERTEX_POINT('',#4081);
#4081 = CARTESIAN_POINT('',(0.8,0.25,0.9));
#4082 = LINE('',#4083,#4084);
#4083 = CARTESIAN_POINT('',(0.8,0.25,0.670847817658));
#4084 = VECTOR('',#4085,1.);
#4085 = DIRECTION('',(0.,0.,1.));
#4086 = ORIENTED_EDGE('',*,*,#4087,.F.);
#4087 = EDGE_CURVE('',#4071,#4080,#4088,.T.);
#4088 = LINE('',#4089,#4090);
#4089 = CARTESIAN_POINT('',(0.8,1.355,0.9));
#4090 = VECTOR('',#4091,1.);
#4091 = DIRECTION('',(1.110223024625E-16,-1.,0.));
#4092 = PLANE('',#4093);
#4093 = AXIS2_PLACEMENT_3D('',#4094,#4095,#4096);
#4094 = CARTESIAN_POINT('',(0.8,1.355,0.9));
#4095 = DIRECTION('',(-1.,-1.110223024625E-16,0.));
#4096 = DIRECTION('',(1.110223024625E-16,-1.,0.));
#4097 = ADVANCED_FACE('',(#4098),#4123,.F.);
#4098 = FACE_BOUND('',#4099,.F.);
#4099 = EDGE_LOOP('',(#4100,#4108,#4109,#4117));
#4100 = ORIENTED_EDGE('',*,*,#4101,.F.);
#4101 = EDGE_CURVE('',#3592,#4102,#4104,.T.);
#4102 = VERTEX_POINT('',#4103);
#4103 = CARTESIAN_POINT('',(0.85,0.25,0.75));
#4104 = LINE('',#4105,#4106);
#4105 = CARTESIAN_POINT('',(0.75,0.25,0.75));
#4106 = VECTOR('',#4107,1.);
#4107 = DIRECTION('',(1.,1.110223024625E-16,0.));
#4108 = ORIENTED_EDGE('',*,*,#3591,.T.);
#4109 = ORIENTED_EDGE('',*,*,#4110,.T.);
#4110 = EDGE_CURVE('',#3584,#4111,#4113,.T.);
#4111 = VERTEX_POINT('',#4112);
#4112 = CARTESIAN_POINT('',(0.85,-0.25,0.75));
#4113 = LINE('',#4114,#4115);
#4114 = CARTESIAN_POINT('',(0.75,-0.25,0.75));
#4115 = VECTOR('',#4116,1.);
#4116 = DIRECTION('',(1.,1.110223024625E-16,0.));
#4117 = ORIENTED_EDGE('',*,*,#4118,.F.);
#4118 = EDGE_CURVE('',#4102,#4111,#4119,.T.);
#4119 = LINE('',#4120,#4121);
#4120 = CARTESIAN_POINT('',(0.85,0.25,0.75));
#4121 = VECTOR('',#4122,1.);
#4122 = DIRECTION('',(1.110223024625E-16,-1.,0.));
#4123 = PLANE('',#4124);
#4124 = AXIS2_PLACEMENT_3D('',#4125,#4126,#4127);
#4125 = CARTESIAN_POINT('',(0.75,0.25,0.75));
#4126 = DIRECTION('',(0.,0.,1.));
#4127 = DIRECTION('',(1.,1.110223024625E-16,-0.));
#4128 = ADVANCED_FACE('',(#4129),#4154,.F.);
#4129 = FACE_BOUND('',#4130,.F.);
#4130 = EDGE_LOOP('',(#4131,#4139,#4140,#4148));
#4131 = ORIENTED_EDGE('',*,*,#4132,.F.);
#4132 = EDGE_CURVE('',#3584,#4133,#4135,.T.);
#4133 = VERTEX_POINT('',#4134);
#4134 = CARTESIAN_POINT('',(0.8,-0.25,0.9));
#4135 = LINE('',#4136,#4137);
#4136 = CARTESIAN_POINT('',(0.8,-0.25,0.670847817658));
#4137 = VECTOR('',#4138,1.);
#4138 = DIRECTION('',(0.,0.,1.));
#4139 = ORIENTED_EDGE('',*,*,#3583,.T.);
#4140 = ORIENTED_EDGE('',*,*,#4141,.T.);
#4141 = EDGE_CURVE('',#3576,#4142,#4144,.T.);
#4142 = VERTEX_POINT('',#4143);
#4143 = CARTESIAN_POINT('',(0.8,-0.7,0.9));
#4144 = LINE('',#4145,#4146);
#4145 = CARTESIAN_POINT('',(0.8,-0.7,0.670847817658));
#4146 = VECTOR('',#4147,1.);
#4147 = DIRECTION('',(0.,0.,1.));
#4148 = ORIENTED_EDGE('',*,*,#4149,.F.);
#4149 = EDGE_CURVE('',#4133,#4142,#4150,.T.);
#4150 = LINE('',#4151,#4152);
#4151 = CARTESIAN_POINT('',(0.8,1.355,0.9));
#4152 = VECTOR('',#4153,1.);
#4153 = DIRECTION('',(1.110223024625E-16,-1.,0.));
#4154 = PLANE('',#4155);
#4155 = AXIS2_PLACEMENT_3D('',#4156,#4157,#4158);
#4156 = CARTESIAN_POINT('',(0.8,1.355,0.9));
#4157 = DIRECTION('',(-1.,-1.110223024625E-16,0.));
#4158 = DIRECTION('',(1.110223024625E-16,-1.,0.));
#4159 = ADVANCED_FACE('',(#4160),#4185,.F.);
#4160 = FACE_BOUND('',#4161,.F.);
#4161 = EDGE_LOOP('',(#4162,#4170,#4171,#4179));
#4162 = ORIENTED_EDGE('',*,*,#4163,.F.);
#4163 = EDGE_CURVE('',#3576,#4164,#4166,.T.);
#4164 = VERTEX_POINT('',#4165);
#4165 = CARTESIAN_POINT('',(0.85,-0.7,0.75));
#4166 = LINE('',#4167,#4168);
#4167 = CARTESIAN_POINT('',(0.75,-0.7,0.75));
#4168 = VECTOR('',#4169,1.);
#4169 = DIRECTION('',(1.,1.110223024625E-16,0.));
#4170 = ORIENTED_EDGE('',*,*,#3575,.T.);
#4171 = ORIENTED_EDGE('',*,*,#4172,.T.);
#4172 = EDGE_CURVE('',#3568,#4173,#4175,.T.);
#4173 = VERTEX_POINT('',#4174);
#4174 = CARTESIAN_POINT('',(0.85,-1.2,0.75));
#4175 = LINE('',#4176,#4177);
#4176 = CARTESIAN_POINT('',(0.75,-1.2,0.75));
#4177 = VECTOR('',#4178,1.);
#4178 = DIRECTION('',(1.,1.110223024625E-16,0.));
#4179 = ORIENTED_EDGE('',*,*,#4180,.F.);
#4180 = EDGE_CURVE('',#4164,#4173,#4181,.T.);
#4181 = LINE('',#4182,#4183);
#4182 = CARTESIAN_POINT('',(0.85,-0.7,0.75));
#4183 = VECTOR('',#4184,1.);
#4184 = DIRECTION('',(1.110223024625E-16,-1.,0.));
#4185 = PLANE('',#4186);
#4186 = AXIS2_PLACEMENT_3D('',#4187,#4188,#4189);
#4187 = CARTESIAN_POINT('',(0.75,-0.7,0.75));
#4188 = DIRECTION('',(0.,0.,1.));
#4189 = DIRECTION('',(1.,1.110223024625E-16,-0.));
#4190 = ADVANCED_FACE('',(#4191),#4215,.F.);
#4191 = FACE_BOUND('',#4192,.F.);
#4192 = EDGE_LOOP('',(#4193,#4201,#4202,#4209));
#4193 = ORIENTED_EDGE('',*,*,#4194,.F.);
#4194 = EDGE_CURVE('',#3568,#4195,#4197,.T.);
#4195 = VERTEX_POINT('',#4196);
#4196 = CARTESIAN_POINT('',(0.8,-1.2,0.9));
#4197 = LINE('',#4198,#4199);
#4198 = CARTESIAN_POINT('',(0.8,-1.2,0.670847817658));
#4199 = VECTOR('',#4200,1.);
#4200 = DIRECTION('',(0.,0.,1.));
#4201 = ORIENTED_EDGE('',*,*,#3567,.T.);
#4202 = ORIENTED_EDGE('',*,*,#4203,.T.);
#4203 = EDGE_CURVE('',#3561,#4204,#4206,.T.);
#4204 = VERTEX_POINT('',#4205);
#4205 = CARTESIAN_POINT('',(0.8,-1.355,0.9));
#4206 = B_SPLINE_CURVE_WITH_KNOTS('',1,(#4207,#4208),.UNSPECIFIED.,.F.,
  .F.,(2,2),(0.,1.),.PIECEWISE_BEZIER_KNOTS.);
#4207 = CARTESIAN_POINT('',(0.8,-1.355,0.75));
#4208 = CARTESIAN_POINT('',(0.8,-1.355,0.9));
#4209 = ORIENTED_EDGE('',*,*,#4210,.F.);
#4210 = EDGE_CURVE('',#4195,#4204,#4211,.T.);
#4211 = LINE('',#4212,#4213);
#4212 = CARTESIAN_POINT('',(0.8,1.355,0.9));
#4213 = VECTOR('',#4214,1.);
#4214 = DIRECTION('',(1.110223024625E-16,-1.,0.));
#4215 = PLANE('',#4216);
#4216 = AXIS2_PLACEMENT_3D('',#4217,#4218,#4219);
#4217 = CARTESIAN_POINT('',(0.8,1.355,0.9));
#4218 = DIRECTION('',(-1.,-1.110223024625E-16,0.));
#4219 = DIRECTION('',(1.110223024625E-16,-1.,0.));
#4220 = ADVANCED_FACE('',(#4221),#4238,.F.);
#4221 = FACE_BOUND('',#4222,.F.);
#4222 = EDGE_LOOP('',(#4223,#4224,#4225,#4233));
#4223 = ORIENTED_EDGE('',*,*,#3632,.T.);
#4224 = ORIENTED_EDGE('',*,*,#3820,.T.);
#4225 = ORIENTED_EDGE('',*,*,#4226,.F.);
#4226 = EDGE_CURVE('',#4227,#3821,#4229,.T.);
#4227 = VERTEX_POINT('',#4228);
#4228 = CARTESIAN_POINT('',(-0.705,-1.45,0.9));
#4229 = LINE('',#4230,#4231);
#4230 = CARTESIAN_POINT('',(-0.705,-1.45,0.9));
#4231 = VECTOR('',#4232,1.);
#4232 = DIRECTION('',(-0.707106781187,0.707106781187,0.));
#4233 = ORIENTED_EDGE('',*,*,#4234,.F.);
#4234 = EDGE_CURVE('',#3633,#4227,#4235,.T.);
#4235 = B_SPLINE_CURVE_WITH_KNOTS('',1,(#4236,#4237),.UNSPECIFIED.,.F.,
  .F.,(2,2),(0.,1.),.PIECEWISE_BEZIER_KNOTS.);
#4236 = CARTESIAN_POINT('',(-0.705,-1.45,0.75));
#4237 = CARTESIAN_POINT('',(-0.705,-1.45,0.9));
#4238 = PLANE('',#4239);
#4239 = AXIS2_PLACEMENT_3D('',#4240,#4241,#4242);
#4240 = CARTESIAN_POINT('',(-0.705,-1.45,0.9));
#4241 = DIRECTION('',(0.707106781187,0.707106781187,0.));
#4242 = DIRECTION('',(-0.707106781187,0.707106781187,0.));
#4243 = ADVANCED_FACE('',(#4244),#4261,.F.);
#4244 = FACE_BOUND('',#4245,.F.);
#4245 = EDGE_LOOP('',(#4246,#4247,#4254,#4260));
#4246 = ORIENTED_EDGE('',*,*,#3661,.T.);
#4247 = ORIENTED_EDGE('',*,*,#4248,.T.);
#4248 = EDGE_CURVE('',#3655,#4249,#4251,.T.);
#4249 = VERTEX_POINT('',#4250);
#4250 = CARTESIAN_POINT('',(0.705,-1.45,0.9));
#4251 = B_SPLINE_CURVE_WITH_KNOTS('',1,(#4252,#4253),.UNSPECIFIED.,.F.,
  .F.,(2,2),(0.,1.),.PIECEWISE_BEZIER_KNOTS.);
#4252 = CARTESIAN_POINT('',(0.705,-1.45,0.75));
#4253 = CARTESIAN_POINT('',(0.705,-1.45,0.9));
#4254 = ORIENTED_EDGE('',*,*,#4255,.F.);
#4255 = EDGE_CURVE('',#4204,#4249,#4256,.T.);
#4256 = LINE('',#4257,#4258);
#4257 = CARTESIAN_POINT('',(0.8,-1.355,0.9));
#4258 = VECTOR('',#4259,1.);
#4259 = DIRECTION('',(-0.707106781187,-0.707106781187,0.));
#4260 = ORIENTED_EDGE('',*,*,#4203,.F.);
#4261 = PLANE('',#4262);
#4262 = AXIS2_PLACEMENT_3D('',#4263,#4264,#4265);
#4263 = CARTESIAN_POINT('',(0.8,-1.355,0.9));
#4264 = DIRECTION('',(-0.707106781187,0.707106781187,0.));
#4265 = DIRECTION('',(-0.707106781187,-0.707106781187,0.));
#4266 = ADVANCED_FACE('',(#4267),#4278,.F.);
#4267 = FACE_BOUND('',#4268,.F.);
#4268 = EDGE_LOOP('',(#4269,#4270,#4271,#4277));
#4269 = ORIENTED_EDGE('',*,*,#3678,.T.);
#4270 = ORIENTED_EDGE('',*,*,#4234,.T.);
#4271 = ORIENTED_EDGE('',*,*,#4272,.F.);
#4272 = EDGE_CURVE('',#4249,#4227,#4273,.T.);
#4273 = LINE('',#4274,#4275);
#4274 = CARTESIAN_POINT('',(0.705,-1.45,0.9));
#4275 = VECTOR('',#4276,1.);
#4276 = DIRECTION('',(-1.,-1.110223024625E-16,0.));
#4277 = ORIENTED_EDGE('',*,*,#4248,.F.);
#4278 = PLANE('',#4279);
#4279 = AXIS2_PLACEMENT_3D('',#4280,#4281,#4282);
#4280 = CARTESIAN_POINT('',(0.705,-1.45,0.9));
#4281 = DIRECTION('',(-1.110223024625E-16,1.,0.));
#4282 = DIRECTION('',(-1.,-1.110223024625E-16,0.));
#4283 = ADVANCED_FACE('',(#4284),#4323,.F.);
#4284 = FACE_BOUND('',#4285,.F.);
#4285 = EDGE_LOOP('',(#4286,#4294,#4302,#4308,#4309,#4317));
#4286 = ORIENTED_EDGE('',*,*,#4287,.F.);
#4287 = EDGE_CURVE('',#4288,#3953,#4290,.T.);
#4288 = VERTEX_POINT('',#4289);
#4289 = CARTESIAN_POINT('',(-0.85,0.7,0.9));
#4290 = LINE('',#4291,#4292);
#4291 = CARTESIAN_POINT('',(-0.85,0.7,0.9));
#4292 = VECTOR('',#4293,1.);
#4293 = DIRECTION('',(1.,-1.144237745222E-17,0.));
#4294 = ORIENTED_EDGE('',*,*,#4295,.T.);
#4295 = EDGE_CURVE('',#4288,#4296,#4298,.T.);
#4296 = VERTEX_POINT('',#4297);
#4297 = CARTESIAN_POINT('',(-0.85,1.2,0.9));
#4298 = LINE('',#4299,#4300);
#4299 = CARTESIAN_POINT('',(-0.85,0.7,0.9));
#4300 = VECTOR('',#4301,1.);
#4301 = DIRECTION('',(1.144237745222E-17,1.,0.));
#4302 = ORIENTED_EDGE('',*,*,#4303,.T.);
#4303 = EDGE_CURVE('',#4296,#3783,#4304,.T.);
#4304 = LINE('',#4305,#4306);
#4305 = CARTESIAN_POINT('',(-0.85,1.2,0.9));
#4306 = VECTOR('',#4307,1.);
#4307 = DIRECTION('',(1.,-1.144237745222E-17,0.));
#4308 = ORIENTED_EDGE('',*,*,#3782,.T.);
#4309 = ORIENTED_EDGE('',*,*,#4310,.F.);
#4310 = EDGE_CURVE('',#4311,#3775,#4313,.T.);
#4311 = VERTEX_POINT('',#4312);
#4312 = CARTESIAN_POINT('',(-0.775,0.7,0.9));
#4313 = LINE('',#4314,#4315);
#4314 = CARTESIAN_POINT('',(-0.775,-1.3425,0.9));
#4315 = VECTOR('',#4316,1.);
#4316 = DIRECTION('',(-1.110223024625E-16,1.,0.));
#4317 = ORIENTED_EDGE('',*,*,#4318,.F.);
#4318 = EDGE_CURVE('',#3953,#4311,#4319,.T.);
#4319 = LINE('',#4320,#4321);
#4320 = CARTESIAN_POINT('',(-0.85,0.7,0.9));
#4321 = VECTOR('',#4322,1.);
#4322 = DIRECTION('',(1.,-1.144237745222E-17,0.));
#4323 = PLANE('',#4324);
#4324 = AXIS2_PLACEMENT_3D('',#4325,#4326,#4327);
#4325 = CARTESIAN_POINT('',(-0.85,0.7,0.9));
#4326 = DIRECTION('',(0.,0.,-1.));
#4327 = DIRECTION('',(1.,-1.144237745222E-17,0.));
#4328 = ADVANCED_FACE('',(#4329),#4393,.F.);
#4329 = FACE_BOUND('',#4330,.F.);
#4330 = EDGE_LOOP('',(#4331,#4341,#4349,#4357,#4365,#4371,#4372,#4373,
    #4380,#4388));
#4331 = ORIENTED_EDGE('',*,*,#4332,.T.);
#4332 = EDGE_CURVE('',#4333,#4335,#4337,.T.);
#4333 = VERTEX_POINT('',#4334);
#4334 = CARTESIAN_POINT('',(-0.775,-1.3425,0.9));
#4335 = VERTEX_POINT('',#4336);
#4336 = CARTESIAN_POINT('',(-0.775,-1.2,0.9));
#4337 = LINE('',#4338,#4339);
#4338 = CARTESIAN_POINT('',(-0.775,-1.3425,0.9));
#4339 = VECTOR('',#4340,1.);
#4340 = DIRECTION('',(-1.110223024625E-16,1.,0.));
#4341 = ORIENTED_EDGE('',*,*,#4342,.T.);
#4342 = EDGE_CURVE('',#4335,#4343,#4345,.T.);
#4343 = VERTEX_POINT('',#4344);
#4344 = CARTESIAN_POINT('',(-0.775,-0.7,0.9));
#4345 = LINE('',#4346,#4347);
#4346 = CARTESIAN_POINT('',(-0.775,-1.3425,0.9));
#4347 = VECTOR('',#4348,1.);
#4348 = DIRECTION('',(-1.110223024625E-16,1.,0.));
#4349 = ORIENTED_EDGE('',*,*,#4350,.T.);
#4350 = EDGE_CURVE('',#4343,#4351,#4353,.T.);
#4351 = VERTEX_POINT('',#4352);
#4352 = CARTESIAN_POINT('',(-0.775,-0.25,0.9));
#4353 = LINE('',#4354,#4355);
#4354 = CARTESIAN_POINT('',(-0.775,-1.3425,0.9));
#4355 = VECTOR('',#4356,1.);
#4356 = DIRECTION('',(-1.110223024625E-16,1.,0.));
#4357 = ORIENTED_EDGE('',*,*,#4358,.T.);
#4358 = EDGE_CURVE('',#4351,#4359,#4361,.T.);
#4359 = VERTEX_POINT('',#4360);
#4360 = CARTESIAN_POINT('',(-0.775,0.25,0.9));
#4361 = LINE('',#4362,#4363);
#4362 = CARTESIAN_POINT('',(-0.775,-1.3425,0.9));
#4363 = VECTOR('',#4364,1.);
#4364 = DIRECTION('',(-1.110223024625E-16,1.,0.));
#4365 = ORIENTED_EDGE('',*,*,#4366,.T.);
#4366 = EDGE_CURVE('',#4359,#4311,#4367,.T.);
#4367 = LINE('',#4368,#4369);
#4368 = CARTESIAN_POINT('',(-0.775,-1.3425,0.9));
#4369 = VECTOR('',#4370,1.);
#4370 = DIRECTION('',(-1.110223024625E-16,1.,0.));
#4371 = ORIENTED_EDGE('',*,*,#4310,.T.);
#4372 = ORIENTED_EDGE('',*,*,#3774,.T.);
#4373 = ORIENTED_EDGE('',*,*,#4374,.T.);
#4374 = EDGE_CURVE('',#3767,#4375,#4377,.T.);
#4375 = VERTEX_POINT('',#4376);
#4376 = CARTESIAN_POINT('',(-0.683648457443,1.296824228722,1.55));
#4377 = B_SPLINE_CURVE_WITH_KNOTS('',1,(#4378,#4379),.UNSPECIFIED.,.F.,
  .F.,(2,2),(0.,1.),.PIECEWISE_BEZIER_KNOTS.);
#4378 = CARTESIAN_POINT('',(-0.775,1.3425,0.9));
#4379 = CARTESIAN_POINT('',(-0.683648457443,1.296824228722,1.55));
#4380 = ORIENTED_EDGE('',*,*,#4381,.F.);
#4381 = EDGE_CURVE('',#4382,#4375,#4384,.T.);
#4382 = VERTEX_POINT('',#4383);
#4383 = CARTESIAN_POINT('',(-0.683648457443,-1.296824228722,1.55));
#4384 = LINE('',#4385,#4386);
#4385 = CARTESIAN_POINT('',(-0.683648457443,-1.296824228722,1.55));
#4386 = VECTOR('',#4387,1.);
#4387 = DIRECTION('',(-1.110223024625E-16,1.,0.));
#4388 = ORIENTED_EDGE('',*,*,#4389,.F.);
#4389 = EDGE_CURVE('',#4333,#4382,#4390,.T.);
#4390 = B_SPLINE_CURVE_WITH_KNOTS('',1,(#4391,#4392),.UNSPECIFIED.,.F.,
  .F.,(2,2),(0.,1.),.PIECEWISE_BEZIER_KNOTS.);
#4391 = CARTESIAN_POINT('',(-0.775,-1.3425,0.9));
#4392 = CARTESIAN_POINT('',(-0.683648457443,-1.296824228722,1.55));
#4393 = B_SPLINE_SURFACE_WITH_KNOTS('',1,1,(
    (#4394,#4395)
    ,(#4396,#4397
    )),.UNSPECIFIED.,.F.,.F.,.F.,(2,2),(2,2),(0.,2.685),(0.,1.),
  .PIECEWISE_BEZIER_KNOTS.);
#4394 = CARTESIAN_POINT('',(-0.775,-1.3425,0.9));
#4395 = CARTESIAN_POINT('',(-0.683648457443,-1.296824228722,1.55));
#4396 = CARTESIAN_POINT('',(-0.775,1.3425,0.9));
#4397 = CARTESIAN_POINT('',(-0.683648457443,1.296824228722,1.55));
#4398 = ADVANCED_FACE('',(#4399),#4416,.F.);
#4399 = FACE_BOUND('',#4400,.F.);
#4400 = EDGE_LOOP('',(#4401,#4402,#4409,#4415));
#4401 = ORIENTED_EDGE('',*,*,#3766,.T.);
#4402 = ORIENTED_EDGE('',*,*,#4403,.T.);
#4403 = EDGE_CURVE('',#3759,#4404,#4406,.T.);
#4404 = VERTEX_POINT('',#4405);
#4405 = CARTESIAN_POINT('',(-0.646824228722,1.333648457443,1.55));
#4406 = B_SPLINE_CURVE_WITH_KNOTS('',1,(#4407,#4408),.UNSPECIFIED.,.F.,
  .F.,(2,2),(0.,1.),.PIECEWISE_BEZIER_KNOTS.);
#4407 = CARTESIAN_POINT('',(-0.6925,1.425,0.9));
#4408 = CARTESIAN_POINT('',(-0.646824228722,1.333648457443,1.55));
#4409 = ORIENTED_EDGE('',*,*,#4410,.F.);
#4410 = EDGE_CURVE('',#4375,#4404,#4411,.T.);
#4411 = LINE('',#4412,#4413);
#4412 = CARTESIAN_POINT('',(-0.683648457443,1.296824228722,1.55));
#4413 = VECTOR('',#4414,1.);
#4414 = DIRECTION('',(0.707106781187,0.707106781187,0.));
#4415 = ORIENTED_EDGE('',*,*,#4374,.F.);
#4416 = B_SPLINE_SURFACE_WITH_KNOTS('',1,1,(
    (#4417,#4418)
    ,(#4419,#4420
    )),.UNSPECIFIED.,.F.,.F.,.F.,(2,2),(2,2),(0.,0.116672618896),(0.,1.)
  ,.PIECEWISE_BEZIER_KNOTS.);
#4417 = CARTESIAN_POINT('',(-0.775,1.3425,0.9));
#4418 = CARTESIAN_POINT('',(-0.683648457443,1.296824228722,1.55));
#4419 = CARTESIAN_POINT('',(-0.6925,1.425,0.9));
#4420 = CARTESIAN_POINT('',(-0.646824228722,1.333648457443,1.55));
#4421 = ADVANCED_FACE('',(#4422),#4439,.F.);
#4422 = FACE_BOUND('',#4423,.F.);
#4423 = EDGE_LOOP('',(#4424,#4425,#4432,#4438));
#4424 = ORIENTED_EDGE('',*,*,#3758,.T.);
#4425 = ORIENTED_EDGE('',*,*,#4426,.T.);
#4426 = EDGE_CURVE('',#3751,#4427,#4429,.T.);
#4427 = VERTEX_POINT('',#4428);
#4428 = CARTESIAN_POINT('',(0.646824228722,1.333648457443,1.55));
#4429 = B_SPLINE_CURVE_WITH_KNOTS('',1,(#4430,#4431),.UNSPECIFIED.,.F.,
  .F.,(2,2),(0.,1.),.PIECEWISE_BEZIER_KNOTS.);
#4430 = CARTESIAN_POINT('',(0.6925,1.425,0.9));
#4431 = CARTESIAN_POINT('',(0.646824228722,1.333648457443,1.55));
#4432 = ORIENTED_EDGE('',*,*,#4433,.F.);
#4433 = EDGE_CURVE('',#4404,#4427,#4434,.T.);
#4434 = LINE('',#4435,#4436);
#4435 = CARTESIAN_POINT('',(-0.646824228722,1.333648457443,1.55));
#4436 = VECTOR('',#4437,1.);
#4437 = DIRECTION('',(1.,1.110223024625E-16,0.));
#4438 = ORIENTED_EDGE('',*,*,#4403,.F.);
#4439 = B_SPLINE_SURFACE_WITH_KNOTS('',1,1,(
    (#4440,#4441)
    ,(#4442,#4443
    )),.UNSPECIFIED.,.F.,.F.,.F.,(2,2),(2,2),(0.,1.385),(0.,1.),
  .PIECEWISE_BEZIER_KNOTS.);
#4440 = CARTESIAN_POINT('',(-0.6925,1.425,0.9));
#4441 = CARTESIAN_POINT('',(-0.646824228722,1.333648457443,1.55));
#4442 = CARTESIAN_POINT('',(0.6925,1.425,0.9));
#4443 = CARTESIAN_POINT('',(0.646824228722,1.333648457443,1.55));
#4444 = ADVANCED_FACE('',(#4445),#4462,.F.);
#4445 = FACE_BOUND('',#4446,.F.);
#4446 = EDGE_LOOP('',(#4447,#4448,#4455,#4461));
#4447 = ORIENTED_EDGE('',*,*,#3750,.T.);
#4448 = ORIENTED_EDGE('',*,*,#4449,.T.);
#4449 = EDGE_CURVE('',#3743,#4450,#4452,.T.);
#4450 = VERTEX_POINT('',#4451);
#4451 = CARTESIAN_POINT('',(0.683648457443,1.296824228722,1.55));
#4452 = B_SPLINE_CURVE_WITH_KNOTS('',1,(#4453,#4454),.UNSPECIFIED.,.F.,
  .F.,(2,2),(0.,1.),.PIECEWISE_BEZIER_KNOTS.);
#4453 = CARTESIAN_POINT('',(0.775,1.3425,0.9));
#4454 = CARTESIAN_POINT('',(0.683648457443,1.296824228722,1.55));
#4455 = ORIENTED_EDGE('',*,*,#4456,.F.);
#4456 = EDGE_CURVE('',#4427,#4450,#4457,.T.);
#4457 = LINE('',#4458,#4459);
#4458 = CARTESIAN_POINT('',(0.646824228722,1.333648457443,1.55));
#4459 = VECTOR('',#4460,1.);
#4460 = DIRECTION('',(0.707106781187,-0.707106781187,0.));
#4461 = ORIENTED_EDGE('',*,*,#4426,.F.);
#4462 = B_SPLINE_SURFACE_WITH_KNOTS('',1,1,(
    (#4463,#4464)
    ,(#4465,#4466
    )),.UNSPECIFIED.,.F.,.F.,.F.,(2,2),(2,2),(0.,0.116672618896),(0.,1.)
  ,.PIECEWISE_BEZIER_KNOTS.);
#4463 = CARTESIAN_POINT('',(0.6925,1.425,0.9));
#4464 = CARTESIAN_POINT('',(0.646824228722,1.333648457443,1.55));
#4465 = CARTESIAN_POINT('',(0.775,1.3425,0.9));
#4466 = CARTESIAN_POINT('',(0.683648457443,1.296824228722,1.55));
#4467 = ADVANCED_FACE('',(#4468),#4533,.F.);
#4468 = FACE_BOUND('',#4469,.F.);
#4469 = EDGE_LOOP('',(#4470,#4471,#4479,#4487,#4495,#4503,#4511,#4519,
    #4526,#4532));
#4470 = ORIENTED_EDGE('',*,*,#3742,.T.);
#4471 = ORIENTED_EDGE('',*,*,#4472,.T.);
#4472 = EDGE_CURVE('',#3735,#4473,#4475,.T.);
#4473 = VERTEX_POINT('',#4474);
#4474 = CARTESIAN_POINT('',(0.775,0.7,0.9));
#4475 = LINE('',#4476,#4477);
#4476 = CARTESIAN_POINT('',(0.775,1.3425,0.9));
#4477 = VECTOR('',#4478,1.);
#4478 = DIRECTION('',(1.110223024625E-16,-1.,0.));
#4479 = ORIENTED_EDGE('',*,*,#4480,.T.);
#4480 = EDGE_CURVE('',#4473,#4481,#4483,.T.);
#4481 = VERTEX_POINT('',#4482);
#4482 = CARTESIAN_POINT('',(0.775,0.25,0.9));
#4483 = LINE('',#4484,#4485);
#4484 = CARTESIAN_POINT('',(0.775,1.3425,0.9));
#4485 = VECTOR('',#4486,1.);
#4486 = DIRECTION('',(1.110223024625E-16,-1.,0.));
#4487 = ORIENTED_EDGE('',*,*,#4488,.T.);
#4488 = EDGE_CURVE('',#4481,#4489,#4491,.T.);
#4489 = VERTEX_POINT('',#4490);
#4490 = CARTESIAN_POINT('',(0.775,-0.25,0.9));
#4491 = LINE('',#4492,#4493);
#4492 = CARTESIAN_POINT('',(0.775,1.3425,0.9));
#4493 = VECTOR('',#4494,1.);
#4494 = DIRECTION('',(1.110223024625E-16,-1.,0.));
#4495 = ORIENTED_EDGE('',*,*,#4496,.T.);
#4496 = EDGE_CURVE('',#4489,#4497,#4499,.T.);
#4497 = VERTEX_POINT('',#4498);
#4498 = CARTESIAN_POINT('',(0.775,-0.7,0.9));
#4499 = LINE('',#4500,#4501);
#4500 = CARTESIAN_POINT('',(0.775,1.3425,0.9));
#4501 = VECTOR('',#4502,1.);
#4502 = DIRECTION('',(1.110223024625E-16,-1.,0.));
#4503 = ORIENTED_EDGE('',*,*,#4504,.T.);
#4504 = EDGE_CURVE('',#4497,#4505,#4507,.T.);
#4505 = VERTEX_POINT('',#4506);
#4506 = CARTESIAN_POINT('',(0.775,-1.2,0.9));
#4507 = LINE('',#4508,#4509);
#4508 = CARTESIAN_POINT('',(0.775,1.3425,0.9));
#4509 = VECTOR('',#4510,1.);
#4510 = DIRECTION('',(1.110223024625E-16,-1.,0.));
#4511 = ORIENTED_EDGE('',*,*,#4512,.T.);
#4512 = EDGE_CURVE('',#4505,#4513,#4515,.T.);
#4513 = VERTEX_POINT('',#4514);
#4514 = CARTESIAN_POINT('',(0.775,-1.3425,0.9));
#4515 = LINE('',#4516,#4517);
#4516 = CARTESIAN_POINT('',(0.775,1.3425,0.9));
#4517 = VECTOR('',#4518,1.);
#4518 = DIRECTION('',(1.110223024625E-16,-1.,0.));
#4519 = ORIENTED_EDGE('',*,*,#4520,.T.);
#4520 = EDGE_CURVE('',#4513,#4521,#4523,.T.);
#4521 = VERTEX_POINT('',#4522);
#4522 = CARTESIAN_POINT('',(0.683648457443,-1.296824228722,1.55));
#4523 = B_SPLINE_CURVE_WITH_KNOTS('',1,(#4524,#4525),.UNSPECIFIED.,.F.,
  .F.,(2,2),(0.,1.),.PIECEWISE_BEZIER_KNOTS.);
#4524 = CARTESIAN_POINT('',(0.775,-1.3425,0.9));
#4525 = CARTESIAN_POINT('',(0.683648457443,-1.296824228722,1.55));
#4526 = ORIENTED_EDGE('',*,*,#4527,.F.);
#4527 = EDGE_CURVE('',#4450,#4521,#4528,.T.);
#4528 = LINE('',#4529,#4530);
#4529 = CARTESIAN_POINT('',(0.683648457443,1.296824228722,1.55));
#4530 = VECTOR('',#4531,1.);
#4531 = DIRECTION('',(1.110223024625E-16,-1.,0.));
#4532 = ORIENTED_EDGE('',*,*,#4449,.F.);
#4533 = B_SPLINE_SURFACE_WITH_KNOTS('',1,1,(
    (#4534,#4535)
    ,(#4536,#4537
    )),.UNSPECIFIED.,.F.,.F.,.F.,(2,2),(2,2),(0.,2.685),(0.,1.),
  .PIECEWISE_BEZIER_KNOTS.);
#4534 = CARTESIAN_POINT('',(0.775,1.3425,0.9));
#4535 = CARTESIAN_POINT('',(0.683648457443,1.296824228722,1.55));
#4536 = CARTESIAN_POINT('',(0.775,-1.3425,0.9));
#4537 = CARTESIAN_POINT('',(0.683648457443,-1.296824228722,1.55));
#4538 = ADVANCED_FACE('',(#4539),#4571,.F.);
#4539 = FACE_BOUND('',#4540,.F.);
#4540 = EDGE_LOOP('',(#4541,#4549,#4557,#4563,#4569,#4570));
#4541 = ORIENTED_EDGE('',*,*,#4542,.F.);
#4542 = EDGE_CURVE('',#4543,#3727,#4545,.T.);
#4543 = VERTEX_POINT('',#4544);
#4544 = CARTESIAN_POINT('',(0.85,1.2,0.9));
#4545 = LINE('',#4546,#4547);
#4546 = CARTESIAN_POINT('',(0.85,1.2,0.9));
#4547 = VECTOR('',#4548,1.);
#4548 = DIRECTION('',(-1.,-1.110223024625E-16,0.));
#4549 = ORIENTED_EDGE('',*,*,#4550,.T.);
#4550 = EDGE_CURVE('',#4543,#4551,#4553,.T.);
#4551 = VERTEX_POINT('',#4552);
#4552 = CARTESIAN_POINT('',(0.85,0.7,0.9));
#4553 = LINE('',#4554,#4555);
#4554 = CARTESIAN_POINT('',(0.85,1.2,0.9));
#4555 = VECTOR('',#4556,1.);
#4556 = DIRECTION('',(1.110223024625E-16,-1.,0.));
#4557 = ORIENTED_EDGE('',*,*,#4558,.T.);
#4558 = EDGE_CURVE('',#4551,#4071,#4559,.T.);
#4559 = LINE('',#4560,#4561);
#4560 = CARTESIAN_POINT('',(0.85,0.7,0.9));
#4561 = VECTOR('',#4562,1.);
#4562 = DIRECTION('',(-1.,-1.110223024625E-16,0.));
#4563 = ORIENTED_EDGE('',*,*,#4564,.T.);
#4564 = EDGE_CURVE('',#4071,#4473,#4565,.T.);
#4565 = LINE('',#4566,#4567);
#4566 = CARTESIAN_POINT('',(0.85,0.7,0.9));
#4567 = VECTOR('',#4568,1.);
#4568 = DIRECTION('',(-1.,-1.110223024625E-16,0.));
#4569 = ORIENTED_EDGE('',*,*,#4472,.F.);
#4570 = ORIENTED_EDGE('',*,*,#3734,.F.);
#4571 = PLANE('',#4572);
#4572 = AXIS2_PLACEMENT_3D('',#4573,#4574,#4575);
#4573 = CARTESIAN_POINT('',(0.85,1.2,0.9));
#4574 = DIRECTION('',(0.,0.,-1.));
#4575 = DIRECTION('',(-1.,-1.110223024625E-16,-0.));
#4576 = ADVANCED_FACE('',(#4577),#4620,.F.);
#4577 = FACE_BOUND('',#4578,.F.);
#4578 = EDGE_LOOP('',(#4579,#4580,#4586,#4587,#4595,#4603,#4609,#4610,
    #4616,#4617,#4618,#4619));
#4579 = ORIENTED_EDGE('',*,*,#3836,.T.);
#4580 = ORIENTED_EDGE('',*,*,#4581,.T.);
#4581 = EDGE_CURVE('',#3829,#4335,#4582,.T.);
#4582 = LINE('',#4583,#4584);
#4583 = CARTESIAN_POINT('',(-0.85,-1.2,0.9));
#4584 = VECTOR('',#4585,1.);
#4585 = DIRECTION('',(1.,-1.144237745222E-17,0.));
#4586 = ORIENTED_EDGE('',*,*,#4332,.F.);
#4587 = ORIENTED_EDGE('',*,*,#4588,.F.);
#4588 = EDGE_CURVE('',#4589,#4333,#4591,.T.);
#4589 = VERTEX_POINT('',#4590);
#4590 = CARTESIAN_POINT('',(-0.6925,-1.425,0.9));
#4591 = LINE('',#4592,#4593);
#4592 = CARTESIAN_POINT('',(-0.6925,-1.425,0.9));
#4593 = VECTOR('',#4594,1.);
#4594 = DIRECTION('',(-0.707106781187,0.707106781187,0.));
#4595 = ORIENTED_EDGE('',*,*,#4596,.F.);
#4596 = EDGE_CURVE('',#4597,#4589,#4599,.T.);
#4597 = VERTEX_POINT('',#4598);
#4598 = CARTESIAN_POINT('',(0.6925,-1.425,0.9));
#4599 = LINE('',#4600,#4601);
#4600 = CARTESIAN_POINT('',(0.6925,-1.425,0.9));
#4601 = VECTOR('',#4602,1.);
#4602 = DIRECTION('',(-1.,-1.110223024625E-16,0.));
#4603 = ORIENTED_EDGE('',*,*,#4604,.F.);
#4604 = EDGE_CURVE('',#4513,#4597,#4605,.T.);
#4605 = LINE('',#4606,#4607);
#4606 = CARTESIAN_POINT('',(0.775,-1.3425,0.9));
#4607 = VECTOR('',#4608,1.);
#4608 = DIRECTION('',(-0.707106781187,-0.707106781187,0.));
#4609 = ORIENTED_EDGE('',*,*,#4512,.F.);
#4610 = ORIENTED_EDGE('',*,*,#4611,.F.);
#4611 = EDGE_CURVE('',#4195,#4505,#4612,.T.);
#4612 = LINE('',#4613,#4614);
#4613 = CARTESIAN_POINT('',(0.85,-1.2,0.9));
#4614 = VECTOR('',#4615,1.);
#4615 = DIRECTION('',(-1.,-1.110223024625E-16,0.));
#4616 = ORIENTED_EDGE('',*,*,#4210,.T.);
#4617 = ORIENTED_EDGE('',*,*,#4255,.T.);
#4618 = ORIENTED_EDGE('',*,*,#4272,.T.);
#4619 = ORIENTED_EDGE('',*,*,#4226,.T.);
#4620 = PLANE('',#4621);
#4621 = AXIS2_PLACEMENT_3D('',#4622,#4623,#4624);
#4622 = CARTESIAN_POINT('',(-2.091417030376E-16,1.4375,0.9));
#4623 = DIRECTION('',(4.595758349624E-18,6.551522493592E-27,-1.));
#4624 = DIRECTION('',(1.,1.51922136901E-16,4.595758349624E-18));
#4625 = ADVANCED_FACE('',(#4626),#4712,.F.);
#4626 = FACE_BOUND('',#4627,.F.);
#4627 = EDGE_LOOP('',(#4628,#4629,#4630,#4639,#4647,#4656,#4664,#4672,
    #4680,#4689,#4697,#4706));
#4628 = ORIENTED_EDGE('',*,*,#3828,.F.);
#4629 = ORIENTED_EDGE('',*,*,#3850,.T.);
#4630 = ORIENTED_EDGE('',*,*,#4631,.T.);
#4631 = EDGE_CURVE('',#3851,#4632,#4634,.T.);
#4632 = VERTEX_POINT('',#4633);
#4633 = CARTESIAN_POINT('',(-0.948480775301,-1.2,0.667364817767));
#4634 = CIRCLE('',#4635,0.1);
#4635 = AXIS2_PLACEMENT_3D('',#4636,#4637,#4638);
#4636 = CARTESIAN_POINT('',(-0.85,-1.2,0.65));
#4637 = DIRECTION('',(-1.144237745222E-17,-1.,0.));
#4638 = DIRECTION('',(0.,0.,1.));
#4639 = ORIENTED_EDGE('',*,*,#4640,.T.);
#4640 = EDGE_CURVE('',#4632,#4641,#4643,.T.);
#4641 = VERTEX_POINT('',#4642);
#4642 = CARTESIAN_POINT('',(-1.02432885403,-1.2,0.206587955583));
#4643 = LINE('',#4644,#4645);
#4644 = CARTESIAN_POINT('',(-0.948480775301,-1.2,0.667364817767));
#4645 = VECTOR('',#4646,1.);
#4646 = DIRECTION('',(-0.162423314012,1.858508865964E-18,-0.986721169868
    ));
#4647 = ORIENTED_EDGE('',*,*,#4648,.T.);
#4648 = EDGE_CURVE('',#4641,#4649,#4651,.T.);
#4649 = VERTEX_POINT('',#4650);
#4650 = CARTESIAN_POINT('',(-1.270530792283,-1.2,0.));
#4651 = CIRCLE('',#4652,0.25);
#4652 = AXIS2_PLACEMENT_3D('',#4653,#4654,#4655);
#4653 = CARTESIAN_POINT('',(-1.270530792283,-1.2,0.25));
#4654 = DIRECTION('',(1.144237745222E-17,1.,1.155557966632E-33));
#4655 = DIRECTION('',(0.984807753012,-1.126854202784E-17,-0.173648177667
    ));
#4656 = ORIENTED_EDGE('',*,*,#4657,.T.);
#4657 = EDGE_CURVE('',#4649,#4658,#4660,.T.);
#4658 = VERTEX_POINT('',#4659);
#4659 = CARTESIAN_POINT('',(-1.4,-1.2,0.));
#4660 = LINE('',#4661,#4662);
#4661 = CARTESIAN_POINT('',(-1.270530792283,-1.2,0.));
#4662 = VECTOR('',#4663,1.);
#4663 = DIRECTION('',(-1.,1.144237745222E-17,0.));
#4664 = ORIENTED_EDGE('',*,*,#4665,.T.);
#4665 = EDGE_CURVE('',#4658,#4666,#4668,.T.);
#4666 = VERTEX_POINT('',#4667);
#4667 = CARTESIAN_POINT('',(-1.4,-1.2,0.15));
#4668 = LINE('',#4669,#4670);
#4669 = CARTESIAN_POINT('',(-1.4,-1.2,0.));
#4670 = VECTOR('',#4671,1.);
#4671 = DIRECTION('',(0.,0.,1.));
#4672 = ORIENTED_EDGE('',*,*,#4673,.T.);
#4673 = EDGE_CURVE('',#4666,#4674,#4676,.T.);
#4674 = VERTEX_POINT('',#4675);
#4675 = CARTESIAN_POINT('',(-1.270530792283,-1.2,0.15));
#4676 = LINE('',#4677,#4678);
#4677 = CARTESIAN_POINT('',(-1.4,-1.2,0.15));
#4678 = VECTOR('',#4679,1.);
#4679 = DIRECTION('',(1.,-1.144237745222E-17,0.));
#4680 = ORIENTED_EDGE('',*,*,#4681,.T.);
#4681 = EDGE_CURVE('',#4674,#4682,#4684,.T.);
#4682 = VERTEX_POINT('',#4683);
#4683 = CARTESIAN_POINT('',(-1.172050016982,-1.2,0.232635182233));
#4684 = CIRCLE('',#4685,0.1);
#4685 = AXIS2_PLACEMENT_3D('',#4686,#4687,#4688);
#4686 = CARTESIAN_POINT('',(-1.270530792283,-1.2,0.25));
#4687 = DIRECTION('',(-1.144237745222E-17,-1.,0.));
#4688 = DIRECTION('',(-2.22044604925E-15,2.540718180781E-32,-1.));
#4689 = ORIENTED_EDGE('',*,*,#4690,.T.);
#4690 = EDGE_CURVE('',#4682,#4691,#4693,.T.);
#4691 = VERTEX_POINT('',#4692);
#4692 = CARTESIAN_POINT('',(-1.096201938253,-1.2,0.693412044417));
#4693 = LINE('',#4694,#4695);
#4694 = CARTESIAN_POINT('',(-1.172050016982,-1.2,0.232635182233));
#4695 = VECTOR('',#4696,1.);
#4696 = DIRECTION('',(0.162423314012,-1.858508865964E-18,0.986721169868)
  );
#4697 = ORIENTED_EDGE('',*,*,#4698,.T.);
#4698 = EDGE_CURVE('',#4691,#4699,#4701,.T.);
#4699 = VERTEX_POINT('',#4700);
#4700 = CARTESIAN_POINT('',(-0.85,-1.2,0.9));
#4701 = CIRCLE('',#4702,0.25);
#4702 = AXIS2_PLACEMENT_3D('',#4703,#4704,#4705);
#4703 = CARTESIAN_POINT('',(-0.85,-1.2,0.65));
#4704 = DIRECTION('',(1.144237745222E-17,1.,7.703719777549E-34));
#4705 = DIRECTION('',(-0.984807753012,1.126854202784E-17,0.173648177667)
  );
#4706 = ORIENTED_EDGE('',*,*,#4707,.T.);
#4707 = EDGE_CURVE('',#4699,#3829,#4708,.T.);
#4708 = LINE('',#4709,#4710);
#4709 = CARTESIAN_POINT('',(-0.85,-1.2,0.9));
#4710 = VECTOR('',#4711,1.);
#4711 = DIRECTION('',(1.,-1.144237745222E-17,0.));
#4712 = PLANE('',#4713);
#4713 = AXIS2_PLACEMENT_3D('',#4714,#4715,#4716);
#4714 = CARTESIAN_POINT('',(-1.069123385139,-1.2,0.441695635315));
#4715 = DIRECTION('',(1.144237745222E-17,1.,0.));
#4716 = DIRECTION('',(0.,-0.,1.));
#4717 = ADVANCED_FACE('',(#4718),#4737,.F.);
#4718 = FACE_BOUND('',#4719,.F.);
#4719 = EDGE_LOOP('',(#4720,#4721,#4730,#4736));
#4720 = ORIENTED_EDGE('',*,*,#3867,.T.);
#4721 = ORIENTED_EDGE('',*,*,#4722,.T.);
#4722 = EDGE_CURVE('',#3860,#4723,#4725,.T.);
#4723 = VERTEX_POINT('',#4724);
#4724 = CARTESIAN_POINT('',(-0.948480775301,-0.7,0.667364817767));
#4725 = CIRCLE('',#4726,0.1);
#4726 = AXIS2_PLACEMENT_3D('',#4727,#4728,#4729);
#4727 = CARTESIAN_POINT('',(-0.85,-0.7,0.65));
#4728 = DIRECTION('',(-1.144237745222E-17,-1.,0.));
#4729 = DIRECTION('',(0.,0.,1.));
#4730 = ORIENTED_EDGE('',*,*,#4731,.F.);
#4731 = EDGE_CURVE('',#4632,#4723,#4732,.T.);
#4732 = LINE('',#4733,#4734);
#4733 = CARTESIAN_POINT('',(-0.948480775301,-1.2,0.667364817767));
#4734 = VECTOR('',#4735,1.);
#4735 = DIRECTION('',(1.144237745222E-17,1.,0.));
#4736 = ORIENTED_EDGE('',*,*,#4631,.F.);
#4737 = CYLINDRICAL_SURFACE('',#4738,0.1);
#4738 = AXIS2_PLACEMENT_3D('',#4739,#4740,#4741);
#4739 = CARTESIAN_POINT('',(-0.85,-1.2,0.65));
#4740 = DIRECTION('',(-1.144237745222E-17,-1.,0.));
#4741 = DIRECTION('',(0.,0.,1.));
#4742 = ADVANCED_FACE('',(#4743),#4821,.T.);
#4743 = FACE_BOUND('',#4744,.T.);
#4744 = EDGE_LOOP('',(#4745,#4746,#4747,#4748,#4756,#4765,#4773,#4781,
    #4789,#4798,#4806,#4815));
#4745 = ORIENTED_EDGE('',*,*,#3881,.F.);
#4746 = ORIENTED_EDGE('',*,*,#3859,.T.);
#4747 = ORIENTED_EDGE('',*,*,#4722,.T.);
#4748 = ORIENTED_EDGE('',*,*,#4749,.T.);
#4749 = EDGE_CURVE('',#4723,#4750,#4752,.T.);
#4750 = VERTEX_POINT('',#4751);
#4751 = CARTESIAN_POINT('',(-1.02432885403,-0.7,0.206587955583));
#4752 = LINE('',#4753,#4754);
#4753 = CARTESIAN_POINT('',(-0.948480775301,-0.7,0.667364817767));
#4754 = VECTOR('',#4755,1.);
#4755 = DIRECTION('',(-0.162423314012,1.858508865964E-18,-0.986721169868
    ));
#4756 = ORIENTED_EDGE('',*,*,#4757,.T.);
#4757 = EDGE_CURVE('',#4750,#4758,#4760,.T.);
#4758 = VERTEX_POINT('',#4759);
#4759 = CARTESIAN_POINT('',(-1.270530792283,-0.7,0.));
#4760 = CIRCLE('',#4761,0.25);
#4761 = AXIS2_PLACEMENT_3D('',#4762,#4763,#4764);
#4762 = CARTESIAN_POINT('',(-1.270530792283,-0.7,0.25));
#4763 = DIRECTION('',(1.144237745222E-17,1.,1.155557966632E-33));
#4764 = DIRECTION('',(0.984807753012,-1.126854202784E-17,-0.173648177667
    ));
#4765 = ORIENTED_EDGE('',*,*,#4766,.T.);
#4766 = EDGE_CURVE('',#4758,#4767,#4769,.T.);
#4767 = VERTEX_POINT('',#4768);
#4768 = CARTESIAN_POINT('',(-1.4,-0.7,0.));
#4769 = LINE('',#4770,#4771);
#4770 = CARTESIAN_POINT('',(-1.270530792283,-0.7,0.));
#4771 = VECTOR('',#4772,1.);
#4772 = DIRECTION('',(-1.,1.144237745222E-17,0.));
#4773 = ORIENTED_EDGE('',*,*,#4774,.T.);
#4774 = EDGE_CURVE('',#4767,#4775,#4777,.T.);
#4775 = VERTEX_POINT('',#4776);
#4776 = CARTESIAN_POINT('',(-1.4,-0.7,0.15));
#4777 = LINE('',#4778,#4779);
#4778 = CARTESIAN_POINT('',(-1.4,-0.7,0.));
#4779 = VECTOR('',#4780,1.);
#4780 = DIRECTION('',(0.,0.,1.));
#4781 = ORIENTED_EDGE('',*,*,#4782,.T.);
#4782 = EDGE_CURVE('',#4775,#4783,#4785,.T.);
#4783 = VERTEX_POINT('',#4784);
#4784 = CARTESIAN_POINT('',(-1.270530792283,-0.7,0.15));
#4785 = LINE('',#4786,#4787);
#4786 = CARTESIAN_POINT('',(-1.4,-0.7,0.15));
#4787 = VECTOR('',#4788,1.);
#4788 = DIRECTION('',(1.,-1.144237745222E-17,0.));
#4789 = ORIENTED_EDGE('',*,*,#4790,.T.);
#4790 = EDGE_CURVE('',#4783,#4791,#4793,.T.);
#4791 = VERTEX_POINT('',#4792);
#4792 = CARTESIAN_POINT('',(-1.172050016982,-0.7,0.232635182233));
#4793 = CIRCLE('',#4794,0.1);
#4794 = AXIS2_PLACEMENT_3D('',#4795,#4796,#4797);
#4795 = CARTESIAN_POINT('',(-1.270530792283,-0.7,0.25));
#4796 = DIRECTION('',(-1.144237745222E-17,-1.,0.));
#4797 = DIRECTION('',(-2.22044604925E-15,2.540718180781E-32,-1.));
#4798 = ORIENTED_EDGE('',*,*,#4799,.T.);
#4799 = EDGE_CURVE('',#4791,#4800,#4802,.T.);
#4800 = VERTEX_POINT('',#4801);
#4801 = CARTESIAN_POINT('',(-1.096201938253,-0.7,0.693412044417));
#4802 = LINE('',#4803,#4804);
#4803 = CARTESIAN_POINT('',(-1.172050016982,-0.7,0.232635182233));
#4804 = VECTOR('',#4805,1.);
#4805 = DIRECTION('',(0.162423314012,-1.858508865964E-18,0.986721169868)
  );
#4806 = ORIENTED_EDGE('',*,*,#4807,.T.);
#4807 = EDGE_CURVE('',#4800,#4808,#4810,.T.);
#4808 = VERTEX_POINT('',#4809);
#4809 = CARTESIAN_POINT('',(-0.85,-0.7,0.9));
#4810 = CIRCLE('',#4811,0.25);
#4811 = AXIS2_PLACEMENT_3D('',#4812,#4813,#4814);
#4812 = CARTESIAN_POINT('',(-0.85,-0.7,0.65));
#4813 = DIRECTION('',(1.144237745222E-17,1.,7.703719777549E-34));
#4814 = DIRECTION('',(-0.984807753012,1.126854202784E-17,0.173648177667)
  );
#4815 = ORIENTED_EDGE('',*,*,#4816,.T.);
#4816 = EDGE_CURVE('',#4808,#3882,#4817,.T.);
#4817 = LINE('',#4818,#4819);
#4818 = CARTESIAN_POINT('',(-0.85,-0.7,0.9));
#4819 = VECTOR('',#4820,1.);
#4820 = DIRECTION('',(1.,-1.144237745222E-17,0.));
#4821 = PLANE('',#4822);
#4822 = AXIS2_PLACEMENT_3D('',#4823,#4824,#4825);
#4823 = CARTESIAN_POINT('',(-1.069123385139,-0.7,0.441695635315));
#4824 = DIRECTION('',(1.144237745222E-17,1.,0.));
#4825 = DIRECTION('',(0.,-0.,1.));
#4826 = ADVANCED_FACE('',(#4827),#4843,.F.);
#4827 = FACE_BOUND('',#4828,.F.);
#4828 = EDGE_LOOP('',(#4829,#4830,#4836,#4837));
#4829 = ORIENTED_EDGE('',*,*,#3898,.T.);
#4830 = ORIENTED_EDGE('',*,*,#4831,.T.);
#4831 = EDGE_CURVE('',#3891,#4351,#4832,.T.);
#4832 = LINE('',#4833,#4834);
#4833 = CARTESIAN_POINT('',(-0.85,-0.25,0.9));
#4834 = VECTOR('',#4835,1.);
#4835 = DIRECTION('',(1.,-1.144237745222E-17,0.));
#4836 = ORIENTED_EDGE('',*,*,#4350,.F.);
#4837 = ORIENTED_EDGE('',*,*,#4838,.F.);
#4838 = EDGE_CURVE('',#3882,#4343,#4839,.T.);
#4839 = LINE('',#4840,#4841);
#4840 = CARTESIAN_POINT('',(-0.85,-0.7,0.9));
#4841 = VECTOR('',#4842,1.);
#4842 = DIRECTION('',(1.,-1.144237745222E-17,0.));
#4843 = PLANE('',#4844);
#4844 = AXIS2_PLACEMENT_3D('',#4845,#4846,#4847);
#4845 = CARTESIAN_POINT('',(-2.091417030376E-16,1.4375,0.9));
#4846 = DIRECTION('',(4.595758349624E-18,6.551522493592E-27,-1.));
#4847 = DIRECTION('',(1.,1.51922136901E-16,4.595758349624E-18));
#4848 = ADVANCED_FACE('',(#4849),#4935,.F.);
#4849 = FACE_BOUND('',#4850,.F.);
#4850 = EDGE_LOOP('',(#4851,#4852,#4853,#4862,#4870,#4879,#4887,#4895,
    #4903,#4912,#4920,#4929));
#4851 = ORIENTED_EDGE('',*,*,#3890,.F.);
#4852 = ORIENTED_EDGE('',*,*,#3912,.T.);
#4853 = ORIENTED_EDGE('',*,*,#4854,.T.);
#4854 = EDGE_CURVE('',#3913,#4855,#4857,.T.);
#4855 = VERTEX_POINT('',#4856);
#4856 = CARTESIAN_POINT('',(-0.948480775301,-0.25,0.667364817767));
#4857 = CIRCLE('',#4858,0.1);
#4858 = AXIS2_PLACEMENT_3D('',#4859,#4860,#4861);
#4859 = CARTESIAN_POINT('',(-0.85,-0.25,0.65));
#4860 = DIRECTION('',(-1.144237745222E-17,-1.,0.));
#4861 = DIRECTION('',(0.,0.,1.));
#4862 = ORIENTED_EDGE('',*,*,#4863,.T.);
#4863 = EDGE_CURVE('',#4855,#4864,#4866,.T.);
#4864 = VERTEX_POINT('',#4865);
#4865 = CARTESIAN_POINT('',(-1.02432885403,-0.25,0.206587955583));
#4866 = LINE('',#4867,#4868);
#4867 = CARTESIAN_POINT('',(-0.948480775301,-0.25,0.667364817767));
#4868 = VECTOR('',#4869,1.);
#4869 = DIRECTION('',(-0.162423314012,1.858508865964E-18,-0.986721169868
    ));
#4870 = ORIENTED_EDGE('',*,*,#4871,.T.);
#4871 = EDGE_CURVE('',#4864,#4872,#4874,.T.);
#4872 = VERTEX_POINT('',#4873);
#4873 = CARTESIAN_POINT('',(-1.270530792283,-0.25,0.));
#4874 = CIRCLE('',#4875,0.25);
#4875 = AXIS2_PLACEMENT_3D('',#4876,#4877,#4878);
#4876 = CARTESIAN_POINT('',(-1.270530792283,-0.25,0.25));
#4877 = DIRECTION('',(1.144237745222E-17,1.,1.155557966632E-33));
#4878 = DIRECTION('',(0.984807753012,-1.126854202784E-17,-0.173648177667
    ));
#4879 = ORIENTED_EDGE('',*,*,#4880,.T.);
#4880 = EDGE_CURVE('',#4872,#4881,#4883,.T.);
#4881 = VERTEX_POINT('',#4882);
#4882 = CARTESIAN_POINT('',(-1.4,-0.25,0.));
#4883 = LINE('',#4884,#4885);
#4884 = CARTESIAN_POINT('',(-1.270530792283,-0.25,0.));
#4885 = VECTOR('',#4886,1.);
#4886 = DIRECTION('',(-1.,1.144237745222E-17,0.));
#4887 = ORIENTED_EDGE('',*,*,#4888,.T.);
#4888 = EDGE_CURVE('',#4881,#4889,#4891,.T.);
#4889 = VERTEX_POINT('',#4890);
#4890 = CARTESIAN_POINT('',(-1.4,-0.25,0.15));
#4891 = LINE('',#4892,#4893);
#4892 = CARTESIAN_POINT('',(-1.4,-0.25,0.));
#4893 = VECTOR('',#4894,1.);
#4894 = DIRECTION('',(0.,0.,1.));
#4895 = ORIENTED_EDGE('',*,*,#4896,.T.);
#4896 = EDGE_CURVE('',#4889,#4897,#4899,.T.);
#4897 = VERTEX_POINT('',#4898);
#4898 = CARTESIAN_POINT('',(-1.270530792283,-0.25,0.15));
#4899 = LINE('',#4900,#4901);
#4900 = CARTESIAN_POINT('',(-1.4,-0.25,0.15));
#4901 = VECTOR('',#4902,1.);
#4902 = DIRECTION('',(1.,-1.144237745222E-17,0.));
#4903 = ORIENTED_EDGE('',*,*,#4904,.T.);
#4904 = EDGE_CURVE('',#4897,#4905,#4907,.T.);
#4905 = VERTEX_POINT('',#4906);
#4906 = CARTESIAN_POINT('',(-1.172050016982,-0.25,0.232635182233));
#4907 = CIRCLE('',#4908,0.1);
#4908 = AXIS2_PLACEMENT_3D('',#4909,#4910,#4911);
#4909 = CARTESIAN_POINT('',(-1.270530792283,-0.25,0.25));
#4910 = DIRECTION('',(-1.144237745222E-17,-1.,0.));
#4911 = DIRECTION('',(-2.22044604925E-15,2.540718180781E-32,-1.));
#4912 = ORIENTED_EDGE('',*,*,#4913,.T.);
#4913 = EDGE_CURVE('',#4905,#4914,#4916,.T.);
#4914 = VERTEX_POINT('',#4915);
#4915 = CARTESIAN_POINT('',(-1.096201938253,-0.25,0.693412044417));
#4916 = LINE('',#4917,#4918);
#4917 = CARTESIAN_POINT('',(-1.172050016982,-0.25,0.232635182233));
#4918 = VECTOR('',#4919,1.);
#4919 = DIRECTION('',(0.162423314012,-1.858508865964E-18,0.986721169868)
  );
#4920 = ORIENTED_EDGE('',*,*,#4921,.T.);
#4921 = EDGE_CURVE('',#4914,#4922,#4924,.T.);
#4922 = VERTEX_POINT('',#4923);
#4923 = CARTESIAN_POINT('',(-0.85,-0.25,0.9));
#4924 = CIRCLE('',#4925,0.25);
#4925 = AXIS2_PLACEMENT_3D('',#4926,#4927,#4928);
#4926 = CARTESIAN_POINT('',(-0.85,-0.25,0.65));
#4927 = DIRECTION('',(1.144237745222E-17,1.,7.703719777549E-34));
#4928 = DIRECTION('',(-0.984807753012,1.126854202784E-17,0.173648177667)
  );
#4929 = ORIENTED_EDGE('',*,*,#4930,.T.);
#4930 = EDGE_CURVE('',#4922,#3891,#4931,.T.);
#4931 = LINE('',#4932,#4933);
#4932 = CARTESIAN_POINT('',(-0.85,-0.25,0.9));
#4933 = VECTOR('',#4934,1.);
#4934 = DIRECTION('',(1.,-1.144237745222E-17,0.));
#4935 = PLANE('',#4936);
#4936 = AXIS2_PLACEMENT_3D('',#4937,#4938,#4939);
#4937 = CARTESIAN_POINT('',(-1.069123385139,-0.25,0.441695635315));
#4938 = DIRECTION('',(1.144237745222E-17,1.,0.));
#4939 = DIRECTION('',(0.,-0.,1.));
#4940 = ADVANCED_FACE('',(#4941),#4960,.F.);
#4941 = FACE_BOUND('',#4942,.F.);
#4942 = EDGE_LOOP('',(#4943,#4944,#4953,#4959));
#4943 = ORIENTED_EDGE('',*,*,#3929,.T.);
#4944 = ORIENTED_EDGE('',*,*,#4945,.T.);
#4945 = EDGE_CURVE('',#3922,#4946,#4948,.T.);
#4946 = VERTEX_POINT('',#4947);
#4947 = CARTESIAN_POINT('',(-0.948480775301,0.25,0.667364817767));
#4948 = CIRCLE('',#4949,0.1);
#4949 = AXIS2_PLACEMENT_3D('',#4950,#4951,#4952);
#4950 = CARTESIAN_POINT('',(-0.85,0.25,0.65));
#4951 = DIRECTION('',(-1.144237745222E-17,-1.,0.));
#4952 = DIRECTION('',(0.,0.,1.));
#4953 = ORIENTED_EDGE('',*,*,#4954,.F.);
#4954 = EDGE_CURVE('',#4855,#4946,#4955,.T.);
#4955 = LINE('',#4956,#4957);
#4956 = CARTESIAN_POINT('',(-0.948480775301,-0.25,0.667364817767));
#4957 = VECTOR('',#4958,1.);
#4958 = DIRECTION('',(1.144237745222E-17,1.,0.));
#4959 = ORIENTED_EDGE('',*,*,#4854,.F.);
#4960 = CYLINDRICAL_SURFACE('',#4961,0.1);
#4961 = AXIS2_PLACEMENT_3D('',#4962,#4963,#4964);
#4962 = CARTESIAN_POINT('',(-0.85,-0.25,0.65));
#4963 = DIRECTION('',(-1.144237745222E-17,-1.,0.));
#4964 = DIRECTION('',(0.,0.,1.));
#4965 = ADVANCED_FACE('',(#4966),#5044,.T.);
#4966 = FACE_BOUND('',#4967,.T.);
#4967 = EDGE_LOOP('',(#4968,#4969,#4970,#4971,#4979,#4988,#4996,#5004,
    #5012,#5021,#5029,#5038));
#4968 = ORIENTED_EDGE('',*,*,#3943,.F.);
#4969 = ORIENTED_EDGE('',*,*,#3921,.T.);
#4970 = ORIENTED_EDGE('',*,*,#4945,.T.);
#4971 = ORIENTED_EDGE('',*,*,#4972,.T.);
#4972 = EDGE_CURVE('',#4946,#4973,#4975,.T.);
#4973 = VERTEX_POINT('',#4974);
#4974 = CARTESIAN_POINT('',(-1.02432885403,0.25,0.206587955583));
#4975 = LINE('',#4976,#4977);
#4976 = CARTESIAN_POINT('',(-0.948480775301,0.25,0.667364817767));
#4977 = VECTOR('',#4978,1.);
#4978 = DIRECTION('',(-0.162423314012,1.858508865964E-18,-0.986721169868
    ));
#4979 = ORIENTED_EDGE('',*,*,#4980,.T.);
#4980 = EDGE_CURVE('',#4973,#4981,#4983,.T.);
#4981 = VERTEX_POINT('',#4982);
#4982 = CARTESIAN_POINT('',(-1.270530792283,0.25,0.));
#4983 = CIRCLE('',#4984,0.25);
#4984 = AXIS2_PLACEMENT_3D('',#4985,#4986,#4987);
#4985 = CARTESIAN_POINT('',(-1.270530792283,0.25,0.25));
#4986 = DIRECTION('',(1.144237745222E-17,1.,1.155557966632E-33));
#4987 = DIRECTION('',(0.984807753012,-1.126854202784E-17,-0.173648177667
    ));
#4988 = ORIENTED_EDGE('',*,*,#4989,.T.);
#4989 = EDGE_CURVE('',#4981,#4990,#4992,.T.);
#4990 = VERTEX_POINT('',#4991);
#4991 = CARTESIAN_POINT('',(-1.4,0.25,0.));
#4992 = LINE('',#4993,#4994);
#4993 = CARTESIAN_POINT('',(-1.270530792283,0.25,0.));
#4994 = VECTOR('',#4995,1.);
#4995 = DIRECTION('',(-1.,1.144237745222E-17,0.));
#4996 = ORIENTED_EDGE('',*,*,#4997,.T.);
#4997 = EDGE_CURVE('',#4990,#4998,#5000,.T.);
#4998 = VERTEX_POINT('',#4999);
#4999 = CARTESIAN_POINT('',(-1.4,0.25,0.15));
#5000 = LINE('',#5001,#5002);
#5001 = CARTESIAN_POINT('',(-1.4,0.25,0.));
#5002 = VECTOR('',#5003,1.);
#5003 = DIRECTION('',(0.,0.,1.));
#5004 = ORIENTED_EDGE('',*,*,#5005,.T.);
#5005 = EDGE_CURVE('',#4998,#5006,#5008,.T.);
#5006 = VERTEX_POINT('',#5007);
#5007 = CARTESIAN_POINT('',(-1.270530792283,0.25,0.15));
#5008 = LINE('',#5009,#5010);
#5009 = CARTESIAN_POINT('',(-1.4,0.25,0.15));
#5010 = VECTOR('',#5011,1.);
#5011 = DIRECTION('',(1.,-1.144237745222E-17,0.));
#5012 = ORIENTED_EDGE('',*,*,#5013,.T.);
#5013 = EDGE_CURVE('',#5006,#5014,#5016,.T.);
#5014 = VERTEX_POINT('',#5015);
#5015 = CARTESIAN_POINT('',(-1.172050016982,0.25,0.232635182233));
#5016 = CIRCLE('',#5017,0.1);
#5017 = AXIS2_PLACEMENT_3D('',#5018,#5019,#5020);
#5018 = CARTESIAN_POINT('',(-1.270530792283,0.25,0.25));
#5019 = DIRECTION('',(-1.144237745222E-17,-1.,0.));
#5020 = DIRECTION('',(-2.22044604925E-15,2.540718180781E-32,-1.));
#5021 = ORIENTED_EDGE('',*,*,#5022,.T.);
#5022 = EDGE_CURVE('',#5014,#5023,#5025,.T.);
#5023 = VERTEX_POINT('',#5024);
#5024 = CARTESIAN_POINT('',(-1.096201938253,0.25,0.693412044417));
#5025 = LINE('',#5026,#5027);
#5026 = CARTESIAN_POINT('',(-1.172050016982,0.25,0.232635182233));
#5027 = VECTOR('',#5028,1.);
#5028 = DIRECTION('',(0.162423314012,-1.858508865964E-18,0.986721169868)
  );
#5029 = ORIENTED_EDGE('',*,*,#5030,.T.);
#5030 = EDGE_CURVE('',#5023,#5031,#5033,.T.);
#5031 = VERTEX_POINT('',#5032);
#5032 = CARTESIAN_POINT('',(-0.85,0.25,0.9));
#5033 = CIRCLE('',#5034,0.25);
#5034 = AXIS2_PLACEMENT_3D('',#5035,#5036,#5037);
#5035 = CARTESIAN_POINT('',(-0.85,0.25,0.65));
#5036 = DIRECTION('',(1.144237745222E-17,1.,7.703719777549E-34));
#5037 = DIRECTION('',(-0.984807753012,1.126854202784E-17,0.173648177667)
  );
#5038 = ORIENTED_EDGE('',*,*,#5039,.T.);
#5039 = EDGE_CURVE('',#5031,#3944,#5040,.T.);
#5040 = LINE('',#5041,#5042);
#5041 = CARTESIAN_POINT('',(-0.85,0.25,0.9));
#5042 = VECTOR('',#5043,1.);
#5043 = DIRECTION('',(1.,-1.144237745222E-17,0.));
#5044 = PLANE('',#5045);
#5045 = AXIS2_PLACEMENT_3D('',#5046,#5047,#5048);
#5046 = CARTESIAN_POINT('',(-1.069123385139,0.25,0.441695635315));
#5047 = DIRECTION('',(1.144237745222E-17,1.,0.));
#5048 = DIRECTION('',(0.,-0.,1.));
#5049 = ADVANCED_FACE('',(#5050),#5061,.F.);
#5050 = FACE_BOUND('',#5051,.F.);
#5051 = EDGE_LOOP('',(#5052,#5053,#5054,#5055));
#5052 = ORIENTED_EDGE('',*,*,#3960,.T.);
#5053 = ORIENTED_EDGE('',*,*,#4318,.T.);
#5054 = ORIENTED_EDGE('',*,*,#4366,.F.);
#5055 = ORIENTED_EDGE('',*,*,#5056,.F.);
#5056 = EDGE_CURVE('',#3944,#4359,#5057,.T.);
#5057 = LINE('',#5058,#5059);
#5058 = CARTESIAN_POINT('',(-0.85,0.25,0.9));
#5059 = VECTOR('',#5060,1.);
#5060 = DIRECTION('',(1.,-1.144237745222E-17,0.));
#5061 = PLANE('',#5062);
#5062 = AXIS2_PLACEMENT_3D('',#5063,#5064,#5065);
#5063 = CARTESIAN_POINT('',(-2.091417030376E-16,1.4375,0.9));
#5064 = DIRECTION('',(4.595758349624E-18,6.551522493592E-27,-1.));
#5065 = DIRECTION('',(1.,1.51922136901E-16,4.595758349624E-18));
#5066 = ADVANCED_FACE('',(#5067),#5146,.F.);
#5067 = FACE_BOUND('',#5068,.F.);
#5068 = EDGE_LOOP('',(#5069,#5070,#5071,#5080,#5088,#5097,#5105,#5113,
    #5121,#5130,#5138,#5145));
#5069 = ORIENTED_EDGE('',*,*,#3952,.F.);
#5070 = ORIENTED_EDGE('',*,*,#3974,.T.);
#5071 = ORIENTED_EDGE('',*,*,#5072,.T.);
#5072 = EDGE_CURVE('',#3975,#5073,#5075,.T.);
#5073 = VERTEX_POINT('',#5074);
#5074 = CARTESIAN_POINT('',(-0.948480775301,0.7,0.667364817767));
#5075 = CIRCLE('',#5076,0.1);
#5076 = AXIS2_PLACEMENT_3D('',#5077,#5078,#5079);
#5077 = CARTESIAN_POINT('',(-0.85,0.7,0.65));
#5078 = DIRECTION('',(-1.144237745222E-17,-1.,0.));
#5079 = DIRECTION('',(0.,0.,1.));
#5080 = ORIENTED_EDGE('',*,*,#5081,.T.);
#5081 = EDGE_CURVE('',#5073,#5082,#5084,.T.);
#5082 = VERTEX_POINT('',#5083);
#5083 = CARTESIAN_POINT('',(-1.02432885403,0.7,0.206587955583));
#5084 = LINE('',#5085,#5086);
#5085 = CARTESIAN_POINT('',(-0.948480775301,0.7,0.667364817767));
#5086 = VECTOR('',#5087,1.);
#5087 = DIRECTION('',(-0.162423314012,1.858508865964E-18,-0.986721169868
    ));
#5088 = ORIENTED_EDGE('',*,*,#5089,.T.);
#5089 = EDGE_CURVE('',#5082,#5090,#5092,.T.);
#5090 = VERTEX_POINT('',#5091);
#5091 = CARTESIAN_POINT('',(-1.270530792283,0.7,0.));
#5092 = CIRCLE('',#5093,0.25);
#5093 = AXIS2_PLACEMENT_3D('',#5094,#5095,#5096);
#5094 = CARTESIAN_POINT('',(-1.270530792283,0.7,0.25));
#5095 = DIRECTION('',(1.144237745222E-17,1.,1.155557966632E-33));
#5096 = DIRECTION('',(0.984807753012,-1.126854202784E-17,-0.173648177667
    ));
#5097 = ORIENTED_EDGE('',*,*,#5098,.T.);
#5098 = EDGE_CURVE('',#5090,#5099,#5101,.T.);
#5099 = VERTEX_POINT('',#5100);
#5100 = CARTESIAN_POINT('',(-1.4,0.7,0.));
#5101 = LINE('',#5102,#5103);
#5102 = CARTESIAN_POINT('',(-1.270530792283,0.7,0.));
#5103 = VECTOR('',#5104,1.);
#5104 = DIRECTION('',(-1.,1.144237745222E-17,0.));
#5105 = ORIENTED_EDGE('',*,*,#5106,.T.);
#5106 = EDGE_CURVE('',#5099,#5107,#5109,.T.);
#5107 = VERTEX_POINT('',#5108);
#5108 = CARTESIAN_POINT('',(-1.4,0.7,0.15));
#5109 = LINE('',#5110,#5111);
#5110 = CARTESIAN_POINT('',(-1.4,0.7,0.));
#5111 = VECTOR('',#5112,1.);
#5112 = DIRECTION('',(0.,0.,1.));
#5113 = ORIENTED_EDGE('',*,*,#5114,.T.);
#5114 = EDGE_CURVE('',#5107,#5115,#5117,.T.);
#5115 = VERTEX_POINT('',#5116);
#5116 = CARTESIAN_POINT('',(-1.270530792283,0.7,0.15));
#5117 = LINE('',#5118,#5119);
#5118 = CARTESIAN_POINT('',(-1.4,0.7,0.15));
#5119 = VECTOR('',#5120,1.);
#5120 = DIRECTION('',(1.,-1.144237745222E-17,0.));
#5121 = ORIENTED_EDGE('',*,*,#5122,.T.);
#5122 = EDGE_CURVE('',#5115,#5123,#5125,.T.);
#5123 = VERTEX_POINT('',#5124);
#5124 = CARTESIAN_POINT('',(-1.172050016982,0.7,0.232635182233));
#5125 = CIRCLE('',#5126,0.1);
#5126 = AXIS2_PLACEMENT_3D('',#5127,#5128,#5129);
#5127 = CARTESIAN_POINT('',(-1.270530792283,0.7,0.25));
#5128 = DIRECTION('',(-1.144237745222E-17,-1.,0.));
#5129 = DIRECTION('',(-2.22044604925E-15,2.540718180781E-32,-1.));
#5130 = ORIENTED_EDGE('',*,*,#5131,.T.);
#5131 = EDGE_CURVE('',#5123,#5132,#5134,.T.);
#5132 = VERTEX_POINT('',#5133);
#5133 = CARTESIAN_POINT('',(-1.096201938253,0.7,0.693412044417));
#5134 = LINE('',#5135,#5136);
#5135 = CARTESIAN_POINT('',(-1.172050016982,0.7,0.232635182233));
#5136 = VECTOR('',#5137,1.);
#5137 = DIRECTION('',(0.162423314012,-1.858508865964E-18,0.986721169868)
  );
#5138 = ORIENTED_EDGE('',*,*,#5139,.T.);
#5139 = EDGE_CURVE('',#5132,#4288,#5140,.T.);
#5140 = CIRCLE('',#5141,0.25);
#5141 = AXIS2_PLACEMENT_3D('',#5142,#5143,#5144);
#5142 = CARTESIAN_POINT('',(-0.85,0.7,0.65));
#5143 = DIRECTION('',(1.144237745222E-17,1.,7.703719777549E-34));
#5144 = DIRECTION('',(-0.984807753012,1.126854202784E-17,0.173648177667)
  );
#5145 = ORIENTED_EDGE('',*,*,#4287,.T.);
#5146 = PLANE('',#5147);
#5147 = AXIS2_PLACEMENT_3D('',#5148,#5149,#5150);
#5148 = CARTESIAN_POINT('',(-1.069123385139,0.7,0.441695635315));
#5149 = DIRECTION('',(1.144237745222E-17,1.,0.));
#5150 = DIRECTION('',(0.,-0.,1.));
#5151 = ADVANCED_FACE('',(#5152),#5171,.F.);
#5152 = FACE_BOUND('',#5153,.F.);
#5153 = EDGE_LOOP('',(#5154,#5155,#5164,#5170));
#5154 = ORIENTED_EDGE('',*,*,#3991,.T.);
#5155 = ORIENTED_EDGE('',*,*,#5156,.T.);
#5156 = EDGE_CURVE('',#3984,#5157,#5159,.T.);
#5157 = VERTEX_POINT('',#5158);
#5158 = CARTESIAN_POINT('',(-0.948480775301,1.2,0.667364817767));
#5159 = CIRCLE('',#5160,0.1);
#5160 = AXIS2_PLACEMENT_3D('',#5161,#5162,#5163);
#5161 = CARTESIAN_POINT('',(-0.85,1.2,0.65));
#5162 = DIRECTION('',(-1.144237745222E-17,-1.,0.));
#5163 = DIRECTION('',(0.,0.,1.));
#5164 = ORIENTED_EDGE('',*,*,#5165,.F.);
#5165 = EDGE_CURVE('',#5073,#5157,#5166,.T.);
#5166 = LINE('',#5167,#5168);
#5167 = CARTESIAN_POINT('',(-0.948480775301,0.7,0.667364817767));
#5168 = VECTOR('',#5169,1.);
#5169 = DIRECTION('',(1.144237745222E-17,1.,0.));
#5170 = ORIENTED_EDGE('',*,*,#5072,.F.);
#5171 = CYLINDRICAL_SURFACE('',#5172,0.1);
#5172 = AXIS2_PLACEMENT_3D('',#5173,#5174,#5175);
#5173 = CARTESIAN_POINT('',(-0.85,0.7,0.65));
#5174 = DIRECTION('',(-1.144237745222E-17,-1.,0.));
#5175 = DIRECTION('',(0.,0.,1.));
#5176 = ADVANCED_FACE('',(#5177),#5248,.T.);
#5177 = FACE_BOUND('',#5178,.T.);
#5178 = EDGE_LOOP('',(#5179,#5180,#5181,#5182,#5190,#5199,#5207,#5215,
    #5223,#5232,#5240,#5247));
#5179 = ORIENTED_EDGE('',*,*,#4005,.F.);
#5180 = ORIENTED_EDGE('',*,*,#3983,.T.);
#5181 = ORIENTED_EDGE('',*,*,#5156,.T.);
#5182 = ORIENTED_EDGE('',*,*,#5183,.T.);
#5183 = EDGE_CURVE('',#5157,#5184,#5186,.T.);
#5184 = VERTEX_POINT('',#5185);
#5185 = CARTESIAN_POINT('',(-1.02432885403,1.2,0.206587955583));
#5186 = LINE('',#5187,#5188);
#5187 = CARTESIAN_POINT('',(-0.948480775301,1.2,0.667364817767));
#5188 = VECTOR('',#5189,1.);
#5189 = DIRECTION('',(-0.162423314012,1.858508865964E-18,-0.986721169868
    ));
#5190 = ORIENTED_EDGE('',*,*,#5191,.T.);
#5191 = EDGE_CURVE('',#5184,#5192,#5194,.T.);
#5192 = VERTEX_POINT('',#5193);
#5193 = CARTESIAN_POINT('',(-1.270530792283,1.2,0.));
#5194 = CIRCLE('',#5195,0.25);
#5195 = AXIS2_PLACEMENT_3D('',#5196,#5197,#5198);
#5196 = CARTESIAN_POINT('',(-1.270530792283,1.2,0.25));
#5197 = DIRECTION('',(1.144237745222E-17,1.,1.155557966632E-33));
#5198 = DIRECTION('',(0.984807753012,-1.126854202784E-17,-0.173648177667
    ));
#5199 = ORIENTED_EDGE('',*,*,#5200,.T.);
#5200 = EDGE_CURVE('',#5192,#5201,#5203,.T.);
#5201 = VERTEX_POINT('',#5202);
#5202 = CARTESIAN_POINT('',(-1.4,1.2,0.));
#5203 = LINE('',#5204,#5205);
#5204 = CARTESIAN_POINT('',(-1.270530792283,1.2,0.));
#5205 = VECTOR('',#5206,1.);
#5206 = DIRECTION('',(-1.,1.144237745222E-17,0.));
#5207 = ORIENTED_EDGE('',*,*,#5208,.T.);
#5208 = EDGE_CURVE('',#5201,#5209,#5211,.T.);
#5209 = VERTEX_POINT('',#5210);
#5210 = CARTESIAN_POINT('',(-1.4,1.2,0.15));
#5211 = LINE('',#5212,#5213);
#5212 = CARTESIAN_POINT('',(-1.4,1.2,0.));
#5213 = VECTOR('',#5214,1.);
#5214 = DIRECTION('',(0.,0.,1.));
#5215 = ORIENTED_EDGE('',*,*,#5216,.T.);
#5216 = EDGE_CURVE('',#5209,#5217,#5219,.T.);
#5217 = VERTEX_POINT('',#5218);
#5218 = CARTESIAN_POINT('',(-1.270530792283,1.2,0.15));
#5219 = LINE('',#5220,#5221);
#5220 = CARTESIAN_POINT('',(-1.4,1.2,0.15));
#5221 = VECTOR('',#5222,1.);
#5222 = DIRECTION('',(1.,-1.144237745222E-17,0.));
#5223 = ORIENTED_EDGE('',*,*,#5224,.T.);
#5224 = EDGE_CURVE('',#5217,#5225,#5227,.T.);
#5225 = VERTEX_POINT('',#5226);
#5226 = CARTESIAN_POINT('',(-1.172050016982,1.2,0.232635182233));
#5227 = CIRCLE('',#5228,0.1);
#5228 = AXIS2_PLACEMENT_3D('',#5229,#5230,#5231);
#5229 = CARTESIAN_POINT('',(-1.270530792283,1.2,0.25));
#5230 = DIRECTION('',(-1.144237745222E-17,-1.,0.));
#5231 = DIRECTION('',(-2.22044604925E-15,2.540718180781E-32,-1.));
#5232 = ORIENTED_EDGE('',*,*,#5233,.T.);
#5233 = EDGE_CURVE('',#5225,#5234,#5236,.T.);
#5234 = VERTEX_POINT('',#5235);
#5235 = CARTESIAN_POINT('',(-1.096201938253,1.2,0.693412044417));
#5236 = LINE('',#5237,#5238);
#5237 = CARTESIAN_POINT('',(-1.172050016982,1.2,0.232635182233));
#5238 = VECTOR('',#5239,1.);
#5239 = DIRECTION('',(0.162423314012,-1.858508865964E-18,0.986721169868)
  );
#5240 = ORIENTED_EDGE('',*,*,#5241,.T.);
#5241 = EDGE_CURVE('',#5234,#4296,#5242,.T.);
#5242 = CIRCLE('',#5243,0.25);
#5243 = AXIS2_PLACEMENT_3D('',#5244,#5245,#5246);
#5244 = CARTESIAN_POINT('',(-0.85,1.2,0.65));
#5245 = DIRECTION('',(1.144237745222E-17,1.,7.703719777549E-34));
#5246 = DIRECTION('',(-0.984807753012,1.126854202784E-17,0.173648177667)
  );
#5247 = ORIENTED_EDGE('',*,*,#4303,.T.);
#5248 = PLANE('',#5249);
#5249 = AXIS2_PLACEMENT_3D('',#5250,#5251,#5252);
#5250 = CARTESIAN_POINT('',(-1.069123385139,1.2,0.441695635315));
#5251 = DIRECTION('',(1.144237745222E-17,1.,0.));
#5252 = DIRECTION('',(0.,-0.,1.));
#5253 = ADVANCED_FACE('',(#5254),#5333,.F.);
#5254 = FACE_BOUND('',#5255,.F.);
#5255 = EDGE_LOOP('',(#5256,#5257,#5258,#5267,#5275,#5284,#5292,#5300,
    #5308,#5317,#5325,#5332));
#5256 = ORIENTED_EDGE('',*,*,#4024,.F.);
#5257 = ORIENTED_EDGE('',*,*,#4039,.T.);
#5258 = ORIENTED_EDGE('',*,*,#5259,.T.);
#5259 = EDGE_CURVE('',#4040,#5260,#5262,.T.);
#5260 = VERTEX_POINT('',#5261);
#5261 = CARTESIAN_POINT('',(0.948480775301,1.2,0.667364817767));
#5262 = CIRCLE('',#5263,0.1);
#5263 = AXIS2_PLACEMENT_3D('',#5264,#5265,#5266);
#5264 = CARTESIAN_POINT('',(0.85,1.2,0.65));
#5265 = DIRECTION('',(-1.110223024625E-16,1.,0.));
#5266 = DIRECTION('',(0.,0.,1.));
#5267 = ORIENTED_EDGE('',*,*,#5268,.T.);
#5268 = EDGE_CURVE('',#5260,#5269,#5271,.T.);
#5269 = VERTEX_POINT('',#5270);
#5270 = CARTESIAN_POINT('',(1.02432885403,1.2,0.206587955583));
#5271 = LINE('',#5272,#5273);
#5272 = CARTESIAN_POINT('',(0.948480775301,1.2,0.667364817767));
#5273 = VECTOR('',#5274,1.);
#5274 = DIRECTION('',(0.162423314012,1.803261029519E-17,-0.986721169868)
  );
#5275 = ORIENTED_EDGE('',*,*,#5276,.T.);
#5276 = EDGE_CURVE('',#5269,#5277,#5279,.T.);
#5277 = VERTEX_POINT('',#5278);
#5278 = CARTESIAN_POINT('',(1.270530792283,1.2,0.));
#5279 = CIRCLE('',#5280,0.25);
#5280 = AXIS2_PLACEMENT_3D('',#5281,#5282,#5283);
#5281 = CARTESIAN_POINT('',(1.270530792283,1.2,0.25));
#5282 = DIRECTION('',(1.110223024625E-16,-1.,0.));
#5283 = DIRECTION('',(-0.984807753012,-1.093356242223E-16,
    -0.173648177667));
#5284 = ORIENTED_EDGE('',*,*,#5285,.T.);
#5285 = EDGE_CURVE('',#5277,#5286,#5288,.T.);
#5286 = VERTEX_POINT('',#5287);
#5287 = CARTESIAN_POINT('',(1.4,1.2,0.));
#5288 = LINE('',#5289,#5290);
#5289 = CARTESIAN_POINT('',(1.270530792283,1.2,0.));
#5290 = VECTOR('',#5291,1.);
#5291 = DIRECTION('',(1.,1.110223024625E-16,0.));
#5292 = ORIENTED_EDGE('',*,*,#5293,.T.);
#5293 = EDGE_CURVE('',#5286,#5294,#5296,.T.);
#5294 = VERTEX_POINT('',#5295);
#5295 = CARTESIAN_POINT('',(1.4,1.2,0.15));
#5296 = LINE('',#5297,#5298);
#5297 = CARTESIAN_POINT('',(1.4,1.2,0.));
#5298 = VECTOR('',#5299,1.);
#5299 = DIRECTION('',(0.,0.,1.));
#5300 = ORIENTED_EDGE('',*,*,#5301,.T.);
#5301 = EDGE_CURVE('',#5294,#5302,#5304,.T.);
#5302 = VERTEX_POINT('',#5303);
#5303 = CARTESIAN_POINT('',(1.270530792283,1.2,0.15));
#5304 = LINE('',#5305,#5306);
#5305 = CARTESIAN_POINT('',(1.4,1.2,0.15));
#5306 = VECTOR('',#5307,1.);
#5307 = DIRECTION('',(-1.,-1.110223024625E-16,0.));
#5308 = ORIENTED_EDGE('',*,*,#5309,.T.);
#5309 = EDGE_CURVE('',#5302,#5310,#5312,.T.);
#5310 = VERTEX_POINT('',#5311);
#5311 = CARTESIAN_POINT('',(1.172050016982,1.2,0.232635182233));
#5312 = CIRCLE('',#5313,0.1);
#5313 = AXIS2_PLACEMENT_3D('',#5314,#5315,#5316);
#5314 = CARTESIAN_POINT('',(1.270530792283,1.2,0.25));
#5315 = DIRECTION('',(-1.110223024625E-16,1.,0.));
#5316 = DIRECTION('',(2.22044604925E-15,2.465190328815E-31,-1.));
#5317 = ORIENTED_EDGE('',*,*,#5318,.T.);
#5318 = EDGE_CURVE('',#5310,#5319,#5321,.T.);
#5319 = VERTEX_POINT('',#5320);
#5320 = CARTESIAN_POINT('',(1.096201938253,1.2,0.693412044417));
#5321 = LINE('',#5322,#5323);
#5322 = CARTESIAN_POINT('',(1.172050016982,1.2,0.232635182233));
#5323 = VECTOR('',#5324,1.);
#5324 = DIRECTION('',(-0.162423314012,-1.803261029519E-17,0.986721169868
    ));
#5325 = ORIENTED_EDGE('',*,*,#5326,.T.);
#5326 = EDGE_CURVE('',#5319,#4543,#5327,.T.);
#5327 = CIRCLE('',#5328,0.25);
#5328 = AXIS2_PLACEMENT_3D('',#5329,#5330,#5331);
#5329 = CARTESIAN_POINT('',(0.85,1.2,0.65));
#5330 = DIRECTION('',(1.110223024625E-16,-1.,0.));
#5331 = DIRECTION('',(0.984807753012,1.093356242223E-16,0.173648177667)
  );
#5332 = ORIENTED_EDGE('',*,*,#4542,.T.);
#5333 = PLANE('',#5334);
#5334 = AXIS2_PLACEMENT_3D('',#5335,#5336,#5337);
#5335 = CARTESIAN_POINT('',(1.069123385139,1.2,0.441695635315));
#5336 = DIRECTION('',(1.110223024625E-16,-1.,0.));
#5337 = DIRECTION('',(0.,0.,1.));
#5338 = ADVANCED_FACE('',(#5339),#5358,.F.);
#5339 = FACE_BOUND('',#5340,.F.);
#5340 = EDGE_LOOP('',(#5341,#5342,#5351,#5357));
#5341 = ORIENTED_EDGE('',*,*,#4056,.T.);
#5342 = ORIENTED_EDGE('',*,*,#5343,.T.);
#5343 = EDGE_CURVE('',#4049,#5344,#5346,.T.);
#5344 = VERTEX_POINT('',#5345);
#5345 = CARTESIAN_POINT('',(0.948480775301,0.7,0.667364817767));
#5346 = CIRCLE('',#5347,0.1);
#5347 = AXIS2_PLACEMENT_3D('',#5348,#5349,#5350);
#5348 = CARTESIAN_POINT('',(0.85,0.7,0.65));
#5349 = DIRECTION('',(-1.110223024625E-16,1.,0.));
#5350 = DIRECTION('',(0.,0.,1.));
#5351 = ORIENTED_EDGE('',*,*,#5352,.F.);
#5352 = EDGE_CURVE('',#5260,#5344,#5353,.T.);
#5353 = LINE('',#5354,#5355);
#5354 = CARTESIAN_POINT('',(0.948480775301,1.2,0.667364817767));
#5355 = VECTOR('',#5356,1.);
#5356 = DIRECTION('',(1.110223024625E-16,-1.,0.));
#5357 = ORIENTED_EDGE('',*,*,#5259,.F.);
#5358 = CYLINDRICAL_SURFACE('',#5359,0.1);
#5359 = AXIS2_PLACEMENT_3D('',#5360,#5361,#5362);
#5360 = CARTESIAN_POINT('',(0.85,1.2,0.65));
#5361 = DIRECTION('',(-1.110223024625E-16,1.,0.));
#5362 = DIRECTION('',(0.,0.,1.));
#5363 = ADVANCED_FACE('',(#5364),#5435,.T.);
#5364 = FACE_BOUND('',#5365,.T.);
#5365 = EDGE_LOOP('',(#5366,#5367,#5368,#5369,#5377,#5386,#5394,#5402,
    #5410,#5419,#5427,#5434));
#5366 = ORIENTED_EDGE('',*,*,#4070,.F.);
#5367 = ORIENTED_EDGE('',*,*,#4048,.T.);
#5368 = ORIENTED_EDGE('',*,*,#5343,.T.);
#5369 = ORIENTED_EDGE('',*,*,#5370,.T.);
#5370 = EDGE_CURVE('',#5344,#5371,#5373,.T.);
#5371 = VERTEX_POINT('',#5372);
#5372 = CARTESIAN_POINT('',(1.02432885403,0.7,0.206587955583));
#5373 = LINE('',#5374,#5375);
#5374 = CARTESIAN_POINT('',(0.948480775301,0.7,0.667364817767));
#5375 = VECTOR('',#5376,1.);
#5376 = DIRECTION('',(0.162423314012,1.803261029519E-17,-0.986721169868)
  );
#5377 = ORIENTED_EDGE('',*,*,#5378,.T.);
#5378 = EDGE_CURVE('',#5371,#5379,#5381,.T.);
#5379 = VERTEX_POINT('',#5380);
#5380 = CARTESIAN_POINT('',(1.270530792283,0.7,0.));
#5381 = CIRCLE('',#5382,0.25);
#5382 = AXIS2_PLACEMENT_3D('',#5383,#5384,#5385);
#5383 = CARTESIAN_POINT('',(1.270530792283,0.7,0.25));
#5384 = DIRECTION('',(1.110223024625E-16,-1.,0.));
#5385 = DIRECTION('',(-0.984807753012,-1.093356242223E-16,
    -0.173648177667));
#5386 = ORIENTED_EDGE('',*,*,#5387,.T.);
#5387 = EDGE_CURVE('',#5379,#5388,#5390,.T.);
#5388 = VERTEX_POINT('',#5389);
#5389 = CARTESIAN_POINT('',(1.4,0.7,0.));
#5390 = LINE('',#5391,#5392);
#5391 = CARTESIAN_POINT('',(1.270530792283,0.7,0.));
#5392 = VECTOR('',#5393,1.);
#5393 = DIRECTION('',(1.,1.110223024625E-16,0.));
#5394 = ORIENTED_EDGE('',*,*,#5395,.T.);
#5395 = EDGE_CURVE('',#5388,#5396,#5398,.T.);
#5396 = VERTEX_POINT('',#5397);
#5397 = CARTESIAN_POINT('',(1.4,0.7,0.15));
#5398 = LINE('',#5399,#5400);
#5399 = CARTESIAN_POINT('',(1.4,0.7,0.));
#5400 = VECTOR('',#5401,1.);
#5401 = DIRECTION('',(0.,0.,1.));
#5402 = ORIENTED_EDGE('',*,*,#5403,.T.);
#5403 = EDGE_CURVE('',#5396,#5404,#5406,.T.);
#5404 = VERTEX_POINT('',#5405);
#5405 = CARTESIAN_POINT('',(1.270530792283,0.7,0.15));
#5406 = LINE('',#5407,#5408);
#5407 = CARTESIAN_POINT('',(1.4,0.7,0.15));
#5408 = VECTOR('',#5409,1.);
#5409 = DIRECTION('',(-1.,-1.110223024625E-16,0.));
#5410 = ORIENTED_EDGE('',*,*,#5411,.T.);
#5411 = EDGE_CURVE('',#5404,#5412,#5414,.T.);
#5412 = VERTEX_POINT('',#5413);
#5413 = CARTESIAN_POINT('',(1.172050016982,0.7,0.232635182233));
#5414 = CIRCLE('',#5415,0.1);
#5415 = AXIS2_PLACEMENT_3D('',#5416,#5417,#5418);
#5416 = CARTESIAN_POINT('',(1.270530792283,0.7,0.25));
#5417 = DIRECTION('',(-1.110223024625E-16,1.,0.));
#5418 = DIRECTION('',(2.22044604925E-15,2.465190328815E-31,-1.));
#5419 = ORIENTED_EDGE('',*,*,#5420,.T.);
#5420 = EDGE_CURVE('',#5412,#5421,#5423,.T.);
#5421 = VERTEX_POINT('',#5422);
#5422 = CARTESIAN_POINT('',(1.096201938253,0.7,0.693412044417));
#5423 = LINE('',#5424,#5425);
#5424 = CARTESIAN_POINT('',(1.172050016982,0.7,0.232635182233));
#5425 = VECTOR('',#5426,1.);
#5426 = DIRECTION('',(-0.162423314012,-1.803261029519E-17,0.986721169868
    ));
#5427 = ORIENTED_EDGE('',*,*,#5428,.T.);
#5428 = EDGE_CURVE('',#5421,#4551,#5429,.T.);
#5429 = CIRCLE('',#5430,0.25);
#5430 = AXIS2_PLACEMENT_3D('',#5431,#5432,#5433);
#5431 = CARTESIAN_POINT('',(0.85,0.7,0.65));
#5432 = DIRECTION('',(1.110223024625E-16,-1.,0.));
#5433 = DIRECTION('',(0.984807753012,1.093356242223E-16,0.173648177667)
  );
#5434 = ORIENTED_EDGE('',*,*,#4558,.T.);
#5435 = PLANE('',#5436);
#5436 = AXIS2_PLACEMENT_3D('',#5437,#5438,#5439);
#5437 = CARTESIAN_POINT('',(1.069123385139,0.7,0.441695635315));
#5438 = DIRECTION('',(1.110223024625E-16,-1.,0.));
#5439 = DIRECTION('',(0.,0.,1.));
#5440 = ADVANCED_FACE('',(#5441),#5452,.F.);
#5441 = FACE_BOUND('',#5442,.F.);
#5442 = EDGE_LOOP('',(#5443,#5444,#5445,#5451));
#5443 = ORIENTED_EDGE('',*,*,#4564,.F.);
#5444 = ORIENTED_EDGE('',*,*,#4087,.T.);
#5445 = ORIENTED_EDGE('',*,*,#5446,.T.);
#5446 = EDGE_CURVE('',#4080,#4481,#5447,.T.);
#5447 = LINE('',#5448,#5449);
#5448 = CARTESIAN_POINT('',(0.85,0.25,0.9));
#5449 = VECTOR('',#5450,1.);
#5450 = DIRECTION('',(-1.,-1.110223024625E-16,0.));
#5451 = ORIENTED_EDGE('',*,*,#4480,.F.);
#5452 = PLANE('',#5453);
#5453 = AXIS2_PLACEMENT_3D('',#5454,#5455,#5456);
#5454 = CARTESIAN_POINT('',(-2.091417030376E-16,1.4375,0.9));
#5455 = DIRECTION('',(4.595758349624E-18,6.551522493592E-27,-1.));
#5456 = DIRECTION('',(1.,1.51922136901E-16,4.595758349624E-18));
#5457 = ADVANCED_FACE('',(#5458),#5544,.F.);
#5458 = FACE_BOUND('',#5459,.F.);
#5459 = EDGE_LOOP('',(#5460,#5461,#5462,#5471,#5479,#5488,#5496,#5504,
    #5512,#5521,#5529,#5538));
#5460 = ORIENTED_EDGE('',*,*,#4079,.F.);
#5461 = ORIENTED_EDGE('',*,*,#4101,.T.);
#5462 = ORIENTED_EDGE('',*,*,#5463,.T.);
#5463 = EDGE_CURVE('',#4102,#5464,#5466,.T.);
#5464 = VERTEX_POINT('',#5465);
#5465 = CARTESIAN_POINT('',(0.948480775301,0.25,0.667364817767));
#5466 = CIRCLE('',#5467,0.1);
#5467 = AXIS2_PLACEMENT_3D('',#5468,#5469,#5470);
#5468 = CARTESIAN_POINT('',(0.85,0.25,0.65));
#5469 = DIRECTION('',(-1.110223024625E-16,1.,0.));
#5470 = DIRECTION('',(0.,0.,1.));
#5471 = ORIENTED_EDGE('',*,*,#5472,.T.);
#5472 = EDGE_CURVE('',#5464,#5473,#5475,.T.);
#5473 = VERTEX_POINT('',#5474);
#5474 = CARTESIAN_POINT('',(1.02432885403,0.25,0.206587955583));
#5475 = LINE('',#5476,#5477);
#5476 = CARTESIAN_POINT('',(0.948480775301,0.25,0.667364817767));
#5477 = VECTOR('',#5478,1.);
#5478 = DIRECTION('',(0.162423314012,1.803261029519E-17,-0.986721169868)
  );
#5479 = ORIENTED_EDGE('',*,*,#5480,.T.);
#5480 = EDGE_CURVE('',#5473,#5481,#5483,.T.);
#5481 = VERTEX_POINT('',#5482);
#5482 = CARTESIAN_POINT('',(1.270530792283,0.25,0.));
#5483 = CIRCLE('',#5484,0.25);
#5484 = AXIS2_PLACEMENT_3D('',#5485,#5486,#5487);
#5485 = CARTESIAN_POINT('',(1.270530792283,0.25,0.25));
#5486 = DIRECTION('',(1.110223024625E-16,-1.,0.));
#5487 = DIRECTION('',(-0.984807753012,-1.093356242223E-16,
    -0.173648177667));
#5488 = ORIENTED_EDGE('',*,*,#5489,.T.);
#5489 = EDGE_CURVE('',#5481,#5490,#5492,.T.);
#5490 = VERTEX_POINT('',#5491);
#5491 = CARTESIAN_POINT('',(1.4,0.25,0.));
#5492 = LINE('',#5493,#5494);
#5493 = CARTESIAN_POINT('',(1.270530792283,0.25,0.));
#5494 = VECTOR('',#5495,1.);
#5495 = DIRECTION('',(1.,1.110223024625E-16,0.));
#5496 = ORIENTED_EDGE('',*,*,#5497,.T.);
#5497 = EDGE_CURVE('',#5490,#5498,#5500,.T.);
#5498 = VERTEX_POINT('',#5499);
#5499 = CARTESIAN_POINT('',(1.4,0.25,0.15));
#5500 = LINE('',#5501,#5502);
#5501 = CARTESIAN_POINT('',(1.4,0.25,0.));
#5502 = VECTOR('',#5503,1.);
#5503 = DIRECTION('',(0.,0.,1.));
#5504 = ORIENTED_EDGE('',*,*,#5505,.T.);
#5505 = EDGE_CURVE('',#5498,#5506,#5508,.T.);
#5506 = VERTEX_POINT('',#5507);
#5507 = CARTESIAN_POINT('',(1.270530792283,0.25,0.15));
#5508 = LINE('',#5509,#5510);
#5509 = CARTESIAN_POINT('',(1.4,0.25,0.15));
#5510 = VECTOR('',#5511,1.);
#5511 = DIRECTION('',(-1.,-1.110223024625E-16,0.));
#5512 = ORIENTED_EDGE('',*,*,#5513,.T.);
#5513 = EDGE_CURVE('',#5506,#5514,#5516,.T.);
#5514 = VERTEX_POINT('',#5515);
#5515 = CARTESIAN_POINT('',(1.172050016982,0.25,0.232635182233));
#5516 = CIRCLE('',#5517,0.1);
#5517 = AXIS2_PLACEMENT_3D('',#5518,#5519,#5520);
#5518 = CARTESIAN_POINT('',(1.270530792283,0.25,0.25));
#5519 = DIRECTION('',(-1.110223024625E-16,1.,0.));
#5520 = DIRECTION('',(2.22044604925E-15,2.465190328815E-31,-1.));
#5521 = ORIENTED_EDGE('',*,*,#5522,.T.);
#5522 = EDGE_CURVE('',#5514,#5523,#5525,.T.);
#5523 = VERTEX_POINT('',#5524);
#5524 = CARTESIAN_POINT('',(1.096201938253,0.25,0.693412044417));
#5525 = LINE('',#5526,#5527);
#5526 = CARTESIAN_POINT('',(1.172050016982,0.25,0.232635182233));
#5527 = VECTOR('',#5528,1.);
#5528 = DIRECTION('',(-0.162423314012,-1.803261029519E-17,0.986721169868
    ));
#5529 = ORIENTED_EDGE('',*,*,#5530,.T.);
#5530 = EDGE_CURVE('',#5523,#5531,#5533,.T.);
#5531 = VERTEX_POINT('',#5532);
#5532 = CARTESIAN_POINT('',(0.85,0.25,0.9));
#5533 = CIRCLE('',#5534,0.25);
#5534 = AXIS2_PLACEMENT_3D('',#5535,#5536,#5537);
#5535 = CARTESIAN_POINT('',(0.85,0.25,0.65));
#5536 = DIRECTION('',(1.110223024625E-16,-1.,0.));
#5537 = DIRECTION('',(0.984807753012,1.093356242223E-16,0.173648177667)
  );
#5538 = ORIENTED_EDGE('',*,*,#5539,.T.);
#5539 = EDGE_CURVE('',#5531,#4080,#5540,.T.);
#5540 = LINE('',#5541,#5542);
#5541 = CARTESIAN_POINT('',(0.85,0.25,0.9));
#5542 = VECTOR('',#5543,1.);
#5543 = DIRECTION('',(-1.,-1.110223024625E-16,0.));
#5544 = PLANE('',#5545);
#5545 = AXIS2_PLACEMENT_3D('',#5546,#5547,#5548);
#5546 = CARTESIAN_POINT('',(1.069123385139,0.25,0.441695635315));
#5547 = DIRECTION('',(1.110223024625E-16,-1.,0.));
#5548 = DIRECTION('',(0.,0.,1.));
#5549 = ADVANCED_FACE('',(#5550),#5569,.F.);
#5550 = FACE_BOUND('',#5551,.F.);
#5551 = EDGE_LOOP('',(#5552,#5553,#5562,#5568));
#5552 = ORIENTED_EDGE('',*,*,#4118,.T.);
#5553 = ORIENTED_EDGE('',*,*,#5554,.T.);
#5554 = EDGE_CURVE('',#4111,#5555,#5557,.T.);
#5555 = VERTEX_POINT('',#5556);
#5556 = CARTESIAN_POINT('',(0.948480775301,-0.25,0.667364817767));
#5557 = CIRCLE('',#5558,0.1);
#5558 = AXIS2_PLACEMENT_3D('',#5559,#5560,#5561);
#5559 = CARTESIAN_POINT('',(0.85,-0.25,0.65));
#5560 = DIRECTION('',(-1.110223024625E-16,1.,0.));
#5561 = DIRECTION('',(0.,0.,1.));
#5562 = ORIENTED_EDGE('',*,*,#5563,.F.);
#5563 = EDGE_CURVE('',#5464,#5555,#5564,.T.);
#5564 = LINE('',#5565,#5566);
#5565 = CARTESIAN_POINT('',(0.948480775301,0.25,0.667364817767));
#5566 = VECTOR('',#5567,1.);
#5567 = DIRECTION('',(1.110223024625E-16,-1.,0.));
#5568 = ORIENTED_EDGE('',*,*,#5463,.F.);
#5569 = CYLINDRICAL_SURFACE('',#5570,0.1);
#5570 = AXIS2_PLACEMENT_3D('',#5571,#5572,#5573);
#5571 = CARTESIAN_POINT('',(0.85,0.25,0.65));
#5572 = DIRECTION('',(-1.110223024625E-16,1.,0.));
#5573 = DIRECTION('',(0.,0.,1.));
#5574 = ADVANCED_FACE('',(#5575),#5653,.T.);
#5575 = FACE_BOUND('',#5576,.T.);
#5576 = EDGE_LOOP('',(#5577,#5578,#5579,#5580,#5588,#5597,#5605,#5613,
    #5621,#5630,#5638,#5647));
#5577 = ORIENTED_EDGE('',*,*,#4132,.F.);
#5578 = ORIENTED_EDGE('',*,*,#4110,.T.);
#5579 = ORIENTED_EDGE('',*,*,#5554,.T.);
#5580 = ORIENTED_EDGE('',*,*,#5581,.T.);
#5581 = EDGE_CURVE('',#5555,#5582,#5584,.T.);
#5582 = VERTEX_POINT('',#5583);
#5583 = CARTESIAN_POINT('',(1.02432885403,-0.25,0.206587955583));
#5584 = LINE('',#5585,#5586);
#5585 = CARTESIAN_POINT('',(0.948480775301,-0.25,0.667364817767));
#5586 = VECTOR('',#5587,1.);
#5587 = DIRECTION('',(0.162423314012,1.803261029519E-17,-0.986721169868)
  );
#5588 = ORIENTED_EDGE('',*,*,#5589,.T.);
#5589 = EDGE_CURVE('',#5582,#5590,#5592,.T.);
#5590 = VERTEX_POINT('',#5591);
#5591 = CARTESIAN_POINT('',(1.270530792283,-0.25,0.));
#5592 = CIRCLE('',#5593,0.25);
#5593 = AXIS2_PLACEMENT_3D('',#5594,#5595,#5596);
#5594 = CARTESIAN_POINT('',(1.270530792283,-0.25,0.25));
#5595 = DIRECTION('',(1.110223024625E-16,-1.,0.));
#5596 = DIRECTION('',(-0.984807753012,-1.093356242223E-16,
    -0.173648177667));
#5597 = ORIENTED_EDGE('',*,*,#5598,.T.);
#5598 = EDGE_CURVE('',#5590,#5599,#5601,.T.);
#5599 = VERTEX_POINT('',#5600);
#5600 = CARTESIAN_POINT('',(1.4,-0.25,0.));
#5601 = LINE('',#5602,#5603);
#5602 = CARTESIAN_POINT('',(1.270530792283,-0.25,0.));
#5603 = VECTOR('',#5604,1.);
#5604 = DIRECTION('',(1.,1.110223024625E-16,0.));
#5605 = ORIENTED_EDGE('',*,*,#5606,.T.);
#5606 = EDGE_CURVE('',#5599,#5607,#5609,.T.);
#5607 = VERTEX_POINT('',#5608);
#5608 = CARTESIAN_POINT('',(1.4,-0.25,0.15));
#5609 = LINE('',#5610,#5611);
#5610 = CARTESIAN_POINT('',(1.4,-0.25,0.));
#5611 = VECTOR('',#5612,1.);
#5612 = DIRECTION('',(0.,0.,1.));
#5613 = ORIENTED_EDGE('',*,*,#5614,.T.);
#5614 = EDGE_CURVE('',#5607,#5615,#5617,.T.);
#5615 = VERTEX_POINT('',#5616);
#5616 = CARTESIAN_POINT('',(1.270530792283,-0.25,0.15));
#5617 = LINE('',#5618,#5619);
#5618 = CARTESIAN_POINT('',(1.4,-0.25,0.15));
#5619 = VECTOR('',#5620,1.);
#5620 = DIRECTION('',(-1.,-1.110223024625E-16,0.));
#5621 = ORIENTED_EDGE('',*,*,#5622,.T.);
#5622 = EDGE_CURVE('',#5615,#5623,#5625,.T.);
#5623 = VERTEX_POINT('',#5624);
#5624 = CARTESIAN_POINT('',(1.172050016982,-0.25,0.232635182233));
#5625 = CIRCLE('',#5626,0.1);
#5626 = AXIS2_PLACEMENT_3D('',#5627,#5628,#5629);
#5627 = CARTESIAN_POINT('',(1.270530792283,-0.25,0.25));
#5628 = DIRECTION('',(-1.110223024625E-16,1.,0.));
#5629 = DIRECTION('',(2.22044604925E-15,2.465190328815E-31,-1.));
#5630 = ORIENTED_EDGE('',*,*,#5631,.T.);
#5631 = EDGE_CURVE('',#5623,#5632,#5634,.T.);
#5632 = VERTEX_POINT('',#5633);
#5633 = CARTESIAN_POINT('',(1.096201938253,-0.25,0.693412044417));
#5634 = LINE('',#5635,#5636);
#5635 = CARTESIAN_POINT('',(1.172050016982,-0.25,0.232635182233));
#5636 = VECTOR('',#5637,1.);
#5637 = DIRECTION('',(-0.162423314012,-1.803261029519E-17,0.986721169868
    ));
#5638 = ORIENTED_EDGE('',*,*,#5639,.T.);
#5639 = EDGE_CURVE('',#5632,#5640,#5642,.T.);
#5640 = VERTEX_POINT('',#5641);
#5641 = CARTESIAN_POINT('',(0.85,-0.25,0.9));
#5642 = CIRCLE('',#5643,0.25);
#5643 = AXIS2_PLACEMENT_3D('',#5644,#5645,#5646);
#5644 = CARTESIAN_POINT('',(0.85,-0.25,0.65));
#5645 = DIRECTION('',(1.110223024625E-16,-1.,0.));
#5646 = DIRECTION('',(0.984807753012,1.093356242223E-16,0.173648177667)
  );
#5647 = ORIENTED_EDGE('',*,*,#5648,.T.);
#5648 = EDGE_CURVE('',#5640,#4133,#5649,.T.);
#5649 = LINE('',#5650,#5651);
#5650 = CARTESIAN_POINT('',(0.85,-0.25,0.9));
#5651 = VECTOR('',#5652,1.);
#5652 = DIRECTION('',(-1.,-1.110223024625E-16,0.));
#5653 = PLANE('',#5654);
#5654 = AXIS2_PLACEMENT_3D('',#5655,#5656,#5657);
#5655 = CARTESIAN_POINT('',(1.069123385139,-0.25,0.441695635315));
#5656 = DIRECTION('',(1.110223024625E-16,-1.,0.));
#5657 = DIRECTION('',(0.,0.,1.));
#5658 = ADVANCED_FACE('',(#5659),#5675,.F.);
#5659 = FACE_BOUND('',#5660,.F.);
#5660 = EDGE_LOOP('',(#5661,#5667,#5668,#5674));
#5661 = ORIENTED_EDGE('',*,*,#5662,.F.);
#5662 = EDGE_CURVE('',#4133,#4489,#5663,.T.);
#5663 = LINE('',#5664,#5665);
#5664 = CARTESIAN_POINT('',(0.85,-0.25,0.9));
#5665 = VECTOR('',#5666,1.);
#5666 = DIRECTION('',(-1.,-1.110223024625E-16,0.));
#5667 = ORIENTED_EDGE('',*,*,#4149,.T.);
#5668 = ORIENTED_EDGE('',*,*,#5669,.T.);
#5669 = EDGE_CURVE('',#4142,#4497,#5670,.T.);
#5670 = LINE('',#5671,#5672);
#5671 = CARTESIAN_POINT('',(0.85,-0.7,0.9));
#5672 = VECTOR('',#5673,1.);
#5673 = DIRECTION('',(-1.,-1.110223024625E-16,0.));
#5674 = ORIENTED_EDGE('',*,*,#4496,.F.);
#5675 = PLANE('',#5676);
#5676 = AXIS2_PLACEMENT_3D('',#5677,#5678,#5679);
#5677 = CARTESIAN_POINT('',(-2.091417030376E-16,1.4375,0.9));
#5678 = DIRECTION('',(4.595758349624E-18,6.551522493592E-27,-1.));
#5679 = DIRECTION('',(1.,1.51922136901E-16,4.595758349624E-18));
#5680 = ADVANCED_FACE('',(#5681),#5767,.F.);
#5681 = FACE_BOUND('',#5682,.F.);
#5682 = EDGE_LOOP('',(#5683,#5684,#5685,#5694,#5702,#5711,#5719,#5727,
    #5735,#5744,#5752,#5761));
#5683 = ORIENTED_EDGE('',*,*,#4141,.F.);
#5684 = ORIENTED_EDGE('',*,*,#4163,.T.);
#5685 = ORIENTED_EDGE('',*,*,#5686,.T.);
#5686 = EDGE_CURVE('',#4164,#5687,#5689,.T.);
#5687 = VERTEX_POINT('',#5688);
#5688 = CARTESIAN_POINT('',(0.948480775301,-0.7,0.667364817767));
#5689 = CIRCLE('',#5690,0.1);
#5690 = AXIS2_PLACEMENT_3D('',#5691,#5692,#5693);
#5691 = CARTESIAN_POINT('',(0.85,-0.7,0.65));
#5692 = DIRECTION('',(-1.110223024625E-16,1.,0.));
#5693 = DIRECTION('',(0.,0.,1.));
#5694 = ORIENTED_EDGE('',*,*,#5695,.T.);
#5695 = EDGE_CURVE('',#5687,#5696,#5698,.T.);
#5696 = VERTEX_POINT('',#5697);
#5697 = CARTESIAN_POINT('',(1.02432885403,-0.7,0.206587955583));
#5698 = LINE('',#5699,#5700);
#5699 = CARTESIAN_POINT('',(0.948480775301,-0.7,0.667364817767));
#5700 = VECTOR('',#5701,1.);
#5701 = DIRECTION('',(0.162423314012,1.803261029519E-17,-0.986721169868)
  );
#5702 = ORIENTED_EDGE('',*,*,#5703,.T.);
#5703 = EDGE_CURVE('',#5696,#5704,#5706,.T.);
#5704 = VERTEX_POINT('',#5705);
#5705 = CARTESIAN_POINT('',(1.270530792283,-0.7,0.));
#5706 = CIRCLE('',#5707,0.25);
#5707 = AXIS2_PLACEMENT_3D('',#5708,#5709,#5710);
#5708 = CARTESIAN_POINT('',(1.270530792283,-0.7,0.25));
#5709 = DIRECTION('',(1.110223024625E-16,-1.,0.));
#5710 = DIRECTION('',(-0.984807753012,-1.093356242223E-16,
    -0.173648177667));
#5711 = ORIENTED_EDGE('',*,*,#5712,.T.);
#5712 = EDGE_CURVE('',#5704,#5713,#5715,.T.);
#5713 = VERTEX_POINT('',#5714);
#5714 = CARTESIAN_POINT('',(1.4,-0.7,0.));
#5715 = LINE('',#5716,#5717);
#5716 = CARTESIAN_POINT('',(1.270530792283,-0.7,0.));
#5717 = VECTOR('',#5718,1.);
#5718 = DIRECTION('',(1.,1.110223024625E-16,0.));
#5719 = ORIENTED_EDGE('',*,*,#5720,.T.);
#5720 = EDGE_CURVE('',#5713,#5721,#5723,.T.);
#5721 = VERTEX_POINT('',#5722);
#5722 = CARTESIAN_POINT('',(1.4,-0.7,0.15));
#5723 = LINE('',#5724,#5725);
#5724 = CARTESIAN_POINT('',(1.4,-0.7,0.));
#5725 = VECTOR('',#5726,1.);
#5726 = DIRECTION('',(0.,0.,1.));
#5727 = ORIENTED_EDGE('',*,*,#5728,.T.);
#5728 = EDGE_CURVE('',#5721,#5729,#5731,.T.);
#5729 = VERTEX_POINT('',#5730);
#5730 = CARTESIAN_POINT('',(1.270530792283,-0.7,0.15));
#5731 = LINE('',#5732,#5733);
#5732 = CARTESIAN_POINT('',(1.4,-0.7,0.15));
#5733 = VECTOR('',#5734,1.);
#5734 = DIRECTION('',(-1.,-1.110223024625E-16,0.));
#5735 = ORIENTED_EDGE('',*,*,#5736,.T.);
#5736 = EDGE_CURVE('',#5729,#5737,#5739,.T.);
#5737 = VERTEX_POINT('',#5738);
#5738 = CARTESIAN_POINT('',(1.172050016982,-0.7,0.232635182233));
#5739 = CIRCLE('',#5740,0.1);
#5740 = AXIS2_PLACEMENT_3D('',#5741,#5742,#5743);
#5741 = CARTESIAN_POINT('',(1.270530792283,-0.7,0.25));
#5742 = DIRECTION('',(-1.110223024625E-16,1.,0.));
#5743 = DIRECTION('',(2.22044604925E-15,2.465190328815E-31,-1.));
#5744 = ORIENTED_EDGE('',*,*,#5745,.T.);
#5745 = EDGE_CURVE('',#5737,#5746,#5748,.T.);
#5746 = VERTEX_POINT('',#5747);
#5747 = CARTESIAN_POINT('',(1.096201938253,-0.7,0.693412044417));
#5748 = LINE('',#5749,#5750);
#5749 = CARTESIAN_POINT('',(1.172050016982,-0.7,0.232635182233));
#5750 = VECTOR('',#5751,1.);
#5751 = DIRECTION('',(-0.162423314012,-1.803261029519E-17,0.986721169868
    ));
#5752 = ORIENTED_EDGE('',*,*,#5753,.T.);
#5753 = EDGE_CURVE('',#5746,#5754,#5756,.T.);
#5754 = VERTEX_POINT('',#5755);
#5755 = CARTESIAN_POINT('',(0.85,-0.7,0.9));
#5756 = CIRCLE('',#5757,0.25);
#5757 = AXIS2_PLACEMENT_3D('',#5758,#5759,#5760);
#5758 = CARTESIAN_POINT('',(0.85,-0.7,0.65));
#5759 = DIRECTION('',(1.110223024625E-16,-1.,0.));
#5760 = DIRECTION('',(0.984807753012,1.093356242223E-16,0.173648177667)
  );
#5761 = ORIENTED_EDGE('',*,*,#5762,.T.);
#5762 = EDGE_CURVE('',#5754,#4142,#5763,.T.);
#5763 = LINE('',#5764,#5765);
#5764 = CARTESIAN_POINT('',(0.85,-0.7,0.9));
#5765 = VECTOR('',#5766,1.);
#5766 = DIRECTION('',(-1.,-1.110223024625E-16,0.));
#5767 = PLANE('',#5768);
#5768 = AXIS2_PLACEMENT_3D('',#5769,#5770,#5771);
#5769 = CARTESIAN_POINT('',(1.069123385139,-0.7,0.441695635315));
#5770 = DIRECTION('',(1.110223024625E-16,-1.,0.));
#5771 = DIRECTION('',(0.,0.,1.));
#5772 = ADVANCED_FACE('',(#5773),#5792,.F.);
#5773 = FACE_BOUND('',#5774,.F.);
#5774 = EDGE_LOOP('',(#5775,#5776,#5785,#5791));
#5775 = ORIENTED_EDGE('',*,*,#4180,.T.);
#5776 = ORIENTED_EDGE('',*,*,#5777,.T.);
#5777 = EDGE_CURVE('',#4173,#5778,#5780,.T.);
#5778 = VERTEX_POINT('',#5779);
#5779 = CARTESIAN_POINT('',(0.948480775301,-1.2,0.667364817767));
#5780 = CIRCLE('',#5781,0.1);
#5781 = AXIS2_PLACEMENT_3D('',#5782,#5783,#5784);
#5782 = CARTESIAN_POINT('',(0.85,-1.2,0.65));
#5783 = DIRECTION('',(-1.110223024625E-16,1.,0.));
#5784 = DIRECTION('',(0.,0.,1.));
#5785 = ORIENTED_EDGE('',*,*,#5786,.F.);
#5786 = EDGE_CURVE('',#5687,#5778,#5787,.T.);
#5787 = LINE('',#5788,#5789);
#5788 = CARTESIAN_POINT('',(0.948480775301,-0.7,0.667364817767));
#5789 = VECTOR('',#5790,1.);
#5790 = DIRECTION('',(1.110223024625E-16,-1.,0.));
#5791 = ORIENTED_EDGE('',*,*,#5686,.F.);
#5792 = CYLINDRICAL_SURFACE('',#5793,0.1);
#5793 = AXIS2_PLACEMENT_3D('',#5794,#5795,#5796);
#5794 = CARTESIAN_POINT('',(0.85,-0.7,0.65));
#5795 = DIRECTION('',(-1.110223024625E-16,1.,0.));
#5796 = DIRECTION('',(0.,0.,1.));
#5797 = ADVANCED_FACE('',(#5798),#5876,.T.);
#5798 = FACE_BOUND('',#5799,.T.);
#5799 = EDGE_LOOP('',(#5800,#5801,#5802,#5803,#5811,#5820,#5828,#5836,
    #5844,#5853,#5861,#5870));
#5800 = ORIENTED_EDGE('',*,*,#4194,.F.);
#5801 = ORIENTED_EDGE('',*,*,#4172,.T.);
#5802 = ORIENTED_EDGE('',*,*,#5777,.T.);
#5803 = ORIENTED_EDGE('',*,*,#5804,.T.);
#5804 = EDGE_CURVE('',#5778,#5805,#5807,.T.);
#5805 = VERTEX_POINT('',#5806);
#5806 = CARTESIAN_POINT('',(1.02432885403,-1.2,0.206587955583));
#5807 = LINE('',#5808,#5809);
#5808 = CARTESIAN_POINT('',(0.948480775301,-1.2,0.667364817767));
#5809 = VECTOR('',#5810,1.);
#5810 = DIRECTION('',(0.162423314012,1.803261029519E-17,-0.986721169868)
  );
#5811 = ORIENTED_EDGE('',*,*,#5812,.T.);
#5812 = EDGE_CURVE('',#5805,#5813,#5815,.T.);
#5813 = VERTEX_POINT('',#5814);
#5814 = CARTESIAN_POINT('',(1.270530792283,-1.2,0.));
#5815 = CIRCLE('',#5816,0.25);
#5816 = AXIS2_PLACEMENT_3D('',#5817,#5818,#5819);
#5817 = CARTESIAN_POINT('',(1.270530792283,-1.2,0.25));
#5818 = DIRECTION('',(1.110223024625E-16,-1.,0.));
#5819 = DIRECTION('',(-0.984807753012,-1.093356242223E-16,
    -0.173648177667));
#5820 = ORIENTED_EDGE('',*,*,#5821,.T.);
#5821 = EDGE_CURVE('',#5813,#5822,#5824,.T.);
#5822 = VERTEX_POINT('',#5823);
#5823 = CARTESIAN_POINT('',(1.4,-1.2,0.));
#5824 = LINE('',#5825,#5826);
#5825 = CARTESIAN_POINT('',(1.270530792283,-1.2,0.));
#5826 = VECTOR('',#5827,1.);
#5827 = DIRECTION('',(1.,1.110223024625E-16,0.));
#5828 = ORIENTED_EDGE('',*,*,#5829,.T.);
#5829 = EDGE_CURVE('',#5822,#5830,#5832,.T.);
#5830 = VERTEX_POINT('',#5831);
#5831 = CARTESIAN_POINT('',(1.4,-1.2,0.15));
#5832 = LINE('',#5833,#5834);
#5833 = CARTESIAN_POINT('',(1.4,-1.2,0.));
#5834 = VECTOR('',#5835,1.);
#5835 = DIRECTION('',(0.,0.,1.));
#5836 = ORIENTED_EDGE('',*,*,#5837,.T.);
#5837 = EDGE_CURVE('',#5830,#5838,#5840,.T.);
#5838 = VERTEX_POINT('',#5839);
#5839 = CARTESIAN_POINT('',(1.270530792283,-1.2,0.15));
#5840 = LINE('',#5841,#5842);
#5841 = CARTESIAN_POINT('',(1.4,-1.2,0.15));
#5842 = VECTOR('',#5843,1.);
#5843 = DIRECTION('',(-1.,-1.110223024625E-16,0.));
#5844 = ORIENTED_EDGE('',*,*,#5845,.T.);
#5845 = EDGE_CURVE('',#5838,#5846,#5848,.T.);
#5846 = VERTEX_POINT('',#5847);
#5847 = CARTESIAN_POINT('',(1.172050016982,-1.2,0.232635182233));
#5848 = CIRCLE('',#5849,0.1);
#5849 = AXIS2_PLACEMENT_3D('',#5850,#5851,#5852);
#5850 = CARTESIAN_POINT('',(1.270530792283,-1.2,0.25));
#5851 = DIRECTION('',(-1.110223024625E-16,1.,0.));
#5852 = DIRECTION('',(2.22044604925E-15,2.465190328815E-31,-1.));
#5853 = ORIENTED_EDGE('',*,*,#5854,.T.);
#5854 = EDGE_CURVE('',#5846,#5855,#5857,.T.);
#5855 = VERTEX_POINT('',#5856);
#5856 = CARTESIAN_POINT('',(1.096201938253,-1.2,0.693412044417));
#5857 = LINE('',#5858,#5859);
#5858 = CARTESIAN_POINT('',(1.172050016982,-1.2,0.232635182233));
#5859 = VECTOR('',#5860,1.);
#5860 = DIRECTION('',(-0.162423314012,-1.803261029519E-17,0.986721169868
    ));
#5861 = ORIENTED_EDGE('',*,*,#5862,.T.);
#5862 = EDGE_CURVE('',#5855,#5863,#5865,.T.);
#5863 = VERTEX_POINT('',#5864);
#5864 = CARTESIAN_POINT('',(0.85,-1.2,0.9));
#5865 = CIRCLE('',#5866,0.25);
#5866 = AXIS2_PLACEMENT_3D('',#5867,#5868,#5869);
#5867 = CARTESIAN_POINT('',(0.85,-1.2,0.65));
#5868 = DIRECTION('',(1.110223024625E-16,-1.,0.));
#5869 = DIRECTION('',(0.984807753012,1.093356242223E-16,0.173648177667)
  );
#5870 = ORIENTED_EDGE('',*,*,#5871,.T.);
#5871 = EDGE_CURVE('',#5863,#4195,#5872,.T.);
#5872 = LINE('',#5873,#5874);
#5873 = CARTESIAN_POINT('',(0.85,-1.2,0.9));
#5874 = VECTOR('',#5875,1.);
#5875 = DIRECTION('',(-1.,-1.110223024625E-16,0.));
#5876 = PLANE('',#5877);
#5877 = AXIS2_PLACEMENT_3D('',#5878,#5879,#5880);
#5878 = CARTESIAN_POINT('',(1.069123385139,-1.2,0.441695635315));
#5879 = DIRECTION('',(1.110223024625E-16,-1.,0.));
#5880 = DIRECTION('',(0.,0.,1.));
#5881 = ADVANCED_FACE('',(#5882),#5893,.T.);
#5882 = FACE_BOUND('',#5883,.T.);
#5883 = EDGE_LOOP('',(#5884,#5885,#5886,#5887));
#5884 = ORIENTED_EDGE('',*,*,#5139,.T.);
#5885 = ORIENTED_EDGE('',*,*,#4295,.T.);
#5886 = ORIENTED_EDGE('',*,*,#5241,.F.);
#5887 = ORIENTED_EDGE('',*,*,#5888,.F.);
#5888 = EDGE_CURVE('',#5132,#5234,#5889,.T.);
#5889 = LINE('',#5890,#5891);
#5890 = CARTESIAN_POINT('',(-1.096201938253,0.7,0.693412044417));
#5891 = VECTOR('',#5892,1.);
#5892 = DIRECTION('',(1.144237745222E-17,1.,0.));
#5893 = CYLINDRICAL_SURFACE('',#5894,0.25);
#5894 = AXIS2_PLACEMENT_3D('',#5895,#5896,#5897);
#5895 = CARTESIAN_POINT('',(-0.85,0.7,0.65));
#5896 = DIRECTION('',(-1.144237745222E-17,-1.,0.));
#5897 = DIRECTION('',(-0.984807753012,1.126854202784E-17,0.173648177667)
  );
#5898 = ADVANCED_FACE('',(#5899),#5912,.F.);
#5899 = FACE_BOUND('',#5900,.F.);
#5900 = EDGE_LOOP('',(#5901,#5902,#5908,#5909,#5910,#5911));
#5901 = ORIENTED_EDGE('',*,*,#4707,.F.);
#5902 = ORIENTED_EDGE('',*,*,#5903,.T.);
#5903 = EDGE_CURVE('',#4699,#4808,#5904,.T.);
#5904 = LINE('',#5905,#5906);
#5905 = CARTESIAN_POINT('',(-0.85,-1.2,0.9));
#5906 = VECTOR('',#5907,1.);
#5907 = DIRECTION('',(1.144237745222E-17,1.,0.));
#5908 = ORIENTED_EDGE('',*,*,#4816,.T.);
#5909 = ORIENTED_EDGE('',*,*,#4838,.T.);
#5910 = ORIENTED_EDGE('',*,*,#4342,.F.);
#5911 = ORIENTED_EDGE('',*,*,#4581,.F.);
#5912 = PLANE('',#5913);
#5913 = AXIS2_PLACEMENT_3D('',#5914,#5915,#5916);
#5914 = CARTESIAN_POINT('',(-0.85,-1.2,0.9));
#5915 = DIRECTION('',(0.,0.,-1.));
#5916 = DIRECTION('',(1.,-1.144237745222E-17,0.));
#5917 = ADVANCED_FACE('',(#5918),#5931,.F.);
#5918 = FACE_BOUND('',#5919,.F.);
#5919 = EDGE_LOOP('',(#5920,#5921,#5927,#5928,#5929,#5930));
#5920 = ORIENTED_EDGE('',*,*,#4930,.F.);
#5921 = ORIENTED_EDGE('',*,*,#5922,.T.);
#5922 = EDGE_CURVE('',#4922,#5031,#5923,.T.);
#5923 = LINE('',#5924,#5925);
#5924 = CARTESIAN_POINT('',(-0.85,-0.25,0.9));
#5925 = VECTOR('',#5926,1.);
#5926 = DIRECTION('',(1.144237745222E-17,1.,0.));
#5927 = ORIENTED_EDGE('',*,*,#5039,.T.);
#5928 = ORIENTED_EDGE('',*,*,#5056,.T.);
#5929 = ORIENTED_EDGE('',*,*,#4358,.F.);
#5930 = ORIENTED_EDGE('',*,*,#4831,.F.);
#5931 = PLANE('',#5932);
#5932 = AXIS2_PLACEMENT_3D('',#5933,#5934,#5935);
#5933 = CARTESIAN_POINT('',(-0.85,-0.25,0.9));
#5934 = DIRECTION('',(0.,0.,-1.));
#5935 = DIRECTION('',(1.,-1.144237745222E-17,0.));
#5936 = ADVANCED_FACE('',(#5937,#5966),#5977,.T.);
#5937 = FACE_BOUND('',#5938,.T.);
#5938 = EDGE_LOOP('',(#5939,#5940,#5941,#5942,#5950,#5958,#5964,#5965));
#5939 = ORIENTED_EDGE('',*,*,#4433,.F.);
#5940 = ORIENTED_EDGE('',*,*,#4410,.F.);
#5941 = ORIENTED_EDGE('',*,*,#4381,.F.);
#5942 = ORIENTED_EDGE('',*,*,#5943,.F.);
#5943 = EDGE_CURVE('',#5944,#4382,#5946,.T.);
#5944 = VERTEX_POINT('',#5945);
#5945 = CARTESIAN_POINT('',(-0.646824228722,-1.333648457443,1.55));
#5946 = LINE('',#5947,#5948);
#5947 = CARTESIAN_POINT('',(-0.646824228722,-1.333648457443,1.55));
#5948 = VECTOR('',#5949,1.);
#5949 = DIRECTION('',(-0.707106781187,0.707106781187,0.));
#5950 = ORIENTED_EDGE('',*,*,#5951,.F.);
#5951 = EDGE_CURVE('',#5952,#5944,#5954,.T.);
#5952 = VERTEX_POINT('',#5953);
#5953 = CARTESIAN_POINT('',(0.646824228722,-1.333648457443,1.55));
#5954 = LINE('',#5955,#5956);
#5955 = CARTESIAN_POINT('',(0.646824228722,-1.333648457443,1.55));
#5956 = VECTOR('',#5957,1.);
#5957 = DIRECTION('',(-1.,-1.110223024625E-16,0.));
#5958 = ORIENTED_EDGE('',*,*,#5959,.F.);
#5959 = EDGE_CURVE('',#4521,#5952,#5960,.T.);
#5960 = LINE('',#5961,#5962);
#5961 = CARTESIAN_POINT('',(0.683648457443,-1.296824228722,1.55));
#5962 = VECTOR('',#5963,1.);
#5963 = DIRECTION('',(-0.707106781187,-0.707106781187,0.));
#5964 = ORIENTED_EDGE('',*,*,#4527,.F.);
#5965 = ORIENTED_EDGE('',*,*,#4456,.F.);
#5966 = FACE_BOUND('',#5967,.T.);
#5967 = EDGE_LOOP('',(#5968));
#5968 = ORIENTED_EDGE('',*,*,#5969,.T.);
#5969 = EDGE_CURVE('',#5970,#5970,#5972,.T.);
#5970 = VERTEX_POINT('',#5971);
#5971 = CARTESIAN_POINT('',(-0.333648457443,0.858648457443,1.55));
#5972 = CIRCLE('',#5973,0.125);
#5973 = AXIS2_PLACEMENT_3D('',#5974,#5975,#5976);
#5974 = CARTESIAN_POINT('',(-0.333648457443,0.983648457443,1.55));
#5975 = DIRECTION('',(0.,-0.,-1.));
#5976 = DIRECTION('',(1.110223024625E-16,-1.,0.));
#5977 = PLANE('',#5978);
#5978 = AXIS2_PLACEMENT_3D('',#5979,#5980,#5981);
#5979 = CARTESIAN_POINT('',(-0.646824228722,1.333648457443,1.55));
#5980 = DIRECTION('',(0.,0.,1.));
#5981 = DIRECTION('',(0.436386464522,-0.899759330922,0.));
#5982 = ADVANCED_FACE('',(#5983),#5993,.F.);
#5983 = FACE_BOUND('',#5984,.F.);
#5984 = EDGE_LOOP('',(#5985,#5986,#5987,#5988));
#5985 = ORIENTED_EDGE('',*,*,#4588,.T.);
#5986 = ORIENTED_EDGE('',*,*,#4389,.T.);
#5987 = ORIENTED_EDGE('',*,*,#5943,.F.);
#5988 = ORIENTED_EDGE('',*,*,#5989,.F.);
#5989 = EDGE_CURVE('',#4589,#5944,#5990,.T.);
#5990 = B_SPLINE_CURVE_WITH_KNOTS('',1,(#5991,#5992),.UNSPECIFIED.,.F.,
  .F.,(2,2),(0.,1.),.PIECEWISE_BEZIER_KNOTS.);
#5991 = CARTESIAN_POINT('',(-0.6925,-1.425,0.9));
#5992 = CARTESIAN_POINT('',(-0.646824228722,-1.333648457443,1.55));
#5993 = B_SPLINE_SURFACE_WITH_KNOTS('',1,1,(
    (#5994,#5995)
    ,(#5996,#5997
    )),.UNSPECIFIED.,.F.,.F.,.F.,(2,2),(2,2),(0.,0.116672618896),(0.,1.)
  ,.PIECEWISE_BEZIER_KNOTS.);
#5994 = CARTESIAN_POINT('',(-0.6925,-1.425,0.9));
#5995 = CARTESIAN_POINT('',(-0.646824228722,-1.333648457443,1.55));
#5996 = CARTESIAN_POINT('',(-0.775,-1.3425,0.9));
#5997 = CARTESIAN_POINT('',(-0.683648457443,-1.296824228722,1.55));
#5998 = ADVANCED_FACE('',(#5999),#6012,.F.);
#5999 = FACE_BOUND('',#6000,.F.);
#6000 = EDGE_LOOP('',(#6001,#6002,#6008,#6009,#6010,#6011));
#6001 = ORIENTED_EDGE('',*,*,#5539,.F.);
#6002 = ORIENTED_EDGE('',*,*,#6003,.T.);
#6003 = EDGE_CURVE('',#5531,#5640,#6004,.T.);
#6004 = LINE('',#6005,#6006);
#6005 = CARTESIAN_POINT('',(0.85,0.25,0.9));
#6006 = VECTOR('',#6007,1.);
#6007 = DIRECTION('',(1.110223024625E-16,-1.,0.));
#6008 = ORIENTED_EDGE('',*,*,#5648,.T.);
#6009 = ORIENTED_EDGE('',*,*,#5662,.T.);
#6010 = ORIENTED_EDGE('',*,*,#4488,.F.);
#6011 = ORIENTED_EDGE('',*,*,#5446,.F.);
#6012 = PLANE('',#6013);
#6013 = AXIS2_PLACEMENT_3D('',#6014,#6015,#6016);
#6014 = CARTESIAN_POINT('',(0.85,0.25,0.9));
#6015 = DIRECTION('',(0.,0.,-1.));
#6016 = DIRECTION('',(-1.,-1.110223024625E-16,-0.));
#6017 = ADVANCED_FACE('',(#6018),#6031,.F.);
#6018 = FACE_BOUND('',#6019,.F.);
#6019 = EDGE_LOOP('',(#6020,#6021,#6027,#6028,#6029,#6030));
#6020 = ORIENTED_EDGE('',*,*,#5762,.F.);
#6021 = ORIENTED_EDGE('',*,*,#6022,.T.);
#6022 = EDGE_CURVE('',#5754,#5863,#6023,.T.);
#6023 = LINE('',#6024,#6025);
#6024 = CARTESIAN_POINT('',(0.85,-0.7,0.9));
#6025 = VECTOR('',#6026,1.);
#6026 = DIRECTION('',(1.110223024625E-16,-1.,0.));
#6027 = ORIENTED_EDGE('',*,*,#5871,.T.);
#6028 = ORIENTED_EDGE('',*,*,#4611,.T.);
#6029 = ORIENTED_EDGE('',*,*,#4504,.F.);
#6030 = ORIENTED_EDGE('',*,*,#5669,.F.);
#6031 = PLANE('',#6032);
#6032 = AXIS2_PLACEMENT_3D('',#6033,#6034,#6035);
#6033 = CARTESIAN_POINT('',(0.85,-0.7,0.9));
#6034 = DIRECTION('',(0.,0.,-1.));
#6035 = DIRECTION('',(-1.,-1.110223024625E-16,-0.));
#6036 = ADVANCED_FACE('',(#6037),#6047,.F.);
#6037 = FACE_BOUND('',#6038,.F.);
#6038 = EDGE_LOOP('',(#6039,#6040,#6045,#6046));
#6039 = ORIENTED_EDGE('',*,*,#4604,.T.);
#6040 = ORIENTED_EDGE('',*,*,#6041,.T.);
#6041 = EDGE_CURVE('',#4597,#5952,#6042,.T.);
#6042 = B_SPLINE_CURVE_WITH_KNOTS('',1,(#6043,#6044),.UNSPECIFIED.,.F.,
  .F.,(2,2),(0.,1.),.PIECEWISE_BEZIER_KNOTS.);
#6043 = CARTESIAN_POINT('',(0.6925,-1.425,0.9));
#6044 = CARTESIAN_POINT('',(0.646824228722,-1.333648457443,1.55));
#6045 = ORIENTED_EDGE('',*,*,#5959,.F.);
#6046 = ORIENTED_EDGE('',*,*,#4520,.F.);
#6047 = B_SPLINE_SURFACE_WITH_KNOTS('',1,1,(
    (#6048,#6049)
    ,(#6050,#6051
    )),.UNSPECIFIED.,.F.,.F.,.F.,(2,2),(2,2),(0.,0.116672618896),(0.,1.)
  ,.PIECEWISE_BEZIER_KNOTS.);
#6048 = CARTESIAN_POINT('',(0.775,-1.3425,0.9));
#6049 = CARTESIAN_POINT('',(0.683648457443,-1.296824228722,1.55));
#6050 = CARTESIAN_POINT('',(0.6925,-1.425,0.9));
#6051 = CARTESIAN_POINT('',(0.646824228722,-1.333648457443,1.55));
#6052 = ADVANCED_FACE('',(#6053),#6064,.T.);
#6053 = FACE_BOUND('',#6054,.T.);
#6054 = EDGE_LOOP('',(#6055,#6056,#6057,#6058));
#6055 = ORIENTED_EDGE('',*,*,#5326,.T.);
#6056 = ORIENTED_EDGE('',*,*,#4550,.T.);
#6057 = ORIENTED_EDGE('',*,*,#5428,.F.);
#6058 = ORIENTED_EDGE('',*,*,#6059,.F.);
#6059 = EDGE_CURVE('',#5319,#5421,#6060,.T.);
#6060 = LINE('',#6061,#6062);
#6061 = CARTESIAN_POINT('',(1.096201938253,1.2,0.693412044417));
#6062 = VECTOR('',#6063,1.);
#6063 = DIRECTION('',(1.110223024625E-16,-1.,0.));
#6064 = CYLINDRICAL_SURFACE('',#6065,0.25);
#6065 = AXIS2_PLACEMENT_3D('',#6066,#6067,#6068);
#6066 = CARTESIAN_POINT('',(0.85,1.2,0.65));
#6067 = DIRECTION('',(-1.110223024625E-16,1.,0.));
#6068 = DIRECTION('',(0.984807753012,1.093356242223E-16,0.173648177667)
  );
#6069 = ADVANCED_FACE('',(#6070),#6076,.F.);
#6070 = FACE_BOUND('',#6071,.F.);
#6071 = EDGE_LOOP('',(#6072,#6073,#6074,#6075));
#6072 = ORIENTED_EDGE('',*,*,#4596,.T.);
#6073 = ORIENTED_EDGE('',*,*,#5989,.T.);
#6074 = ORIENTED_EDGE('',*,*,#5951,.F.);
#6075 = ORIENTED_EDGE('',*,*,#6041,.F.);
#6076 = B_SPLINE_SURFACE_WITH_KNOTS('',1,1,(
    (#6077,#6078)
    ,(#6079,#6080
    )),.UNSPECIFIED.,.F.,.F.,.F.,(2,2),(2,2),(0.,1.385),(0.,1.),
  .PIECEWISE_BEZIER_KNOTS.);
#6077 = CARTESIAN_POINT('',(0.6925,-1.425,0.9));
#6078 = CARTESIAN_POINT('',(0.646824228722,-1.333648457443,1.55));
#6079 = CARTESIAN_POINT('',(-0.6925,-1.425,0.9));
#6080 = CARTESIAN_POINT('',(-0.646824228722,-1.333648457443,1.55));
#6081 = ADVANCED_FACE('',(#6082),#6093,.T.);
#6082 = FACE_BOUND('',#6083,.T.);
#6083 = EDGE_LOOP('',(#6084,#6085,#6086,#6087));
#6084 = ORIENTED_EDGE('',*,*,#4698,.T.);
#6085 = ORIENTED_EDGE('',*,*,#5903,.T.);
#6086 = ORIENTED_EDGE('',*,*,#4807,.F.);
#6087 = ORIENTED_EDGE('',*,*,#6088,.F.);
#6088 = EDGE_CURVE('',#4691,#4800,#6089,.T.);
#6089 = LINE('',#6090,#6091);
#6090 = CARTESIAN_POINT('',(-1.096201938253,-1.2,0.693412044417));
#6091 = VECTOR('',#6092,1.);
#6092 = DIRECTION('',(1.144237745222E-17,1.,0.));
#6093 = CYLINDRICAL_SURFACE('',#6094,0.25);
#6094 = AXIS2_PLACEMENT_3D('',#6095,#6096,#6097);
#6095 = CARTESIAN_POINT('',(-0.85,-1.2,0.65));
#6096 = DIRECTION('',(-1.144237745222E-17,-1.,0.));
#6097 = DIRECTION('',(-0.984807753012,1.126854202784E-17,0.173648177667)
  );
#6098 = ADVANCED_FACE('',(#6099),#6110,.F.);
#6099 = FACE_BOUND('',#6100,.F.);
#6100 = EDGE_LOOP('',(#6101,#6107,#6108,#6109));
#6101 = ORIENTED_EDGE('',*,*,#6102,.T.);
#6102 = EDGE_CURVE('',#4682,#4791,#6103,.T.);
#6103 = LINE('',#6104,#6105);
#6104 = CARTESIAN_POINT('',(-1.172050016982,-1.2,0.232635182233));
#6105 = VECTOR('',#6106,1.);
#6106 = DIRECTION('',(1.144237745222E-17,1.,0.));
#6107 = ORIENTED_EDGE('',*,*,#4799,.T.);
#6108 = ORIENTED_EDGE('',*,*,#6088,.F.);
#6109 = ORIENTED_EDGE('',*,*,#4690,.F.);
#6110 = PLANE('',#6111);
#6111 = AXIS2_PLACEMENT_3D('',#6112,#6113,#6114);
#6112 = CARTESIAN_POINT('',(-1.172050016982,-1.2,0.232635182233));
#6113 = DIRECTION('',(0.986721169868,-1.129043606572E-17,-0.162423314012
    ));
#6114 = DIRECTION('',(0.162423314012,-1.858508865964E-18,0.986721169868)
  );
#6115 = ADVANCED_FACE('',(#6116),#6127,.F.);
#6116 = FACE_BOUND('',#6117,.F.);
#6117 = EDGE_LOOP('',(#6118,#6124,#6125,#6126));
#6118 = ORIENTED_EDGE('',*,*,#6119,.T.);
#6119 = EDGE_CURVE('',#4674,#4783,#6120,.T.);
#6120 = LINE('',#6121,#6122);
#6121 = CARTESIAN_POINT('',(-1.270530792283,-1.2,0.15));
#6122 = VECTOR('',#6123,1.);
#6123 = DIRECTION('',(1.144237745222E-17,1.,0.));
#6124 = ORIENTED_EDGE('',*,*,#4790,.T.);
#6125 = ORIENTED_EDGE('',*,*,#6102,.F.);
#6126 = ORIENTED_EDGE('',*,*,#4681,.F.);
#6127 = CYLINDRICAL_SURFACE('',#6128,0.1);
#6128 = AXIS2_PLACEMENT_3D('',#6129,#6130,#6131);
#6129 = CARTESIAN_POINT('',(-1.270530792283,-1.2,0.25));
#6130 = DIRECTION('',(-1.144237745222E-17,-1.,0.));
#6131 = DIRECTION('',(-2.22044604925E-15,2.540718180781E-32,-1.));
#6132 = ADVANCED_FACE('',(#6133),#6144,.F.);
#6133 = FACE_BOUND('',#6134,.F.);
#6134 = EDGE_LOOP('',(#6135,#6141,#6142,#6143));
#6135 = ORIENTED_EDGE('',*,*,#6136,.T.);
#6136 = EDGE_CURVE('',#4666,#4775,#6137,.T.);
#6137 = LINE('',#6138,#6139);
#6138 = CARTESIAN_POINT('',(-1.4,-1.2,0.15));
#6139 = VECTOR('',#6140,1.);
#6140 = DIRECTION('',(1.144237745222E-17,1.,0.));
#6141 = ORIENTED_EDGE('',*,*,#4782,.T.);
#6142 = ORIENTED_EDGE('',*,*,#6119,.F.);
#6143 = ORIENTED_EDGE('',*,*,#4673,.F.);
#6144 = PLANE('',#6145);
#6145 = AXIS2_PLACEMENT_3D('',#6146,#6147,#6148);
#6146 = CARTESIAN_POINT('',(-1.4,-1.2,0.15));
#6147 = DIRECTION('',(0.,0.,-1.));
#6148 = DIRECTION('',(1.,-1.144237745222E-17,0.));
#6149 = ADVANCED_FACE('',(#6150),#6161,.F.);
#6150 = FACE_BOUND('',#6151,.F.);
#6151 = EDGE_LOOP('',(#6152,#6158,#6159,#6160));
#6152 = ORIENTED_EDGE('',*,*,#6153,.T.);
#6153 = EDGE_CURVE('',#4658,#4767,#6154,.T.);
#6154 = LINE('',#6155,#6156);
#6155 = CARTESIAN_POINT('',(-1.4,-1.2,0.));
#6156 = VECTOR('',#6157,1.);
#6157 = DIRECTION('',(1.144237745222E-17,1.,0.));
#6158 = ORIENTED_EDGE('',*,*,#4774,.T.);
#6159 = ORIENTED_EDGE('',*,*,#6136,.F.);
#6160 = ORIENTED_EDGE('',*,*,#4665,.F.);
#6161 = PLANE('',#6162);
#6162 = AXIS2_PLACEMENT_3D('',#6163,#6164,#6165);
#6163 = CARTESIAN_POINT('',(-1.4,-1.2,0.));
#6164 = DIRECTION('',(1.,-1.144237745222E-17,0.));
#6165 = DIRECTION('',(0.,0.,1.));
#6166 = ADVANCED_FACE('',(#6167),#6178,.F.);
#6167 = FACE_BOUND('',#6168,.F.);
#6168 = EDGE_LOOP('',(#6169,#6175,#6176,#6177));
#6169 = ORIENTED_EDGE('',*,*,#6170,.T.);
#6170 = EDGE_CURVE('',#4649,#4758,#6171,.T.);
#6171 = LINE('',#6172,#6173);
#6172 = CARTESIAN_POINT('',(-1.270530792283,-1.2,0.));
#6173 = VECTOR('',#6174,1.);
#6174 = DIRECTION('',(1.144237745222E-17,1.,0.));
#6175 = ORIENTED_EDGE('',*,*,#4766,.T.);
#6176 = ORIENTED_EDGE('',*,*,#6153,.F.);
#6177 = ORIENTED_EDGE('',*,*,#4657,.F.);
#6178 = PLANE('',#6179);
#6179 = AXIS2_PLACEMENT_3D('',#6180,#6181,#6182);
#6180 = CARTESIAN_POINT('',(-1.270530792283,-1.2,0.));
#6181 = DIRECTION('',(0.,0.,1.));
#6182 = DIRECTION('',(-1.,1.144237745222E-17,0.));
#6183 = ADVANCED_FACE('',(#6184),#6195,.T.);
#6184 = FACE_BOUND('',#6185,.T.);
#6185 = EDGE_LOOP('',(#6186,#6187,#6188,#6189));
#6186 = ORIENTED_EDGE('',*,*,#4648,.T.);
#6187 = ORIENTED_EDGE('',*,*,#6170,.T.);
#6188 = ORIENTED_EDGE('',*,*,#4757,.F.);
#6189 = ORIENTED_EDGE('',*,*,#6190,.F.);
#6190 = EDGE_CURVE('',#4641,#4750,#6191,.T.);
#6191 = LINE('',#6192,#6193);
#6192 = CARTESIAN_POINT('',(-1.02432885403,-1.2,0.206587955583));
#6193 = VECTOR('',#6194,1.);
#6194 = DIRECTION('',(1.144237745222E-17,1.,0.));
#6195 = CYLINDRICAL_SURFACE('',#6196,0.25);
#6196 = AXIS2_PLACEMENT_3D('',#6197,#6198,#6199);
#6197 = CARTESIAN_POINT('',(-1.270530792283,-1.2,0.25));
#6198 = DIRECTION('',(-1.144237745222E-17,-1.,0.));
#6199 = DIRECTION('',(0.984807753012,-1.126854202784E-17,-0.173648177667
    ));
#6200 = ADVANCED_FACE('',(#6201),#6207,.F.);
#6201 = FACE_BOUND('',#6202,.F.);
#6202 = EDGE_LOOP('',(#6203,#6204,#6205,#6206));
#6203 = ORIENTED_EDGE('',*,*,#4731,.T.);
#6204 = ORIENTED_EDGE('',*,*,#4749,.T.);
#6205 = ORIENTED_EDGE('',*,*,#6190,.F.);
#6206 = ORIENTED_EDGE('',*,*,#4640,.F.);
#6207 = PLANE('',#6208);
#6208 = AXIS2_PLACEMENT_3D('',#6209,#6210,#6211);
#6209 = CARTESIAN_POINT('',(-0.948480775301,-1.2,0.667364817767));
#6210 = DIRECTION('',(-0.986721169868,1.129043606572E-17,0.162423314012)
  );
#6211 = DIRECTION('',(-0.162423314012,1.858508865964E-18,-0.986721169868
    ));
#6212 = ADVANCED_FACE('',(#6213),#6224,.T.);
#6213 = FACE_BOUND('',#6214,.T.);
#6214 = EDGE_LOOP('',(#6215,#6216,#6217,#6218));
#6215 = ORIENTED_EDGE('',*,*,#4921,.T.);
#6216 = ORIENTED_EDGE('',*,*,#5922,.T.);
#6217 = ORIENTED_EDGE('',*,*,#5030,.F.);
#6218 = ORIENTED_EDGE('',*,*,#6219,.F.);
#6219 = EDGE_CURVE('',#4914,#5023,#6220,.T.);
#6220 = LINE('',#6221,#6222);
#6221 = CARTESIAN_POINT('',(-1.096201938253,-0.25,0.693412044417));
#6222 = VECTOR('',#6223,1.);
#6223 = DIRECTION('',(1.144237745222E-17,1.,0.));
#6224 = CYLINDRICAL_SURFACE('',#6225,0.25);
#6225 = AXIS2_PLACEMENT_3D('',#6226,#6227,#6228);
#6226 = CARTESIAN_POINT('',(-0.85,-0.25,0.65));
#6227 = DIRECTION('',(-1.144237745222E-17,-1.,0.));
#6228 = DIRECTION('',(-0.984807753012,1.126854202784E-17,0.173648177667)
  );
#6229 = ADVANCED_FACE('',(#6230),#6241,.F.);
#6230 = FACE_BOUND('',#6231,.F.);
#6231 = EDGE_LOOP('',(#6232,#6238,#6239,#6240));
#6232 = ORIENTED_EDGE('',*,*,#6233,.T.);
#6233 = EDGE_CURVE('',#4905,#5014,#6234,.T.);
#6234 = LINE('',#6235,#6236);
#6235 = CARTESIAN_POINT('',(-1.172050016982,-0.25,0.232635182233));
#6236 = VECTOR('',#6237,1.);
#6237 = DIRECTION('',(1.144237745222E-17,1.,0.));
#6238 = ORIENTED_EDGE('',*,*,#5022,.T.);
#6239 = ORIENTED_EDGE('',*,*,#6219,.F.);
#6240 = ORIENTED_EDGE('',*,*,#4913,.F.);
#6241 = PLANE('',#6242);
#6242 = AXIS2_PLACEMENT_3D('',#6243,#6244,#6245);
#6243 = CARTESIAN_POINT('',(-1.172050016982,-0.25,0.232635182233));
#6244 = DIRECTION('',(0.986721169868,-1.129043606572E-17,-0.162423314012
    ));
#6245 = DIRECTION('',(0.162423314012,-1.858508865964E-18,0.986721169868)
  );
#6246 = ADVANCED_FACE('',(#6247),#6258,.F.);
#6247 = FACE_BOUND('',#6248,.F.);
#6248 = EDGE_LOOP('',(#6249,#6255,#6256,#6257));
#6249 = ORIENTED_EDGE('',*,*,#6250,.T.);
#6250 = EDGE_CURVE('',#4897,#5006,#6251,.T.);
#6251 = LINE('',#6252,#6253);
#6252 = CARTESIAN_POINT('',(-1.270530792283,-0.25,0.15));
#6253 = VECTOR('',#6254,1.);
#6254 = DIRECTION('',(1.144237745222E-17,1.,0.));
#6255 = ORIENTED_EDGE('',*,*,#5013,.T.);
#6256 = ORIENTED_EDGE('',*,*,#6233,.F.);
#6257 = ORIENTED_EDGE('',*,*,#4904,.F.);
#6258 = CYLINDRICAL_SURFACE('',#6259,0.1);
#6259 = AXIS2_PLACEMENT_3D('',#6260,#6261,#6262);
#6260 = CARTESIAN_POINT('',(-1.270530792283,-0.25,0.25));
#6261 = DIRECTION('',(-1.144237745222E-17,-1.,0.));
#6262 = DIRECTION('',(-2.22044604925E-15,2.540718180781E-32,-1.));
#6263 = ADVANCED_FACE('',(#6264),#6275,.F.);
#6264 = FACE_BOUND('',#6265,.F.);
#6265 = EDGE_LOOP('',(#6266,#6272,#6273,#6274));
#6266 = ORIENTED_EDGE('',*,*,#6267,.T.);
#6267 = EDGE_CURVE('',#4889,#4998,#6268,.T.);
#6268 = LINE('',#6269,#6270);
#6269 = CARTESIAN_POINT('',(-1.4,-0.25,0.15));
#6270 = VECTOR('',#6271,1.);
#6271 = DIRECTION('',(1.144237745222E-17,1.,0.));
#6272 = ORIENTED_EDGE('',*,*,#5005,.T.);
#6273 = ORIENTED_EDGE('',*,*,#6250,.F.);
#6274 = ORIENTED_EDGE('',*,*,#4896,.F.);
#6275 = PLANE('',#6276);
#6276 = AXIS2_PLACEMENT_3D('',#6277,#6278,#6279);
#6277 = CARTESIAN_POINT('',(-1.4,-0.25,0.15));
#6278 = DIRECTION('',(0.,0.,-1.));
#6279 = DIRECTION('',(1.,-1.144237745222E-17,0.));
#6280 = ADVANCED_FACE('',(#6281),#6292,.F.);
#6281 = FACE_BOUND('',#6282,.F.);
#6282 = EDGE_LOOP('',(#6283,#6289,#6290,#6291));
#6283 = ORIENTED_EDGE('',*,*,#6284,.T.);
#6284 = EDGE_CURVE('',#4881,#4990,#6285,.T.);
#6285 = LINE('',#6286,#6287);
#6286 = CARTESIAN_POINT('',(-1.4,-0.25,0.));
#6287 = VECTOR('',#6288,1.);
#6288 = DIRECTION('',(1.144237745222E-17,1.,0.));
#6289 = ORIENTED_EDGE('',*,*,#4997,.T.);
#6290 = ORIENTED_EDGE('',*,*,#6267,.F.);
#6291 = ORIENTED_EDGE('',*,*,#4888,.F.);
#6292 = PLANE('',#6293);
#6293 = AXIS2_PLACEMENT_3D('',#6294,#6295,#6296);
#6294 = CARTESIAN_POINT('',(-1.4,-0.25,0.));
#6295 = DIRECTION('',(1.,-1.144237745222E-17,0.));
#6296 = DIRECTION('',(0.,0.,1.));
#6297 = ADVANCED_FACE('',(#6298),#6309,.F.);
#6298 = FACE_BOUND('',#6299,.F.);
#6299 = EDGE_LOOP('',(#6300,#6306,#6307,#6308));
#6300 = ORIENTED_EDGE('',*,*,#6301,.T.);
#6301 = EDGE_CURVE('',#4872,#4981,#6302,.T.);
#6302 = LINE('',#6303,#6304);
#6303 = CARTESIAN_POINT('',(-1.270530792283,-0.25,0.));
#6304 = VECTOR('',#6305,1.);
#6305 = DIRECTION('',(1.144237745222E-17,1.,0.));
#6306 = ORIENTED_EDGE('',*,*,#4989,.T.);
#6307 = ORIENTED_EDGE('',*,*,#6284,.F.);
#6308 = ORIENTED_EDGE('',*,*,#4880,.F.);
#6309 = PLANE('',#6310);
#6310 = AXIS2_PLACEMENT_3D('',#6311,#6312,#6313);
#6311 = CARTESIAN_POINT('',(-1.270530792283,-0.25,0.));
#6312 = DIRECTION('',(0.,0.,1.));
#6313 = DIRECTION('',(-1.,1.144237745222E-17,0.));
#6314 = ADVANCED_FACE('',(#6315),#6326,.T.);
#6315 = FACE_BOUND('',#6316,.T.);
#6316 = EDGE_LOOP('',(#6317,#6318,#6319,#6320));
#6317 = ORIENTED_EDGE('',*,*,#4871,.T.);
#6318 = ORIENTED_EDGE('',*,*,#6301,.T.);
#6319 = ORIENTED_EDGE('',*,*,#4980,.F.);
#6320 = ORIENTED_EDGE('',*,*,#6321,.F.);
#6321 = EDGE_CURVE('',#4864,#4973,#6322,.T.);
#6322 = LINE('',#6323,#6324);
#6323 = CARTESIAN_POINT('',(-1.02432885403,-0.25,0.206587955583));
#6324 = VECTOR('',#6325,1.);
#6325 = DIRECTION('',(1.144237745222E-17,1.,0.));
#6326 = CYLINDRICAL_SURFACE('',#6327,0.25);
#6327 = AXIS2_PLACEMENT_3D('',#6328,#6329,#6330);
#6328 = CARTESIAN_POINT('',(-1.270530792283,-0.25,0.25));
#6329 = DIRECTION('',(-1.144237745222E-17,-1.,0.));
#6330 = DIRECTION('',(0.984807753012,-1.126854202784E-17,-0.173648177667
    ));
#6331 = ADVANCED_FACE('',(#6332),#6338,.F.);
#6332 = FACE_BOUND('',#6333,.F.);
#6333 = EDGE_LOOP('',(#6334,#6335,#6336,#6337));
#6334 = ORIENTED_EDGE('',*,*,#4954,.T.);
#6335 = ORIENTED_EDGE('',*,*,#4972,.T.);
#6336 = ORIENTED_EDGE('',*,*,#6321,.F.);
#6337 = ORIENTED_EDGE('',*,*,#4863,.F.);
#6338 = PLANE('',#6339);
#6339 = AXIS2_PLACEMENT_3D('',#6340,#6341,#6342);
#6340 = CARTESIAN_POINT('',(-0.948480775301,-0.25,0.667364817767));
#6341 = DIRECTION('',(-0.986721169868,1.129043606572E-17,0.162423314012)
  );
#6342 = DIRECTION('',(-0.162423314012,1.858508865964E-18,-0.986721169868
    ));
#6343 = ADVANCED_FACE('',(#6344),#6355,.F.);
#6344 = FACE_BOUND('',#6345,.F.);
#6345 = EDGE_LOOP('',(#6346,#6352,#6353,#6354));
#6346 = ORIENTED_EDGE('',*,*,#6347,.T.);
#6347 = EDGE_CURVE('',#5123,#5225,#6348,.T.);
#6348 = LINE('',#6349,#6350);
#6349 = CARTESIAN_POINT('',(-1.172050016982,0.7,0.232635182233));
#6350 = VECTOR('',#6351,1.);
#6351 = DIRECTION('',(1.144237745222E-17,1.,0.));
#6352 = ORIENTED_EDGE('',*,*,#5233,.T.);
#6353 = ORIENTED_EDGE('',*,*,#5888,.F.);
#6354 = ORIENTED_EDGE('',*,*,#5131,.F.);
#6355 = PLANE('',#6356);
#6356 = AXIS2_PLACEMENT_3D('',#6357,#6358,#6359);
#6357 = CARTESIAN_POINT('',(-1.172050016982,0.7,0.232635182233));
#6358 = DIRECTION('',(0.986721169868,-1.129043606572E-17,-0.162423314012
    ));
#6359 = DIRECTION('',(0.162423314012,-1.858508865964E-18,0.986721169868)
  );
#6360 = ADVANCED_FACE('',(#6361),#6372,.F.);
#6361 = FACE_BOUND('',#6362,.F.);
#6362 = EDGE_LOOP('',(#6363,#6369,#6370,#6371));
#6363 = ORIENTED_EDGE('',*,*,#6364,.T.);
#6364 = EDGE_CURVE('',#5115,#5217,#6365,.T.);
#6365 = LINE('',#6366,#6367);
#6366 = CARTESIAN_POINT('',(-1.270530792283,0.7,0.15));
#6367 = VECTOR('',#6368,1.);
#6368 = DIRECTION('',(1.144237745222E-17,1.,0.));
#6369 = ORIENTED_EDGE('',*,*,#5224,.T.);
#6370 = ORIENTED_EDGE('',*,*,#6347,.F.);
#6371 = ORIENTED_EDGE('',*,*,#5122,.F.);
#6372 = CYLINDRICAL_SURFACE('',#6373,0.1);
#6373 = AXIS2_PLACEMENT_3D('',#6374,#6375,#6376);
#6374 = CARTESIAN_POINT('',(-1.270530792283,0.7,0.25));
#6375 = DIRECTION('',(-1.144237745222E-17,-1.,0.));
#6376 = DIRECTION('',(-2.22044604925E-15,2.540718180781E-32,-1.));
#6377 = ADVANCED_FACE('',(#6378),#6389,.F.);
#6378 = FACE_BOUND('',#6379,.F.);
#6379 = EDGE_LOOP('',(#6380,#6386,#6387,#6388));
#6380 = ORIENTED_EDGE('',*,*,#6381,.T.);
#6381 = EDGE_CURVE('',#5107,#5209,#6382,.T.);
#6382 = LINE('',#6383,#6384);
#6383 = CARTESIAN_POINT('',(-1.4,0.7,0.15));
#6384 = VECTOR('',#6385,1.);
#6385 = DIRECTION('',(1.144237745222E-17,1.,0.));
#6386 = ORIENTED_EDGE('',*,*,#5216,.T.);
#6387 = ORIENTED_EDGE('',*,*,#6364,.F.);
#6388 = ORIENTED_EDGE('',*,*,#5114,.F.);
#6389 = PLANE('',#6390);
#6390 = AXIS2_PLACEMENT_3D('',#6391,#6392,#6393);
#6391 = CARTESIAN_POINT('',(-1.4,0.7,0.15));
#6392 = DIRECTION('',(0.,0.,-1.));
#6393 = DIRECTION('',(1.,-1.144237745222E-17,0.));
#6394 = ADVANCED_FACE('',(#6395),#6406,.F.);
#6395 = FACE_BOUND('',#6396,.F.);
#6396 = EDGE_LOOP('',(#6397,#6403,#6404,#6405));
#6397 = ORIENTED_EDGE('',*,*,#6398,.T.);
#6398 = EDGE_CURVE('',#5099,#5201,#6399,.T.);
#6399 = LINE('',#6400,#6401);
#6400 = CARTESIAN_POINT('',(-1.4,0.7,0.));
#6401 = VECTOR('',#6402,1.);
#6402 = DIRECTION('',(1.144237745222E-17,1.,0.));
#6403 = ORIENTED_EDGE('',*,*,#5208,.T.);
#6404 = ORIENTED_EDGE('',*,*,#6381,.F.);
#6405 = ORIENTED_EDGE('',*,*,#5106,.F.);
#6406 = PLANE('',#6407);
#6407 = AXIS2_PLACEMENT_3D('',#6408,#6409,#6410);
#6408 = CARTESIAN_POINT('',(-1.4,0.7,0.));
#6409 = DIRECTION('',(1.,-1.144237745222E-17,0.));
#6410 = DIRECTION('',(0.,0.,1.));
#6411 = ADVANCED_FACE('',(#6412),#6423,.F.);
#6412 = FACE_BOUND('',#6413,.F.);
#6413 = EDGE_LOOP('',(#6414,#6420,#6421,#6422));
#6414 = ORIENTED_EDGE('',*,*,#6415,.T.);
#6415 = EDGE_CURVE('',#5090,#5192,#6416,.T.);
#6416 = LINE('',#6417,#6418);
#6417 = CARTESIAN_POINT('',(-1.270530792283,0.7,0.));
#6418 = VECTOR('',#6419,1.);
#6419 = DIRECTION('',(1.144237745222E-17,1.,0.));
#6420 = ORIENTED_EDGE('',*,*,#5200,.T.);
#6421 = ORIENTED_EDGE('',*,*,#6398,.F.);
#6422 = ORIENTED_EDGE('',*,*,#5098,.F.);
#6423 = PLANE('',#6424);
#6424 = AXIS2_PLACEMENT_3D('',#6425,#6426,#6427);
#6425 = CARTESIAN_POINT('',(-1.270530792283,0.7,0.));
#6426 = DIRECTION('',(0.,0.,1.));
#6427 = DIRECTION('',(-1.,1.144237745222E-17,0.));
#6428 = ADVANCED_FACE('',(#6429),#6440,.T.);
#6429 = FACE_BOUND('',#6430,.T.);
#6430 = EDGE_LOOP('',(#6431,#6432,#6433,#6434));
#6431 = ORIENTED_EDGE('',*,*,#5089,.T.);
#6432 = ORIENTED_EDGE('',*,*,#6415,.T.);
#6433 = ORIENTED_EDGE('',*,*,#5191,.F.);
#6434 = ORIENTED_EDGE('',*,*,#6435,.F.);
#6435 = EDGE_CURVE('',#5082,#5184,#6436,.T.);
#6436 = LINE('',#6437,#6438);
#6437 = CARTESIAN_POINT('',(-1.02432885403,0.7,0.206587955583));
#6438 = VECTOR('',#6439,1.);
#6439 = DIRECTION('',(1.144237745222E-17,1.,0.));
#6440 = CYLINDRICAL_SURFACE('',#6441,0.25);
#6441 = AXIS2_PLACEMENT_3D('',#6442,#6443,#6444);
#6442 = CARTESIAN_POINT('',(-1.270530792283,0.7,0.25));
#6443 = DIRECTION('',(-1.144237745222E-17,-1.,0.));
#6444 = DIRECTION('',(0.984807753012,-1.126854202784E-17,-0.173648177667
    ));
#6445 = ADVANCED_FACE('',(#6446),#6452,.F.);
#6446 = FACE_BOUND('',#6447,.F.);
#6447 = EDGE_LOOP('',(#6448,#6449,#6450,#6451));
#6448 = ORIENTED_EDGE('',*,*,#5165,.T.);
#6449 = ORIENTED_EDGE('',*,*,#5183,.T.);
#6450 = ORIENTED_EDGE('',*,*,#6435,.F.);
#6451 = ORIENTED_EDGE('',*,*,#5081,.F.);
#6452 = PLANE('',#6453);
#6453 = AXIS2_PLACEMENT_3D('',#6454,#6455,#6456);
#6454 = CARTESIAN_POINT('',(-0.948480775301,0.7,0.667364817767));
#6455 = DIRECTION('',(-0.986721169868,1.129043606572E-17,0.162423314012)
  );
#6456 = DIRECTION('',(-0.162423314012,1.858508865964E-18,-0.986721169868
    ));
#6457 = ADVANCED_FACE('',(#6458),#6469,.F.);
#6458 = FACE_BOUND('',#6459,.F.);
#6459 = EDGE_LOOP('',(#6460,#6466,#6467,#6468));
#6460 = ORIENTED_EDGE('',*,*,#6461,.T.);
#6461 = EDGE_CURVE('',#5310,#5412,#6462,.T.);
#6462 = LINE('',#6463,#6464);
#6463 = CARTESIAN_POINT('',(1.172050016982,1.2,0.232635182233));
#6464 = VECTOR('',#6465,1.);
#6465 = DIRECTION('',(1.110223024625E-16,-1.,0.));
#6466 = ORIENTED_EDGE('',*,*,#5420,.T.);
#6467 = ORIENTED_EDGE('',*,*,#6059,.F.);
#6468 = ORIENTED_EDGE('',*,*,#5318,.F.);
#6469 = PLANE('',#6470);
#6470 = AXIS2_PLACEMENT_3D('',#6471,#6472,#6473);
#6471 = CARTESIAN_POINT('',(1.172050016982,1.2,0.232635182233));
#6472 = DIRECTION('',(-0.986721169868,-1.095480561672E-16,
    -0.162423314012));
#6473 = DIRECTION('',(-0.162423314012,-1.803261029519E-17,0.986721169868
    ));
#6474 = ADVANCED_FACE('',(#6475),#6486,.F.);
#6475 = FACE_BOUND('',#6476,.F.);
#6476 = EDGE_LOOP('',(#6477,#6483,#6484,#6485));
#6477 = ORIENTED_EDGE('',*,*,#6478,.T.);
#6478 = EDGE_CURVE('',#5302,#5404,#6479,.T.);
#6479 = LINE('',#6480,#6481);
#6480 = CARTESIAN_POINT('',(1.270530792283,1.2,0.15));
#6481 = VECTOR('',#6482,1.);
#6482 = DIRECTION('',(1.110223024625E-16,-1.,0.));
#6483 = ORIENTED_EDGE('',*,*,#5411,.T.);
#6484 = ORIENTED_EDGE('',*,*,#6461,.F.);
#6485 = ORIENTED_EDGE('',*,*,#5309,.F.);
#6486 = CYLINDRICAL_SURFACE('',#6487,0.1);
#6487 = AXIS2_PLACEMENT_3D('',#6488,#6489,#6490);
#6488 = CARTESIAN_POINT('',(1.270530792283,1.2,0.25));
#6489 = DIRECTION('',(-1.110223024625E-16,1.,0.));
#6490 = DIRECTION('',(2.22044604925E-15,2.465190328815E-31,-1.));
#6491 = ADVANCED_FACE('',(#6492),#6503,.F.);
#6492 = FACE_BOUND('',#6493,.F.);
#6493 = EDGE_LOOP('',(#6494,#6500,#6501,#6502));
#6494 = ORIENTED_EDGE('',*,*,#6495,.T.);
#6495 = EDGE_CURVE('',#5294,#5396,#6496,.T.);
#6496 = LINE('',#6497,#6498);
#6497 = CARTESIAN_POINT('',(1.4,1.2,0.15));
#6498 = VECTOR('',#6499,1.);
#6499 = DIRECTION('',(1.110223024625E-16,-1.,0.));
#6500 = ORIENTED_EDGE('',*,*,#5403,.T.);
#6501 = ORIENTED_EDGE('',*,*,#6478,.F.);
#6502 = ORIENTED_EDGE('',*,*,#5301,.F.);
#6503 = PLANE('',#6504);
#6504 = AXIS2_PLACEMENT_3D('',#6505,#6506,#6507);
#6505 = CARTESIAN_POINT('',(1.4,1.2,0.15));
#6506 = DIRECTION('',(0.,0.,-1.));
#6507 = DIRECTION('',(-1.,-1.110223024625E-16,-0.));
#6508 = ADVANCED_FACE('',(#6509),#6520,.F.);
#6509 = FACE_BOUND('',#6510,.F.);
#6510 = EDGE_LOOP('',(#6511,#6517,#6518,#6519));
#6511 = ORIENTED_EDGE('',*,*,#6512,.T.);
#6512 = EDGE_CURVE('',#5286,#5388,#6513,.T.);
#6513 = LINE('',#6514,#6515);
#6514 = CARTESIAN_POINT('',(1.4,1.2,0.));
#6515 = VECTOR('',#6516,1.);
#6516 = DIRECTION('',(1.110223024625E-16,-1.,0.));
#6517 = ORIENTED_EDGE('',*,*,#5395,.T.);
#6518 = ORIENTED_EDGE('',*,*,#6495,.F.);
#6519 = ORIENTED_EDGE('',*,*,#5293,.F.);
#6520 = PLANE('',#6521);
#6521 = AXIS2_PLACEMENT_3D('',#6522,#6523,#6524);
#6522 = CARTESIAN_POINT('',(1.4,1.2,0.));
#6523 = DIRECTION('',(-1.,-1.110223024625E-16,0.));
#6524 = DIRECTION('',(0.,0.,1.));
#6525 = ADVANCED_FACE('',(#6526),#6537,.F.);
#6526 = FACE_BOUND('',#6527,.F.);
#6527 = EDGE_LOOP('',(#6528,#6534,#6535,#6536));
#6528 = ORIENTED_EDGE('',*,*,#6529,.T.);
#6529 = EDGE_CURVE('',#5277,#5379,#6530,.T.);
#6530 = LINE('',#6531,#6532);
#6531 = CARTESIAN_POINT('',(1.270530792283,1.2,0.));
#6532 = VECTOR('',#6533,1.);
#6533 = DIRECTION('',(1.110223024625E-16,-1.,0.));
#6534 = ORIENTED_EDGE('',*,*,#5387,.T.);
#6535 = ORIENTED_EDGE('',*,*,#6512,.F.);
#6536 = ORIENTED_EDGE('',*,*,#5285,.F.);
#6537 = PLANE('',#6538);
#6538 = AXIS2_PLACEMENT_3D('',#6539,#6540,#6541);
#6539 = CARTESIAN_POINT('',(1.270530792283,1.2,0.));
#6540 = DIRECTION('',(0.,0.,1.));
#6541 = DIRECTION('',(1.,1.110223024625E-16,-0.));
#6542 = ADVANCED_FACE('',(#6543),#6554,.T.);
#6543 = FACE_BOUND('',#6544,.T.);
#6544 = EDGE_LOOP('',(#6545,#6546,#6547,#6548));
#6545 = ORIENTED_EDGE('',*,*,#5276,.T.);
#6546 = ORIENTED_EDGE('',*,*,#6529,.T.);
#6547 = ORIENTED_EDGE('',*,*,#5378,.F.);
#6548 = ORIENTED_EDGE('',*,*,#6549,.F.);
#6549 = EDGE_CURVE('',#5269,#5371,#6550,.T.);
#6550 = LINE('',#6551,#6552);
#6551 = CARTESIAN_POINT('',(1.02432885403,1.2,0.206587955583));
#6552 = VECTOR('',#6553,1.);
#6553 = DIRECTION('',(1.110223024625E-16,-1.,0.));
#6554 = CYLINDRICAL_SURFACE('',#6555,0.25);
#6555 = AXIS2_PLACEMENT_3D('',#6556,#6557,#6558);
#6556 = CARTESIAN_POINT('',(1.270530792283,1.2,0.25));
#6557 = DIRECTION('',(-1.110223024625E-16,1.,0.));
#6558 = DIRECTION('',(-0.984807753012,-1.093356242223E-16,
    -0.173648177667));
#6559 = ADVANCED_FACE('',(#6560),#6566,.F.);
#6560 = FACE_BOUND('',#6561,.F.);
#6561 = EDGE_LOOP('',(#6562,#6563,#6564,#6565));
#6562 = ORIENTED_EDGE('',*,*,#5352,.T.);
#6563 = ORIENTED_EDGE('',*,*,#5370,.T.);
#6564 = ORIENTED_EDGE('',*,*,#6549,.F.);
#6565 = ORIENTED_EDGE('',*,*,#5268,.F.);
#6566 = PLANE('',#6567);
#6567 = AXIS2_PLACEMENT_3D('',#6568,#6569,#6570);
#6568 = CARTESIAN_POINT('',(0.948480775301,1.2,0.667364817767));
#6569 = DIRECTION('',(0.986721169868,1.095480561672E-16,0.162423314012)
  );
#6570 = DIRECTION('',(0.162423314012,1.803261029519E-17,-0.986721169868)
  );
#6571 = ADVANCED_FACE('',(#6572),#6583,.T.);
#6572 = FACE_BOUND('',#6573,.T.);
#6573 = EDGE_LOOP('',(#6574,#6575,#6576,#6577));
#6574 = ORIENTED_EDGE('',*,*,#5530,.T.);
#6575 = ORIENTED_EDGE('',*,*,#6003,.T.);
#6576 = ORIENTED_EDGE('',*,*,#5639,.F.);
#6577 = ORIENTED_EDGE('',*,*,#6578,.F.);
#6578 = EDGE_CURVE('',#5523,#5632,#6579,.T.);
#6579 = LINE('',#6580,#6581);
#6580 = CARTESIAN_POINT('',(1.096201938253,0.25,0.693412044417));
#6581 = VECTOR('',#6582,1.);
#6582 = DIRECTION('',(1.110223024625E-16,-1.,0.));
#6583 = CYLINDRICAL_SURFACE('',#6584,0.25);
#6584 = AXIS2_PLACEMENT_3D('',#6585,#6586,#6587);
#6585 = CARTESIAN_POINT('',(0.85,0.25,0.65));
#6586 = DIRECTION('',(-1.110223024625E-16,1.,0.));
#6587 = DIRECTION('',(0.984807753012,1.093356242223E-16,0.173648177667)
  );
#6588 = ADVANCED_FACE('',(#6589),#6600,.F.);
#6589 = FACE_BOUND('',#6590,.F.);
#6590 = EDGE_LOOP('',(#6591,#6597,#6598,#6599));
#6591 = ORIENTED_EDGE('',*,*,#6592,.T.);
#6592 = EDGE_CURVE('',#5514,#5623,#6593,.T.);
#6593 = LINE('',#6594,#6595);
#6594 = CARTESIAN_POINT('',(1.172050016982,0.25,0.232635182233));
#6595 = VECTOR('',#6596,1.);
#6596 = DIRECTION('',(1.110223024625E-16,-1.,0.));
#6597 = ORIENTED_EDGE('',*,*,#5631,.T.);
#6598 = ORIENTED_EDGE('',*,*,#6578,.F.);
#6599 = ORIENTED_EDGE('',*,*,#5522,.F.);
#6600 = PLANE('',#6601);
#6601 = AXIS2_PLACEMENT_3D('',#6602,#6603,#6604);
#6602 = CARTESIAN_POINT('',(1.172050016982,0.25,0.232635182233));
#6603 = DIRECTION('',(-0.986721169868,-1.095480561672E-16,
    -0.162423314012));
#6604 = DIRECTION('',(-0.162423314012,-1.803261029519E-17,0.986721169868
    ));
#6605 = ADVANCED_FACE('',(#6606),#6617,.F.);
#6606 = FACE_BOUND('',#6607,.F.);
#6607 = EDGE_LOOP('',(#6608,#6614,#6615,#6616));
#6608 = ORIENTED_EDGE('',*,*,#6609,.T.);
#6609 = EDGE_CURVE('',#5506,#5615,#6610,.T.);
#6610 = LINE('',#6611,#6612);
#6611 = CARTESIAN_POINT('',(1.270530792283,0.25,0.15));
#6612 = VECTOR('',#6613,1.);
#6613 = DIRECTION('',(1.110223024625E-16,-1.,0.));
#6614 = ORIENTED_EDGE('',*,*,#5622,.T.);
#6615 = ORIENTED_EDGE('',*,*,#6592,.F.);
#6616 = ORIENTED_EDGE('',*,*,#5513,.F.);
#6617 = CYLINDRICAL_SURFACE('',#6618,0.1);
#6618 = AXIS2_PLACEMENT_3D('',#6619,#6620,#6621);
#6619 = CARTESIAN_POINT('',(1.270530792283,0.25,0.25));
#6620 = DIRECTION('',(-1.110223024625E-16,1.,0.));
#6621 = DIRECTION('',(2.22044604925E-15,2.465190328815E-31,-1.));
#6622 = ADVANCED_FACE('',(#6623),#6634,.F.);
#6623 = FACE_BOUND('',#6624,.F.);
#6624 = EDGE_LOOP('',(#6625,#6631,#6632,#6633));
#6625 = ORIENTED_EDGE('',*,*,#6626,.T.);
#6626 = EDGE_CURVE('',#5498,#5607,#6627,.T.);
#6627 = LINE('',#6628,#6629);
#6628 = CARTESIAN_POINT('',(1.4,0.25,0.15));
#6629 = VECTOR('',#6630,1.);
#6630 = DIRECTION('',(1.110223024625E-16,-1.,0.));
#6631 = ORIENTED_EDGE('',*,*,#5614,.T.);
#6632 = ORIENTED_EDGE('',*,*,#6609,.F.);
#6633 = ORIENTED_EDGE('',*,*,#5505,.F.);
#6634 = PLANE('',#6635);
#6635 = AXIS2_PLACEMENT_3D('',#6636,#6637,#6638);
#6636 = CARTESIAN_POINT('',(1.4,0.25,0.15));
#6637 = DIRECTION('',(0.,0.,-1.));
#6638 = DIRECTION('',(-1.,-1.110223024625E-16,-0.));
#6639 = ADVANCED_FACE('',(#6640),#6651,.F.);
#6640 = FACE_BOUND('',#6641,.F.);
#6641 = EDGE_LOOP('',(#6642,#6648,#6649,#6650));
#6642 = ORIENTED_EDGE('',*,*,#6643,.T.);
#6643 = EDGE_CURVE('',#5490,#5599,#6644,.T.);
#6644 = LINE('',#6645,#6646);
#6645 = CARTESIAN_POINT('',(1.4,0.25,0.));
#6646 = VECTOR('',#6647,1.);
#6647 = DIRECTION('',(1.110223024625E-16,-1.,0.));
#6648 = ORIENTED_EDGE('',*,*,#5606,.T.);
#6649 = ORIENTED_EDGE('',*,*,#6626,.F.);
#6650 = ORIENTED_EDGE('',*,*,#5497,.F.);
#6651 = PLANE('',#6652);
#6652 = AXIS2_PLACEMENT_3D('',#6653,#6654,#6655);
#6653 = CARTESIAN_POINT('',(1.4,0.25,0.));
#6654 = DIRECTION('',(-1.,-1.110223024625E-16,0.));
#6655 = DIRECTION('',(0.,0.,1.));
#6656 = ADVANCED_FACE('',(#6657),#6668,.F.);
#6657 = FACE_BOUND('',#6658,.F.);
#6658 = EDGE_LOOP('',(#6659,#6665,#6666,#6667));
#6659 = ORIENTED_EDGE('',*,*,#6660,.T.);
#6660 = EDGE_CURVE('',#5481,#5590,#6661,.T.);
#6661 = LINE('',#6662,#6663);
#6662 = CARTESIAN_POINT('',(1.270530792283,0.25,0.));
#6663 = VECTOR('',#6664,1.);
#6664 = DIRECTION('',(1.110223024625E-16,-1.,0.));
#6665 = ORIENTED_EDGE('',*,*,#5598,.T.);
#6666 = ORIENTED_EDGE('',*,*,#6643,.F.);
#6667 = ORIENTED_EDGE('',*,*,#5489,.F.);
#6668 = PLANE('',#6669);
#6669 = AXIS2_PLACEMENT_3D('',#6670,#6671,#6672);
#6670 = CARTESIAN_POINT('',(1.270530792283,0.25,0.));
#6671 = DIRECTION('',(0.,0.,1.));
#6672 = DIRECTION('',(1.,1.110223024625E-16,-0.));
#6673 = ADVANCED_FACE('',(#6674),#6685,.T.);
#6674 = FACE_BOUND('',#6675,.T.);
#6675 = EDGE_LOOP('',(#6676,#6677,#6678,#6679));
#6676 = ORIENTED_EDGE('',*,*,#5480,.T.);
#6677 = ORIENTED_EDGE('',*,*,#6660,.T.);
#6678 = ORIENTED_EDGE('',*,*,#5589,.F.);
#6679 = ORIENTED_EDGE('',*,*,#6680,.F.);
#6680 = EDGE_CURVE('',#5473,#5582,#6681,.T.);
#6681 = LINE('',#6682,#6683);
#6682 = CARTESIAN_POINT('',(1.02432885403,0.25,0.206587955583));
#6683 = VECTOR('',#6684,1.);
#6684 = DIRECTION('',(1.110223024625E-16,-1.,0.));
#6685 = CYLINDRICAL_SURFACE('',#6686,0.25);
#6686 = AXIS2_PLACEMENT_3D('',#6687,#6688,#6689);
#6687 = CARTESIAN_POINT('',(1.270530792283,0.25,0.25));
#6688 = DIRECTION('',(-1.110223024625E-16,1.,0.));
#6689 = DIRECTION('',(-0.984807753012,-1.093356242223E-16,
    -0.173648177667));
#6690 = ADVANCED_FACE('',(#6691),#6697,.F.);
#6691 = FACE_BOUND('',#6692,.F.);
#6692 = EDGE_LOOP('',(#6693,#6694,#6695,#6696));
#6693 = ORIENTED_EDGE('',*,*,#5563,.T.);
#6694 = ORIENTED_EDGE('',*,*,#5581,.T.);
#6695 = ORIENTED_EDGE('',*,*,#6680,.F.);
#6696 = ORIENTED_EDGE('',*,*,#5472,.F.);
#6697 = PLANE('',#6698);
#6698 = AXIS2_PLACEMENT_3D('',#6699,#6700,#6701);
#6699 = CARTESIAN_POINT('',(0.948480775301,0.25,0.667364817767));
#6700 = DIRECTION('',(0.986721169868,1.095480561672E-16,0.162423314012)
  );
#6701 = DIRECTION('',(0.162423314012,1.803261029519E-17,-0.986721169868)
  );
#6702 = ADVANCED_FACE('',(#6703),#6714,.T.);
#6703 = FACE_BOUND('',#6704,.T.);
#6704 = EDGE_LOOP('',(#6705,#6706,#6707,#6708));
#6705 = ORIENTED_EDGE('',*,*,#5753,.T.);
#6706 = ORIENTED_EDGE('',*,*,#6022,.T.);
#6707 = ORIENTED_EDGE('',*,*,#5862,.F.);
#6708 = ORIENTED_EDGE('',*,*,#6709,.F.);
#6709 = EDGE_CURVE('',#5746,#5855,#6710,.T.);
#6710 = LINE('',#6711,#6712);
#6711 = CARTESIAN_POINT('',(1.096201938253,-0.7,0.693412044417));
#6712 = VECTOR('',#6713,1.);
#6713 = DIRECTION('',(1.110223024625E-16,-1.,0.));
#6714 = CYLINDRICAL_SURFACE('',#6715,0.25);
#6715 = AXIS2_PLACEMENT_3D('',#6716,#6717,#6718);
#6716 = CARTESIAN_POINT('',(0.85,-0.7,0.65));
#6717 = DIRECTION('',(-1.110223024625E-16,1.,0.));
#6718 = DIRECTION('',(0.984807753012,1.093356242223E-16,0.173648177667)
  );
#6719 = ADVANCED_FACE('',(#6720),#6731,.F.);
#6720 = FACE_BOUND('',#6721,.F.);
#6721 = EDGE_LOOP('',(#6722,#6728,#6729,#6730));
#6722 = ORIENTED_EDGE('',*,*,#6723,.T.);
#6723 = EDGE_CURVE('',#5737,#5846,#6724,.T.);
#6724 = LINE('',#6725,#6726);
#6725 = CARTESIAN_POINT('',(1.172050016982,-0.7,0.232635182233));
#6726 = VECTOR('',#6727,1.);
#6727 = DIRECTION('',(1.110223024625E-16,-1.,0.));
#6728 = ORIENTED_EDGE('',*,*,#5854,.T.);
#6729 = ORIENTED_EDGE('',*,*,#6709,.F.);
#6730 = ORIENTED_EDGE('',*,*,#5745,.F.);
#6731 = PLANE('',#6732);
#6732 = AXIS2_PLACEMENT_3D('',#6733,#6734,#6735);
#6733 = CARTESIAN_POINT('',(1.172050016982,-0.7,0.232635182233));
#6734 = DIRECTION('',(-0.986721169868,-1.095480561672E-16,
    -0.162423314012));
#6735 = DIRECTION('',(-0.162423314012,-1.803261029519E-17,0.986721169868
    ));
#6736 = ADVANCED_FACE('',(#6737),#6748,.F.);
#6737 = FACE_BOUND('',#6738,.F.);
#6738 = EDGE_LOOP('',(#6739,#6745,#6746,#6747));
#6739 = ORIENTED_EDGE('',*,*,#6740,.T.);
#6740 = EDGE_CURVE('',#5729,#5838,#6741,.T.);
#6741 = LINE('',#6742,#6743);
#6742 = CARTESIAN_POINT('',(1.270530792283,-0.7,0.15));
#6743 = VECTOR('',#6744,1.);
#6744 = DIRECTION('',(1.110223024625E-16,-1.,0.));
#6745 = ORIENTED_EDGE('',*,*,#5845,.T.);
#6746 = ORIENTED_EDGE('',*,*,#6723,.F.);
#6747 = ORIENTED_EDGE('',*,*,#5736,.F.);
#6748 = CYLINDRICAL_SURFACE('',#6749,0.1);
#6749 = AXIS2_PLACEMENT_3D('',#6750,#6751,#6752);
#6750 = CARTESIAN_POINT('',(1.270530792283,-0.7,0.25));
#6751 = DIRECTION('',(-1.110223024625E-16,1.,0.));
#6752 = DIRECTION('',(2.22044604925E-15,2.465190328815E-31,-1.));
#6753 = ADVANCED_FACE('',(#6754),#6765,.F.);
#6754 = FACE_BOUND('',#6755,.F.);
#6755 = EDGE_LOOP('',(#6756,#6762,#6763,#6764));
#6756 = ORIENTED_EDGE('',*,*,#6757,.T.);
#6757 = EDGE_CURVE('',#5721,#5830,#6758,.T.);
#6758 = LINE('',#6759,#6760);
#6759 = CARTESIAN_POINT('',(1.4,-0.7,0.15));
#6760 = VECTOR('',#6761,1.);
#6761 = DIRECTION('',(1.110223024625E-16,-1.,0.));
#6762 = ORIENTED_EDGE('',*,*,#5837,.T.);
#6763 = ORIENTED_EDGE('',*,*,#6740,.F.);
#6764 = ORIENTED_EDGE('',*,*,#5728,.F.);
#6765 = PLANE('',#6766);
#6766 = AXIS2_PLACEMENT_3D('',#6767,#6768,#6769);
#6767 = CARTESIAN_POINT('',(1.4,-0.7,0.15));
#6768 = DIRECTION('',(0.,0.,-1.));
#6769 = DIRECTION('',(-1.,-1.110223024625E-16,-0.));
#6770 = ADVANCED_FACE('',(#6771),#6782,.F.);
#6771 = FACE_BOUND('',#6772,.F.);
#6772 = EDGE_LOOP('',(#6773,#6779,#6780,#6781));
#6773 = ORIENTED_EDGE('',*,*,#6774,.T.);
#6774 = EDGE_CURVE('',#5713,#5822,#6775,.T.);
#6775 = LINE('',#6776,#6777);
#6776 = CARTESIAN_POINT('',(1.4,-0.7,0.));
#6777 = VECTOR('',#6778,1.);
#6778 = DIRECTION('',(1.110223024625E-16,-1.,0.));
#6779 = ORIENTED_EDGE('',*,*,#5829,.T.);
#6780 = ORIENTED_EDGE('',*,*,#6757,.F.);
#6781 = ORIENTED_EDGE('',*,*,#5720,.F.);
#6782 = PLANE('',#6783);
#6783 = AXIS2_PLACEMENT_3D('',#6784,#6785,#6786);
#6784 = CARTESIAN_POINT('',(1.4,-0.7,0.));
#6785 = DIRECTION('',(-1.,-1.110223024625E-16,0.));
#6786 = DIRECTION('',(0.,0.,1.));
#6787 = ADVANCED_FACE('',(#6788),#6799,.F.);
#6788 = FACE_BOUND('',#6789,.F.);
#6789 = EDGE_LOOP('',(#6790,#6796,#6797,#6798));
#6790 = ORIENTED_EDGE('',*,*,#6791,.T.);
#6791 = EDGE_CURVE('',#5704,#5813,#6792,.T.);
#6792 = LINE('',#6793,#6794);
#6793 = CARTESIAN_POINT('',(1.270530792283,-0.7,0.));
#6794 = VECTOR('',#6795,1.);
#6795 = DIRECTION('',(1.110223024625E-16,-1.,0.));
#6796 = ORIENTED_EDGE('',*,*,#5821,.T.);
#6797 = ORIENTED_EDGE('',*,*,#6774,.F.);
#6798 = ORIENTED_EDGE('',*,*,#5712,.F.);
#6799 = PLANE('',#6800);
#6800 = AXIS2_PLACEMENT_3D('',#6801,#6802,#6803);
#6801 = CARTESIAN_POINT('',(1.270530792283,-0.7,0.));
#6802 = DIRECTION('',(0.,0.,1.));
#6803 = DIRECTION('',(1.,1.110223024625E-16,-0.));
#6804 = ADVANCED_FACE('',(#6805),#6816,.T.);
#6805 = FACE_BOUND('',#6806,.T.);
#6806 = EDGE_LOOP('',(#6807,#6808,#6809,#6810));
#6807 = ORIENTED_EDGE('',*,*,#5703,.T.);
#6808 = ORIENTED_EDGE('',*,*,#6791,.T.);
#6809 = ORIENTED_EDGE('',*,*,#5812,.F.);
#6810 = ORIENTED_EDGE('',*,*,#6811,.F.);
#6811 = EDGE_CURVE('',#5696,#5805,#6812,.T.);
#6812 = LINE('',#6813,#6814);
#6813 = CARTESIAN_POINT('',(1.02432885403,-0.7,0.206587955583));
#6814 = VECTOR('',#6815,1.);
#6815 = DIRECTION('',(1.110223024625E-16,-1.,0.));
#6816 = CYLINDRICAL_SURFACE('',#6817,0.25);
#6817 = AXIS2_PLACEMENT_3D('',#6818,#6819,#6820);
#6818 = CARTESIAN_POINT('',(1.270530792283,-0.7,0.25));
#6819 = DIRECTION('',(-1.110223024625E-16,1.,0.));
#6820 = DIRECTION('',(-0.984807753012,-1.093356242223E-16,
    -0.173648177667));
#6821 = ADVANCED_FACE('',(#6822),#6828,.F.);
#6822 = FACE_BOUND('',#6823,.F.);
#6823 = EDGE_LOOP('',(#6824,#6825,#6826,#6827));
#6824 = ORIENTED_EDGE('',*,*,#5786,.T.);
#6825 = ORIENTED_EDGE('',*,*,#5804,.T.);
#6826 = ORIENTED_EDGE('',*,*,#6811,.F.);
#6827 = ORIENTED_EDGE('',*,*,#5695,.F.);
#6828 = PLANE('',#6829);
#6829 = AXIS2_PLACEMENT_3D('',#6830,#6831,#6832);
#6830 = CARTESIAN_POINT('',(0.948480775301,-0.7,0.667364817767));
#6831 = DIRECTION('',(0.986721169868,1.095480561672E-16,0.162423314012)
  );
#6832 = DIRECTION('',(0.162423314012,1.803261029519E-17,-0.986721169868)
  );
#6833 = ADVANCED_FACE('',(#6834),#6837,.F.);
#6834 = FACE_BOUND('',#6835,.T.);
#6835 = EDGE_LOOP('',(#6836));
#6836 = ORIENTED_EDGE('',*,*,#5969,.F.);
#6837 = PLANE('',#6838);
#6838 = AXIS2_PLACEMENT_3D('',#6839,#6840,#6841);
#6839 = CARTESIAN_POINT('',(-0.333648457443,0.983648457443,1.55));
#6840 = DIRECTION('',(0.,0.,-1.));
#6841 = DIRECTION('',(1.110223024625E-16,-1.,0.));
#6842 = ( GEOMETRIC_REPRESENTATION_CONTEXT(3) 
GLOBAL_UNCERTAINTY_ASSIGNED_CONTEXT((#6846)) 
GLOBAL_UNIT_ASSIGNED_CONTEXT((#6843,#6844,#6845)) REPRESENTATION_CONTEXT
('Context #1','3D Context with UNIT and UNCERTAINTY') );
#6843 = ( LENGTH_UNIT() NAMED_UNIT(*) SI_UNIT(.MILLI.,.METRE.) );
#6844 = ( NAMED_UNIT(*) PLANE_ANGLE_UNIT() SI_UNIT($,.RADIAN.) );
#6845 = ( NAMED_UNIT(*) SI_UNIT($,.STERADIAN.) SOLID_ANGLE_UNIT() );
#6846 = UNCERTAINTY_MEASURE_WITH_UNIT(LENGTH_MEASURE(1.E-07),#6843,
  'distance_accuracy_value','confusion accuracy');
#6847 = CONTEXT_DEPENDENT_SHAPE_REPRESENTATION(#6848,#6850);
#6848 = ( REPRESENTATION_RELATIONSHIP('','',#3305,#10) 
REPRESENTATION_RELATIONSHIP_WITH_TRANSFORMATION(#6849) 
SHAPE_REPRESENTATION_RELATIONSHIP() );
#6849 = ITEM_DEFINED_TRANSFORMATION('','',#11,#23);
#6850 = PRODUCT_DEFINITION_SHAPE('Placement','Placement of an item',
  #6851);
#6851 = NEXT_ASSEMBLY_USAGE_OCCURRENCE('3','U2','',#5,#3300,$);
#6852 = PRODUCT_RELATED_PRODUCT_CATEGORY('part',$,(#3302));
#6853 = CONTEXT_DEPENDENT_SHAPE_REPRESENTATION(#6854,#6856);
#6854 = ( REPRESENTATION_RELATIONSHIP('','',#56,#10) 
REPRESENTATION_RELATIONSHIP_WITH_TRANSFORMATION(#6855) 
SHAPE_REPRESENTATION_RELATIONSHIP() );
#6855 = ITEM_DEFINED_TRANSFORMATION('','',#11,#27);
#6856 = PRODUCT_DEFINITION_SHAPE('Placement','Placement of an item',
  #6857);
#6857 = NEXT_ASSEMBLY_USAGE_OCCURRENCE('4','D12','',#5,#51,$);
#6858 = CONTEXT_DEPENDENT_SHAPE_REPRESENTATION(#6859,#6861);
#6859 = ( REPRESENTATION_RELATIONSHIP('','',#56,#10) 
REPRESENTATION_RELATIONSHIP_WITH_TRANSFORMATION(#6860) 
SHAPE_REPRESENTATION_RELATIONSHIP() );
#6860 = ITEM_DEFINED_TRANSFORMATION('','',#11,#31);
#6861 = PRODUCT_DEFINITION_SHAPE('Placement','Placement of an item',
  #6862);
#6862 = NEXT_ASSEMBLY_USAGE_OCCURRENCE('5','D13','',#5,#51,$);
#6863 = CONTEXT_DEPENDENT_SHAPE_REPRESENTATION(#6864,#6866);
#6864 = ( REPRESENTATION_RELATIONSHIP('','',#56,#10) 
REPRESENTATION_RELATIONSHIP_WITH_TRANSFORMATION(#6865) 
SHAPE_REPRESENTATION_RELATIONSHIP() );
#6865 = ITEM_DEFINED_TRANSFORMATION('','',#11,#35);
#6866 = PRODUCT_DEFINITION_SHAPE('Placement','Placement of an item',
  #6867);
#6867 = NEXT_ASSEMBLY_USAGE_OCCURRENCE('6','D22','',#5,#51,$);
#6868 = SHAPE_DEFINITION_REPRESENTATION(#6869,#6875);
#6869 = PRODUCT_DEFINITION_SHAPE('','',#6870);
#6870 = PRODUCT_DEFINITION('design','',#6871,#6874);
#6871 = PRODUCT_DEFINITION_FORMATION('','',#6872);
#6872 = PRODUCT('new''_PCB','new''_PCB','',(#6873));
#6873 = PRODUCT_CONTEXT('',#2,'mechanical');
#6874 = PRODUCT_DEFINITION_CONTEXT('part definition',#2,'design');
#6875 = ADVANCED_BREP_SHAPE_REPRESENTATION('',(#11,#6876),#7804);
#6876 = MANIFOLD_SOLID_BREP('',#6877);
#6877 = CLOSED_SHELL('',(#6878,#6920,#6951,#6982,#7200,#7418,#7435,#7452
    ,#7469,#7486,#7498,#7520,#7537,#7554,#7566,#7588,#7605,#7622,#7634,
    #7651,#7673,#7690,#7707,#7719,#7736,#7758,#7775,#7792));
#6878 = ADVANCED_FACE('',(#6879),#6915,.T.);
#6879 = FACE_BOUND('',#6880,.T.);
#6880 = EDGE_LOOP('',(#6881,#6891,#6900,#6908));
#6881 = ORIENTED_EDGE('',*,*,#6882,.T.);
#6882 = EDGE_CURVE('',#6883,#6885,#6887,.T.);
#6883 = VERTEX_POINT('',#6884);
#6884 = CARTESIAN_POINT('',(74.,-32.6,0.));
#6885 = VERTEX_POINT('',#6886);
#6886 = CARTESIAN_POINT('',(74.,-32.6,1.51));
#6887 = LINE('',#6888,#6889);
#6888 = CARTESIAN_POINT('',(74.,-32.6,0.));
#6889 = VECTOR('',#6890,1.);
#6890 = DIRECTION('',(0.,0.,1.));
#6891 = ORIENTED_EDGE('',*,*,#6892,.T.);
#6892 = EDGE_CURVE('',#6885,#6893,#6895,.T.);
#6893 = VERTEX_POINT('',#6894);
#6894 = CARTESIAN_POINT('',(76.,-34.6,1.51));
#6895 = CIRCLE('',#6896,1.99999850585);
#6896 = AXIS2_PLACEMENT_3D('',#6897,#6898,#6899);
#6897 = CARTESIAN_POINT('',(74.00000149415,-34.59999850585,1.51));
#6898 = DIRECTION('',(0.,0.,-1.));
#6899 = DIRECTION('',(-7.470757491648E-07,1.,0.));
#6900 = ORIENTED_EDGE('',*,*,#6901,.F.);
#6901 = EDGE_CURVE('',#6902,#6893,#6904,.T.);
#6902 = VERTEX_POINT('',#6903);
#6903 = CARTESIAN_POINT('',(76.,-34.6,0.));
#6904 = LINE('',#6905,#6906);
#6905 = CARTESIAN_POINT('',(76.,-34.6,0.));
#6906 = VECTOR('',#6907,1.);
#6907 = DIRECTION('',(0.,0.,1.));
#6908 = ORIENTED_EDGE('',*,*,#6909,.F.);
#6909 = EDGE_CURVE('',#6883,#6902,#6910,.T.);
#6910 = CIRCLE('',#6911,1.99999850585);
#6911 = AXIS2_PLACEMENT_3D('',#6912,#6913,#6914);
#6912 = CARTESIAN_POINT('',(74.00000149415,-34.59999850585,0.));
#6913 = DIRECTION('',(0.,0.,-1.));
#6914 = DIRECTION('',(-7.470757491648E-07,1.,0.));
#6915 = CYLINDRICAL_SURFACE('',#6916,1.99999850585);
#6916 = AXIS2_PLACEMENT_3D('',#6917,#6918,#6919);
#6917 = CARTESIAN_POINT('',(74.00000149415,-34.59999850585,0.));
#6918 = DIRECTION('',(0.,0.,-1.));
#6919 = DIRECTION('',(-7.470757491648E-07,1.,0.));
#6920 = ADVANCED_FACE('',(#6921),#6946,.T.);
#6921 = FACE_BOUND('',#6922,.T.);
#6922 = EDGE_LOOP('',(#6923,#6933,#6939,#6940));
#6923 = ORIENTED_EDGE('',*,*,#6924,.T.);
#6924 = EDGE_CURVE('',#6925,#6927,#6929,.T.);
#6925 = VERTEX_POINT('',#6926);
#6926 = CARTESIAN_POINT('',(43.,-32.6,0.));
#6927 = VERTEX_POINT('',#6928);
#6928 = CARTESIAN_POINT('',(43.,-32.6,1.51));
#6929 = LINE('',#6930,#6931);
#6930 = CARTESIAN_POINT('',(43.,-32.6,0.));
#6931 = VECTOR('',#6932,1.);
#6932 = DIRECTION('',(0.,0.,1.));
#6933 = ORIENTED_EDGE('',*,*,#6934,.T.);
#6934 = EDGE_CURVE('',#6927,#6885,#6935,.T.);
#6935 = LINE('',#6936,#6937);
#6936 = CARTESIAN_POINT('',(43.,-32.6,1.51));
#6937 = VECTOR('',#6938,1.);
#6938 = DIRECTION('',(1.,0.,0.));
#6939 = ORIENTED_EDGE('',*,*,#6882,.F.);
#6940 = ORIENTED_EDGE('',*,*,#6941,.F.);
#6941 = EDGE_CURVE('',#6925,#6883,#6942,.T.);
#6942 = LINE('',#6943,#6944);
#6943 = CARTESIAN_POINT('',(43.,-32.6,0.));
#6944 = VECTOR('',#6945,1.);
#6945 = DIRECTION('',(1.,0.,0.));
#6946 = PLANE('',#6947);
#6947 = AXIS2_PLACEMENT_3D('',#6948,#6949,#6950);
#6948 = CARTESIAN_POINT('',(43.,-32.6,0.));
#6949 = DIRECTION('',(0.,1.,0.));
#6950 = DIRECTION('',(1.,0.,0.));
#6951 = ADVANCED_FACE('',(#6952),#6977,.T.);
#6952 = FACE_BOUND('',#6953,.T.);
#6953 = EDGE_LOOP('',(#6954,#6955,#6963,#6971));
#6954 = ORIENTED_EDGE('',*,*,#6901,.T.);
#6955 = ORIENTED_EDGE('',*,*,#6956,.T.);
#6956 = EDGE_CURVE('',#6893,#6957,#6959,.T.);
#6957 = VERTEX_POINT('',#6958);
#6958 = CARTESIAN_POINT('',(76.,-55.6,1.51));
#6959 = LINE('',#6960,#6961);
#6960 = CARTESIAN_POINT('',(76.,-34.6,1.51));
#6961 = VECTOR('',#6962,1.);
#6962 = DIRECTION('',(0.,-1.,0.));
#6963 = ORIENTED_EDGE('',*,*,#6964,.F.);
#6964 = EDGE_CURVE('',#6965,#6957,#6967,.T.);
#6965 = VERTEX_POINT('',#6966);
#6966 = CARTESIAN_POINT('',(76.,-55.6,0.));
#6967 = LINE('',#6968,#6969);
#6968 = CARTESIAN_POINT('',(76.,-55.6,0.));
#6969 = VECTOR('',#6970,1.);
#6970 = DIRECTION('',(0.,0.,1.));
#6971 = ORIENTED_EDGE('',*,*,#6972,.F.);
#6972 = EDGE_CURVE('',#6902,#6965,#6973,.T.);
#6973 = LINE('',#6974,#6975);
#6974 = CARTESIAN_POINT('',(76.,-34.6,0.));
#6975 = VECTOR('',#6976,1.);
#6976 = DIRECTION('',(0.,-1.,0.));
#6977 = PLANE('',#6978);
#6978 = AXIS2_PLACEMENT_3D('',#6979,#6980,#6981);
#6979 = CARTESIAN_POINT('',(76.,-34.6,0.));
#6980 = DIRECTION('',(1.,0.,-0.));
#6981 = DIRECTION('',(0.,-1.,0.));
#6982 = ADVANCED_FACE('',(#6983,#7029,#7065,#7101,#7112,#7148,#7159),
  #7195,.F.);
#6983 = FACE_BOUND('',#6984,.F.);
#6984 = EDGE_LOOP('',(#6985,#6986,#6987,#6996,#7004,#7013,#7021,#7028));
#6985 = ORIENTED_EDGE('',*,*,#6909,.F.);
#6986 = ORIENTED_EDGE('',*,*,#6941,.F.);
#6987 = ORIENTED_EDGE('',*,*,#6988,.F.);
#6988 = EDGE_CURVE('',#6989,#6925,#6991,.T.);
#6989 = VERTEX_POINT('',#6990);
#6990 = CARTESIAN_POINT('',(41.,-34.6,0.));
#6991 = CIRCLE('',#6992,1.99999850585);
#6992 = AXIS2_PLACEMENT_3D('',#6993,#6994,#6995);
#6993 = CARTESIAN_POINT('',(42.99999850585,-34.59999850585,0.));
#6994 = DIRECTION('',(0.,0.,-1.));
#6995 = DIRECTION('',(-1.,-7.470757456121E-07,-0.));
#6996 = ORIENTED_EDGE('',*,*,#6997,.F.);
#6997 = EDGE_CURVE('',#6998,#6989,#7000,.T.);
#6998 = VERTEX_POINT('',#6999);
#6999 = CARTESIAN_POINT('',(41.,-55.6,0.));
#7000 = LINE('',#7001,#7002);
#7001 = CARTESIAN_POINT('',(41.,-55.6,0.));
#7002 = VECTOR('',#7003,1.);
#7003 = DIRECTION('',(0.,1.,0.));
#7004 = ORIENTED_EDGE('',*,*,#7005,.F.);
#7005 = EDGE_CURVE('',#7006,#6998,#7008,.T.);
#7006 = VERTEX_POINT('',#7007);
#7007 = CARTESIAN_POINT('',(43.,-57.6,0.));
#7008 = CIRCLE('',#7009,1.99999850585);
#7009 = AXIS2_PLACEMENT_3D('',#7010,#7011,#7012);
#7010 = CARTESIAN_POINT('',(42.99999850585,-55.60000149415,0.));
#7011 = DIRECTION('',(0.,0.,-1.));
#7012 = DIRECTION('',(7.470757420593E-07,-1.,0.));
#7013 = ORIENTED_EDGE('',*,*,#7014,.F.);
#7014 = EDGE_CURVE('',#7015,#7006,#7017,.T.);
#7015 = VERTEX_POINT('',#7016);
#7016 = CARTESIAN_POINT('',(74.,-57.6,0.));
#7017 = LINE('',#7018,#7019);
#7018 = CARTESIAN_POINT('',(74.,-57.6,0.));
#7019 = VECTOR('',#7020,1.);
#7020 = DIRECTION('',(-1.,0.,0.));
#7021 = ORIENTED_EDGE('',*,*,#7022,.F.);
#7022 = EDGE_CURVE('',#6965,#7015,#7023,.T.);
#7023 = CIRCLE('',#7024,1.99999850585);
#7024 = AXIS2_PLACEMENT_3D('',#7025,#7026,#7027);
#7025 = CARTESIAN_POINT('',(74.00000149415,-55.60000149415,0.));
#7026 = DIRECTION('',(0.,0.,-1.));
#7027 = DIRECTION('',(1.,7.470757456121E-07,0.));
#7028 = ORIENTED_EDGE('',*,*,#6972,.F.);
#7029 = FACE_BOUND('',#7030,.F.);
#7030 = EDGE_LOOP('',(#7031,#7042,#7050,#7059));
#7031 = ORIENTED_EDGE('',*,*,#7032,.T.);
#7032 = EDGE_CURVE('',#7033,#7035,#7037,.T.);
#7033 = VERTEX_POINT('',#7034);
#7034 = CARTESIAN_POINT('',(42.7,-55.94,0.));
#7035 = VERTEX_POINT('',#7036);
#7036 = CARTESIAN_POINT('',(42.7,-55.34,0.));
#7037 = CIRCLE('',#7038,0.3);
#7038 = AXIS2_PLACEMENT_3D('',#7039,#7040,#7041);
#7039 = CARTESIAN_POINT('',(42.7,-55.64,0.));
#7040 = DIRECTION('',(0.,-0.,-1.));
#7041 = DIRECTION('',(4.736951571734E-14,1.,-0.));
#7042 = ORIENTED_EDGE('',*,*,#7043,.T.);
#7043 = EDGE_CURVE('',#7035,#7044,#7046,.T.);
#7044 = VERTEX_POINT('',#7045);
#7045 = CARTESIAN_POINT('',(43.3,-55.34,0.));
#7046 = LINE('',#7047,#7048);
#7047 = CARTESIAN_POINT('',(21.65,-55.34,0.));
#7048 = VECTOR('',#7049,1.);
#7049 = DIRECTION('',(1.,0.,-0.));
#7050 = ORIENTED_EDGE('',*,*,#7051,.T.);
#7051 = EDGE_CURVE('',#7044,#7052,#7054,.T.);
#7052 = VERTEX_POINT('',#7053);
#7053 = CARTESIAN_POINT('',(43.3,-55.94,0.));
#7054 = CIRCLE('',#7055,0.3);
#7055 = AXIS2_PLACEMENT_3D('',#7056,#7057,#7058);
#7056 = CARTESIAN_POINT('',(43.3,-55.64,0.));
#7057 = DIRECTION('',(-0.,0.,-1.));
#7058 = DIRECTION('',(-4.736951571734E-14,-1.,0.));
#7059 = ORIENTED_EDGE('',*,*,#7060,.T.);
#7060 = EDGE_CURVE('',#7052,#7033,#7061,.T.);
#7061 = LINE('',#7062,#7063);
#7062 = CARTESIAN_POINT('',(21.35,-55.94,0.));
#7063 = VECTOR('',#7064,1.);
#7064 = DIRECTION('',(-1.,0.,0.));
#7065 = FACE_BOUND('',#7066,.F.);
#7066 = EDGE_LOOP('',(#7067,#7078,#7086,#7095));
#7067 = ORIENTED_EDGE('',*,*,#7068,.T.);
#7068 = EDGE_CURVE('',#7069,#7071,#7073,.T.);
#7069 = VERTEX_POINT('',#7070);
#7070 = CARTESIAN_POINT('',(46.63,-55.94,0.));
#7071 = VERTEX_POINT('',#7072);
#7072 = CARTESIAN_POINT('',(46.63,-55.34,0.));
#7073 = CIRCLE('',#7074,0.3);
#7074 = AXIS2_PLACEMENT_3D('',#7075,#7076,#7077);
#7075 = CARTESIAN_POINT('',(46.63,-55.64,0.));
#7076 = DIRECTION('',(0.,-0.,-1.));
#7077 = DIRECTION('',(2.368475785867E-14,1.,-0.));
#7078 = ORIENTED_EDGE('',*,*,#7079,.T.);
#7079 = EDGE_CURVE('',#7071,#7080,#7082,.T.);
#7080 = VERTEX_POINT('',#7081);
#7081 = CARTESIAN_POINT('',(47.73,-55.34,0.));
#7082 = LINE('',#7083,#7084);
#7083 = CARTESIAN_POINT('',(23.865,-55.34,0.));
#7084 = VECTOR('',#7085,1.);
#7085 = DIRECTION('',(1.,0.,-0.));
#7086 = ORIENTED_EDGE('',*,*,#7087,.T.);
#7087 = EDGE_CURVE('',#7080,#7088,#7090,.T.);
#7088 = VERTEX_POINT('',#7089);
#7089 = CARTESIAN_POINT('',(47.73,-55.94,0.));
#7090 = CIRCLE('',#7091,0.3);
#7091 = AXIS2_PLACEMENT_3D('',#7092,#7093,#7094);
#7092 = CARTESIAN_POINT('',(47.73,-55.64,0.));
#7093 = DIRECTION('',(-0.,0.,-1.));
#7094 = DIRECTION('',(-2.368475785867E-14,-1.,0.));
#7095 = ORIENTED_EDGE('',*,*,#7096,.T.);
#7096 = EDGE_CURVE('',#7088,#7069,#7097,.T.);
#7097 = LINE('',#7098,#7099);
#7098 = CARTESIAN_POINT('',(23.315,-55.94,0.));
#7099 = VECTOR('',#7100,1.);
#7100 = DIRECTION('',(-1.,0.,0.));
#7101 = FACE_BOUND('',#7102,.F.);
#7102 = EDGE_LOOP('',(#7103));
#7103 = ORIENTED_EDGE('',*,*,#7104,.T.);
#7104 = EDGE_CURVE('',#7105,#7105,#7107,.T.);
#7105 = VERTEX_POINT('',#7106);
#7106 = CARTESIAN_POINT('',(46.68,-54.535,0.));
#7107 = CIRCLE('',#7108,0.325);
#7108 = AXIS2_PLACEMENT_3D('',#7109,#7110,#7111);
#7109 = CARTESIAN_POINT('',(46.68,-54.21,0.));
#7110 = DIRECTION('',(-0.,0.,-1.));
#7111 = DIRECTION('',(-0.,-1.,0.));
#7112 = FACE_BOUND('',#7113,.F.);
#7113 = EDGE_LOOP('',(#7114,#7125,#7133,#7142));
#7114 = ORIENTED_EDGE('',*,*,#7115,.T.);
#7115 = EDGE_CURVE('',#7116,#7118,#7120,.T.);
#7116 = VERTEX_POINT('',#7117);
#7117 = CARTESIAN_POINT('',(42.7,-47.3,0.));
#7118 = VERTEX_POINT('',#7119);
#7119 = CARTESIAN_POINT('',(42.7,-46.7,0.));
#7120 = CIRCLE('',#7121,0.3);
#7121 = AXIS2_PLACEMENT_3D('',#7122,#7123,#7124);
#7122 = CARTESIAN_POINT('',(42.7,-47.,0.));
#7123 = DIRECTION('',(0.,-0.,-1.));
#7124 = DIRECTION('',(4.736951571734E-14,1.,-0.));
#7125 = ORIENTED_EDGE('',*,*,#7126,.T.);
#7126 = EDGE_CURVE('',#7118,#7127,#7129,.T.);
#7127 = VERTEX_POINT('',#7128);
#7128 = CARTESIAN_POINT('',(43.3,-46.7,0.));
#7129 = LINE('',#7130,#7131);
#7130 = CARTESIAN_POINT('',(21.65,-46.7,0.));
#7131 = VECTOR('',#7132,1.);
#7132 = DIRECTION('',(1.,0.,-0.));
#7133 = ORIENTED_EDGE('',*,*,#7134,.T.);
#7134 = EDGE_CURVE('',#7127,#7135,#7137,.T.);
#7135 = VERTEX_POINT('',#7136);
#7136 = CARTESIAN_POINT('',(43.3,-47.3,0.));
#7137 = CIRCLE('',#7138,0.3);
#7138 = AXIS2_PLACEMENT_3D('',#7139,#7140,#7141);
#7139 = CARTESIAN_POINT('',(43.3,-47.,0.));
#7140 = DIRECTION('',(-0.,0.,-1.));
#7141 = DIRECTION('',(-4.736951571734E-14,-1.,0.));
#7142 = ORIENTED_EDGE('',*,*,#7143,.T.);
#7143 = EDGE_CURVE('',#7135,#7116,#7144,.T.);
#7144 = LINE('',#7145,#7146);
#7145 = CARTESIAN_POINT('',(21.35,-47.3,0.));
#7146 = VECTOR('',#7147,1.);
#7147 = DIRECTION('',(-1.,0.,0.));
#7148 = FACE_BOUND('',#7149,.F.);
#7149 = EDGE_LOOP('',(#7150));
#7150 = ORIENTED_EDGE('',*,*,#7151,.T.);
#7151 = EDGE_CURVE('',#7152,#7152,#7154,.T.);
#7152 = VERTEX_POINT('',#7153);
#7153 = CARTESIAN_POINT('',(46.68,-48.755,0.));
#7154 = CIRCLE('',#7155,0.325);
#7155 = AXIS2_PLACEMENT_3D('',#7156,#7157,#7158);
#7156 = CARTESIAN_POINT('',(46.68,-48.43,0.));
#7157 = DIRECTION('',(-0.,0.,-1.));
#7158 = DIRECTION('',(-0.,-1.,0.));
#7159 = FACE_BOUND('',#7160,.F.);
#7160 = EDGE_LOOP('',(#7161,#7172,#7180,#7189));
#7161 = ORIENTED_EDGE('',*,*,#7162,.T.);
#7162 = EDGE_CURVE('',#7163,#7165,#7167,.T.);
#7163 = VERTEX_POINT('',#7164);
#7164 = CARTESIAN_POINT('',(46.63,-47.3,0.));
#7165 = VERTEX_POINT('',#7166);
#7166 = CARTESIAN_POINT('',(46.63,-46.7,0.));
#7167 = CIRCLE('',#7168,0.3);
#7168 = AXIS2_PLACEMENT_3D('',#7169,#7170,#7171);
#7169 = CARTESIAN_POINT('',(46.63,-47.,0.));
#7170 = DIRECTION('',(0.,-0.,-1.));
#7171 = DIRECTION('',(2.368475785867E-14,1.,-0.));
#7172 = ORIENTED_EDGE('',*,*,#7173,.T.);
#7173 = EDGE_CURVE('',#7165,#7174,#7176,.T.);
#7174 = VERTEX_POINT('',#7175);
#7175 = CARTESIAN_POINT('',(47.73,-46.7,0.));
#7176 = LINE('',#7177,#7178);
#7177 = CARTESIAN_POINT('',(23.865,-46.7,0.));
#7178 = VECTOR('',#7179,1.);
#7179 = DIRECTION('',(1.,0.,-0.));
#7180 = ORIENTED_EDGE('',*,*,#7181,.T.);
#7181 = EDGE_CURVE('',#7174,#7182,#7184,.T.);
#7182 = VERTEX_POINT('',#7183);
#7183 = CARTESIAN_POINT('',(47.73,-47.3,0.));
#7184 = CIRCLE('',#7185,0.3);
#7185 = AXIS2_PLACEMENT_3D('',#7186,#7187,#7188);
#7186 = CARTESIAN_POINT('',(47.73,-47.,0.));
#7187 = DIRECTION('',(-0.,0.,-1.));
#7188 = DIRECTION('',(-2.368475785867E-14,-1.,0.));
#7189 = ORIENTED_EDGE('',*,*,#7190,.T.);
#7190 = EDGE_CURVE('',#7182,#7163,#7191,.T.);
#7191 = LINE('',#7192,#7193);
#7192 = CARTESIAN_POINT('',(23.315,-47.3,0.));
#7193 = VECTOR('',#7194,1.);
#7194 = DIRECTION('',(-1.,0.,0.));
#7195 = PLANE('',#7196);
#7196 = AXIS2_PLACEMENT_3D('',#7197,#7198,#7199);
#7197 = CARTESIAN_POINT('',(0.,0.,0.));
#7198 = DIRECTION('',(0.,0.,1.));
#7199 = DIRECTION('',(1.,0.,-0.));
#7200 = ADVANCED_FACE('',(#7201,#7247,#7283,#7319,#7330,#7366,#7377),
  #7413,.T.);
#7201 = FACE_BOUND('',#7202,.T.);
#7202 = EDGE_LOOP('',(#7203,#7204,#7205,#7214,#7222,#7231,#7239,#7246));
#7203 = ORIENTED_EDGE('',*,*,#6892,.F.);
#7204 = ORIENTED_EDGE('',*,*,#6934,.F.);
#7205 = ORIENTED_EDGE('',*,*,#7206,.F.);
#7206 = EDGE_CURVE('',#7207,#6927,#7209,.T.);
#7207 = VERTEX_POINT('',#7208);
#7208 = CARTESIAN_POINT('',(41.,-34.6,1.51));
#7209 = CIRCLE('',#7210,1.99999850585);
#7210 = AXIS2_PLACEMENT_3D('',#7211,#7212,#7213);
#7211 = CARTESIAN_POINT('',(42.99999850585,-34.59999850585,1.51));
#7212 = DIRECTION('',(0.,0.,-1.));
#7213 = DIRECTION('',(-1.,-7.470757456121E-07,-0.));
#7214 = ORIENTED_EDGE('',*,*,#7215,.F.);
#7215 = EDGE_CURVE('',#7216,#7207,#7218,.T.);
#7216 = VERTEX_POINT('',#7217);
#7217 = CARTESIAN_POINT('',(41.,-55.6,1.51));
#7218 = LINE('',#7219,#7220);
#7219 = CARTESIAN_POINT('',(41.,-55.6,1.51));
#7220 = VECTOR('',#7221,1.);
#7221 = DIRECTION('',(0.,1.,0.));
#7222 = ORIENTED_EDGE('',*,*,#7223,.F.);
#7223 = EDGE_CURVE('',#7224,#7216,#7226,.T.);
#7224 = VERTEX_POINT('',#7225);
#7225 = CARTESIAN_POINT('',(43.,-57.6,1.51));
#7226 = CIRCLE('',#7227,1.99999850585);
#7227 = AXIS2_PLACEMENT_3D('',#7228,#7229,#7230);
#7228 = CARTESIAN_POINT('',(42.99999850585,-55.60000149415,1.51));
#7229 = DIRECTION('',(0.,0.,-1.));
#7230 = DIRECTION('',(7.470757420593E-07,-1.,0.));
#7231 = ORIENTED_EDGE('',*,*,#7232,.F.);
#7232 = EDGE_CURVE('',#7233,#7224,#7235,.T.);
#7233 = VERTEX_POINT('',#7234);
#7234 = CARTESIAN_POINT('',(74.,-57.6,1.51));
#7235 = LINE('',#7236,#7237);
#7236 = CARTESIAN_POINT('',(74.,-57.6,1.51));
#7237 = VECTOR('',#7238,1.);
#7238 = DIRECTION('',(-1.,0.,0.));
#7239 = ORIENTED_EDGE('',*,*,#7240,.F.);
#7240 = EDGE_CURVE('',#6957,#7233,#7241,.T.);
#7241 = CIRCLE('',#7242,1.99999850585);
#7242 = AXIS2_PLACEMENT_3D('',#7243,#7244,#7245);
#7243 = CARTESIAN_POINT('',(74.00000149415,-55.60000149415,1.51));
#7244 = DIRECTION('',(0.,0.,-1.));
#7245 = DIRECTION('',(1.,7.470757456121E-07,0.));
#7246 = ORIENTED_EDGE('',*,*,#6956,.F.);
#7247 = FACE_BOUND('',#7248,.T.);
#7248 = EDGE_LOOP('',(#7249,#7260,#7268,#7277));
#7249 = ORIENTED_EDGE('',*,*,#7250,.T.);
#7250 = EDGE_CURVE('',#7251,#7253,#7255,.T.);
#7251 = VERTEX_POINT('',#7252);
#7252 = CARTESIAN_POINT('',(42.7,-55.94,1.51));
#7253 = VERTEX_POINT('',#7254);
#7254 = CARTESIAN_POINT('',(42.7,-55.34,1.51));
#7255 = CIRCLE('',#7256,0.3);
#7256 = AXIS2_PLACEMENT_3D('',#7257,#7258,#7259);
#7257 = CARTESIAN_POINT('',(42.7,-55.64,1.51));
#7258 = DIRECTION('',(0.,-0.,-1.));
#7259 = DIRECTION('',(4.736951571734E-14,1.,-0.));
#7260 = ORIENTED_EDGE('',*,*,#7261,.T.);
#7261 = EDGE_CURVE('',#7253,#7262,#7264,.T.);
#7262 = VERTEX_POINT('',#7263);
#7263 = CARTESIAN_POINT('',(43.3,-55.34,1.51));
#7264 = LINE('',#7265,#7266);
#7265 = CARTESIAN_POINT('',(21.65,-55.34,1.51));
#7266 = VECTOR('',#7267,1.);
#7267 = DIRECTION('',(1.,0.,-0.));
#7268 = ORIENTED_EDGE('',*,*,#7269,.T.);
#7269 = EDGE_CURVE('',#7262,#7270,#7272,.T.);
#7270 = VERTEX_POINT('',#7271);
#7271 = CARTESIAN_POINT('',(43.3,-55.94,1.51));
#7272 = CIRCLE('',#7273,0.3);
#7273 = AXIS2_PLACEMENT_3D('',#7274,#7275,#7276);
#7274 = CARTESIAN_POINT('',(43.3,-55.64,1.51));
#7275 = DIRECTION('',(-0.,0.,-1.));
#7276 = DIRECTION('',(-4.736951571734E-14,-1.,0.));
#7277 = ORIENTED_EDGE('',*,*,#7278,.T.);
#7278 = EDGE_CURVE('',#7270,#7251,#7279,.T.);
#7279 = LINE('',#7280,#7281);
#7280 = CARTESIAN_POINT('',(21.35,-55.94,1.51));
#7281 = VECTOR('',#7282,1.);
#7282 = DIRECTION('',(-1.,0.,0.));
#7283 = FACE_BOUND('',#7284,.T.);
#7284 = EDGE_LOOP('',(#7285,#7296,#7304,#7313));
#7285 = ORIENTED_EDGE('',*,*,#7286,.T.);
#7286 = EDGE_CURVE('',#7287,#7289,#7291,.T.);
#7287 = VERTEX_POINT('',#7288);
#7288 = CARTESIAN_POINT('',(46.63,-55.94,1.51));
#7289 = VERTEX_POINT('',#7290);
#7290 = CARTESIAN_POINT('',(46.63,-55.34,1.51));
#7291 = CIRCLE('',#7292,0.3);
#7292 = AXIS2_PLACEMENT_3D('',#7293,#7294,#7295);
#7293 = CARTESIAN_POINT('',(46.63,-55.64,1.51));
#7294 = DIRECTION('',(0.,-0.,-1.));
#7295 = DIRECTION('',(2.368475785867E-14,1.,-0.));
#7296 = ORIENTED_EDGE('',*,*,#7297,.T.);
#7297 = EDGE_CURVE('',#7289,#7298,#7300,.T.);
#7298 = VERTEX_POINT('',#7299);
#7299 = CARTESIAN_POINT('',(47.73,-55.34,1.51));
#7300 = LINE('',#7301,#7302);
#7301 = CARTESIAN_POINT('',(23.865,-55.34,1.51));
#7302 = VECTOR('',#7303,1.);
#7303 = DIRECTION('',(1.,0.,-0.));
#7304 = ORIENTED_EDGE('',*,*,#7305,.T.);
#7305 = EDGE_CURVE('',#7298,#7306,#7308,.T.);
#7306 = VERTEX_POINT('',#7307);
#7307 = CARTESIAN_POINT('',(47.73,-55.94,1.51));
#7308 = CIRCLE('',#7309,0.3);
#7309 = AXIS2_PLACEMENT_3D('',#7310,#7311,#7312);
#7310 = CARTESIAN_POINT('',(47.73,-55.64,1.51));
#7311 = DIRECTION('',(-0.,0.,-1.));
#7312 = DIRECTION('',(-2.368475785867E-14,-1.,0.));
#7313 = ORIENTED_EDGE('',*,*,#7314,.T.);
#7314 = EDGE_CURVE('',#7306,#7287,#7315,.T.);
#7315 = LINE('',#7316,#7317);
#7316 = CARTESIAN_POINT('',(23.315,-55.94,1.51));
#7317 = VECTOR('',#7318,1.);
#7318 = DIRECTION('',(-1.,0.,0.));
#7319 = FACE_BOUND('',#7320,.T.);
#7320 = EDGE_LOOP('',(#7321));
#7321 = ORIENTED_EDGE('',*,*,#7322,.T.);
#7322 = EDGE_CURVE('',#7323,#7323,#7325,.T.);
#7323 = VERTEX_POINT('',#7324);
#7324 = CARTESIAN_POINT('',(46.68,-54.535,1.51));
#7325 = CIRCLE('',#7326,0.325);
#7326 = AXIS2_PLACEMENT_3D('',#7327,#7328,#7329);
#7327 = CARTESIAN_POINT('',(46.68,-54.21,1.51));
#7328 = DIRECTION('',(-0.,0.,-1.));
#7329 = DIRECTION('',(-0.,-1.,0.));
#7330 = FACE_BOUND('',#7331,.T.);
#7331 = EDGE_LOOP('',(#7332,#7343,#7351,#7360));
#7332 = ORIENTED_EDGE('',*,*,#7333,.T.);
#7333 = EDGE_CURVE('',#7334,#7336,#7338,.T.);
#7334 = VERTEX_POINT('',#7335);
#7335 = CARTESIAN_POINT('',(42.7,-47.3,1.51));
#7336 = VERTEX_POINT('',#7337);
#7337 = CARTESIAN_POINT('',(42.7,-46.7,1.51));
#7338 = CIRCLE('',#7339,0.3);
#7339 = AXIS2_PLACEMENT_3D('',#7340,#7341,#7342);
#7340 = CARTESIAN_POINT('',(42.7,-47.,1.51));
#7341 = DIRECTION('',(0.,-0.,-1.));
#7342 = DIRECTION('',(4.736951571734E-14,1.,-0.));
#7343 = ORIENTED_EDGE('',*,*,#7344,.T.);
#7344 = EDGE_CURVE('',#7336,#7345,#7347,.T.);
#7345 = VERTEX_POINT('',#7346);
#7346 = CARTESIAN_POINT('',(43.3,-46.7,1.51));
#7347 = LINE('',#7348,#7349);
#7348 = CARTESIAN_POINT('',(21.65,-46.7,1.51));
#7349 = VECTOR('',#7350,1.);
#7350 = DIRECTION('',(1.,0.,-0.));
#7351 = ORIENTED_EDGE('',*,*,#7352,.T.);
#7352 = EDGE_CURVE('',#7345,#7353,#7355,.T.);
#7353 = VERTEX_POINT('',#7354);
#7354 = CARTESIAN_POINT('',(43.3,-47.3,1.51));
#7355 = CIRCLE('',#7356,0.3);
#7356 = AXIS2_PLACEMENT_3D('',#7357,#7358,#7359);
#7357 = CARTESIAN_POINT('',(43.3,-47.,1.51));
#7358 = DIRECTION('',(-0.,0.,-1.));
#7359 = DIRECTION('',(-4.736951571734E-14,-1.,0.));
#7360 = ORIENTED_EDGE('',*,*,#7361,.T.);
#7361 = EDGE_CURVE('',#7353,#7334,#7362,.T.);
#7362 = LINE('',#7363,#7364);
#7363 = CARTESIAN_POINT('',(21.35,-47.3,1.51));
#7364 = VECTOR('',#7365,1.);
#7365 = DIRECTION('',(-1.,0.,0.));
#7366 = FACE_BOUND('',#7367,.T.);
#7367 = EDGE_LOOP('',(#7368));
#7368 = ORIENTED_EDGE('',*,*,#7369,.T.);
#7369 = EDGE_CURVE('',#7370,#7370,#7372,.T.);
#7370 = VERTEX_POINT('',#7371);
#7371 = CARTESIAN_POINT('',(46.68,-48.755,1.51));
#7372 = CIRCLE('',#7373,0.325);
#7373 = AXIS2_PLACEMENT_3D('',#7374,#7375,#7376);
#7374 = CARTESIAN_POINT('',(46.68,-48.43,1.51));
#7375 = DIRECTION('',(-0.,0.,-1.));
#7376 = DIRECTION('',(-0.,-1.,0.));
#7377 = FACE_BOUND('',#7378,.T.);
#7378 = EDGE_LOOP('',(#7379,#7390,#7398,#7407));
#7379 = ORIENTED_EDGE('',*,*,#7380,.T.);
#7380 = EDGE_CURVE('',#7381,#7383,#7385,.T.);
#7381 = VERTEX_POINT('',#7382);
#7382 = CARTESIAN_POINT('',(46.63,-47.3,1.51));
#7383 = VERTEX_POINT('',#7384);
#7384 = CARTESIAN_POINT('',(46.63,-46.7,1.51));
#7385 = CIRCLE('',#7386,0.3);
#7386 = AXIS2_PLACEMENT_3D('',#7387,#7388,#7389);
#7387 = CARTESIAN_POINT('',(46.63,-47.,1.51));
#7388 = DIRECTION('',(0.,-0.,-1.));
#7389 = DIRECTION('',(2.368475785867E-14,1.,-0.));
#7390 = ORIENTED_EDGE('',*,*,#7391,.T.);
#7391 = EDGE_CURVE('',#7383,#7392,#7394,.T.);
#7392 = VERTEX_POINT('',#7393);
#7393 = CARTESIAN_POINT('',(47.73,-46.7,1.51));
#7394 = LINE('',#7395,#7396);
#7395 = CARTESIAN_POINT('',(23.865,-46.7,1.51));
#7396 = VECTOR('',#7397,1.);
#7397 = DIRECTION('',(1.,0.,-0.));
#7398 = ORIENTED_EDGE('',*,*,#7399,.T.);
#7399 = EDGE_CURVE('',#7392,#7400,#7402,.T.);
#7400 = VERTEX_POINT('',#7401);
#7401 = CARTESIAN_POINT('',(47.73,-47.3,1.51));
#7402 = CIRCLE('',#7403,0.3);
#7403 = AXIS2_PLACEMENT_3D('',#7404,#7405,#7406);
#7404 = CARTESIAN_POINT('',(47.73,-47.,1.51));
#7405 = DIRECTION('',(-0.,0.,-1.));
#7406 = DIRECTION('',(-2.368475785867E-14,-1.,0.));
#7407 = ORIENTED_EDGE('',*,*,#7408,.T.);
#7408 = EDGE_CURVE('',#7400,#7381,#7409,.T.);
#7409 = LINE('',#7410,#7411);
#7410 = CARTESIAN_POINT('',(23.315,-47.3,1.51));
#7411 = VECTOR('',#7412,1.);
#7412 = DIRECTION('',(-1.,0.,0.));
#7413 = PLANE('',#7414);
#7414 = AXIS2_PLACEMENT_3D('',#7415,#7416,#7417);
#7415 = CARTESIAN_POINT('',(0.,0.,1.51));
#7416 = DIRECTION('',(0.,0.,1.));
#7417 = DIRECTION('',(1.,0.,-0.));
#7418 = ADVANCED_FACE('',(#7419),#7430,.T.);
#7419 = FACE_BOUND('',#7420,.T.);
#7420 = EDGE_LOOP('',(#7421,#7427,#7428,#7429));
#7421 = ORIENTED_EDGE('',*,*,#7422,.T.);
#7422 = EDGE_CURVE('',#6989,#7207,#7423,.T.);
#7423 = LINE('',#7424,#7425);
#7424 = CARTESIAN_POINT('',(41.,-34.6,0.));
#7425 = VECTOR('',#7426,1.);
#7426 = DIRECTION('',(0.,0.,1.));
#7427 = ORIENTED_EDGE('',*,*,#7206,.T.);
#7428 = ORIENTED_EDGE('',*,*,#6924,.F.);
#7429 = ORIENTED_EDGE('',*,*,#6988,.F.);
#7430 = CYLINDRICAL_SURFACE('',#7431,1.99999850585);
#7431 = AXIS2_PLACEMENT_3D('',#7432,#7433,#7434);
#7432 = CARTESIAN_POINT('',(42.99999850585,-34.59999850585,0.));
#7433 = DIRECTION('',(0.,0.,-1.));
#7434 = DIRECTION('',(-1.,-7.470757456121E-07,-0.));
#7435 = ADVANCED_FACE('',(#7436),#7447,.T.);
#7436 = FACE_BOUND('',#7437,.T.);
#7437 = EDGE_LOOP('',(#7438,#7439,#7440,#7446));
#7438 = ORIENTED_EDGE('',*,*,#6964,.T.);
#7439 = ORIENTED_EDGE('',*,*,#7240,.T.);
#7440 = ORIENTED_EDGE('',*,*,#7441,.F.);
#7441 = EDGE_CURVE('',#7015,#7233,#7442,.T.);
#7442 = LINE('',#7443,#7444);
#7443 = CARTESIAN_POINT('',(74.,-57.6,0.));
#7444 = VECTOR('',#7445,1.);
#7445 = DIRECTION('',(0.,0.,1.));
#7446 = ORIENTED_EDGE('',*,*,#7022,.F.);
#7447 = CYLINDRICAL_SURFACE('',#7448,1.99999850585);
#7448 = AXIS2_PLACEMENT_3D('',#7449,#7450,#7451);
#7449 = CARTESIAN_POINT('',(74.00000149415,-55.60000149415,0.));
#7450 = DIRECTION('',(0.,0.,-1.));
#7451 = DIRECTION('',(1.,7.470757456121E-07,0.));
#7452 = ADVANCED_FACE('',(#7453),#7464,.T.);
#7453 = FACE_BOUND('',#7454,.T.);
#7454 = EDGE_LOOP('',(#7455,#7461,#7462,#7463));
#7455 = ORIENTED_EDGE('',*,*,#7456,.T.);
#7456 = EDGE_CURVE('',#6998,#7216,#7457,.T.);
#7457 = LINE('',#7458,#7459);
#7458 = CARTESIAN_POINT('',(41.,-55.6,0.));
#7459 = VECTOR('',#7460,1.);
#7460 = DIRECTION('',(0.,0.,1.));
#7461 = ORIENTED_EDGE('',*,*,#7215,.T.);
#7462 = ORIENTED_EDGE('',*,*,#7422,.F.);
#7463 = ORIENTED_EDGE('',*,*,#6997,.F.);
#7464 = PLANE('',#7465);
#7465 = AXIS2_PLACEMENT_3D('',#7466,#7467,#7468);
#7466 = CARTESIAN_POINT('',(41.,-55.6,0.));
#7467 = DIRECTION('',(-1.,0.,0.));
#7468 = DIRECTION('',(0.,1.,0.));
#7469 = ADVANCED_FACE('',(#7470),#7481,.T.);
#7470 = FACE_BOUND('',#7471,.T.);
#7471 = EDGE_LOOP('',(#7472,#7473,#7474,#7480));
#7472 = ORIENTED_EDGE('',*,*,#7441,.T.);
#7473 = ORIENTED_EDGE('',*,*,#7232,.T.);
#7474 = ORIENTED_EDGE('',*,*,#7475,.F.);
#7475 = EDGE_CURVE('',#7006,#7224,#7476,.T.);
#7476 = LINE('',#7477,#7478);
#7477 = CARTESIAN_POINT('',(43.,-57.6,0.));
#7478 = VECTOR('',#7479,1.);
#7479 = DIRECTION('',(0.,0.,1.));
#7480 = ORIENTED_EDGE('',*,*,#7014,.F.);
#7481 = PLANE('',#7482);
#7482 = AXIS2_PLACEMENT_3D('',#7483,#7484,#7485);
#7483 = CARTESIAN_POINT('',(74.,-57.6,0.));
#7484 = DIRECTION('',(0.,-1.,0.));
#7485 = DIRECTION('',(-1.,0.,0.));
#7486 = ADVANCED_FACE('',(#7487),#7493,.T.);
#7487 = FACE_BOUND('',#7488,.T.);
#7488 = EDGE_LOOP('',(#7489,#7490,#7491,#7492));
#7489 = ORIENTED_EDGE('',*,*,#7475,.T.);
#7490 = ORIENTED_EDGE('',*,*,#7223,.T.);
#7491 = ORIENTED_EDGE('',*,*,#7456,.F.);
#7492 = ORIENTED_EDGE('',*,*,#7005,.F.);
#7493 = CYLINDRICAL_SURFACE('',#7494,1.99999850585);
#7494 = AXIS2_PLACEMENT_3D('',#7495,#7496,#7497);
#7495 = CARTESIAN_POINT('',(42.99999850585,-55.60000149415,0.));
#7496 = DIRECTION('',(0.,0.,-1.));
#7497 = DIRECTION('',(7.470757420593E-07,-1.,0.));
#7498 = ADVANCED_FACE('',(#7499),#7515,.F.);
#7499 = FACE_BOUND('',#7500,.T.);
#7500 = EDGE_LOOP('',(#7501,#7502,#7508,#7509));
#7501 = ORIENTED_EDGE('',*,*,#7032,.T.);
#7502 = ORIENTED_EDGE('',*,*,#7503,.T.);
#7503 = EDGE_CURVE('',#7035,#7253,#7504,.T.);
#7504 = LINE('',#7505,#7506);
#7505 = CARTESIAN_POINT('',(42.7,-55.34,-4.6E-02));
#7506 = VECTOR('',#7507,1.);
#7507 = DIRECTION('',(0.,0.,1.));
#7508 = ORIENTED_EDGE('',*,*,#7250,.F.);
#7509 = ORIENTED_EDGE('',*,*,#7510,.F.);
#7510 = EDGE_CURVE('',#7033,#7251,#7511,.T.);
#7511 = LINE('',#7512,#7513);
#7512 = CARTESIAN_POINT('',(42.7,-55.94,-4.6E-02));
#7513 = VECTOR('',#7514,1.);
#7514 = DIRECTION('',(0.,0.,1.));
#7515 = CYLINDRICAL_SURFACE('',#7516,0.3);
#7516 = AXIS2_PLACEMENT_3D('',#7517,#7518,#7519);
#7517 = CARTESIAN_POINT('',(42.7,-55.64,-4.6E-02));
#7518 = DIRECTION('',(-0.,-0.,-1.));
#7519 = DIRECTION('',(4.736951571734E-14,1.,-0.));
#7520 = ADVANCED_FACE('',(#7521),#7532,.T.);
#7521 = FACE_BOUND('',#7522,.T.);
#7522 = EDGE_LOOP('',(#7523,#7524,#7525,#7526));
#7523 = ORIENTED_EDGE('',*,*,#7060,.T.);
#7524 = ORIENTED_EDGE('',*,*,#7510,.T.);
#7525 = ORIENTED_EDGE('',*,*,#7278,.F.);
#7526 = ORIENTED_EDGE('',*,*,#7527,.F.);
#7527 = EDGE_CURVE('',#7052,#7270,#7528,.T.);
#7528 = LINE('',#7529,#7530);
#7529 = CARTESIAN_POINT('',(43.3,-55.94,-4.6E-02));
#7530 = VECTOR('',#7531,1.);
#7531 = DIRECTION('',(0.,0.,1.));
#7532 = PLANE('',#7533);
#7533 = AXIS2_PLACEMENT_3D('',#7534,#7535,#7536);
#7534 = CARTESIAN_POINT('',(42.7,-55.94,-4.6E-02));
#7535 = DIRECTION('',(0.,1.,0.));
#7536 = DIRECTION('',(1.,0.,0.));
#7537 = ADVANCED_FACE('',(#7538),#7549,.F.);
#7538 = FACE_BOUND('',#7539,.T.);
#7539 = EDGE_LOOP('',(#7540,#7541,#7542,#7543));
#7540 = ORIENTED_EDGE('',*,*,#7051,.T.);
#7541 = ORIENTED_EDGE('',*,*,#7527,.T.);
#7542 = ORIENTED_EDGE('',*,*,#7269,.F.);
#7543 = ORIENTED_EDGE('',*,*,#7544,.F.);
#7544 = EDGE_CURVE('',#7044,#7262,#7545,.T.);
#7545 = LINE('',#7546,#7547);
#7546 = CARTESIAN_POINT('',(43.3,-55.34,-4.6E-02));
#7547 = VECTOR('',#7548,1.);
#7548 = DIRECTION('',(0.,0.,1.));
#7549 = CYLINDRICAL_SURFACE('',#7550,0.3);
#7550 = AXIS2_PLACEMENT_3D('',#7551,#7552,#7553);
#7551 = CARTESIAN_POINT('',(43.3,-55.64,-4.6E-02));
#7552 = DIRECTION('',(-0.,-0.,-1.));
#7553 = DIRECTION('',(-4.736951571734E-14,-1.,0.));
#7554 = ADVANCED_FACE('',(#7555),#7561,.T.);
#7555 = FACE_BOUND('',#7556,.T.);
#7556 = EDGE_LOOP('',(#7557,#7558,#7559,#7560));
#7557 = ORIENTED_EDGE('',*,*,#7043,.T.);
#7558 = ORIENTED_EDGE('',*,*,#7544,.T.);
#7559 = ORIENTED_EDGE('',*,*,#7261,.F.);
#7560 = ORIENTED_EDGE('',*,*,#7503,.F.);
#7561 = PLANE('',#7562);
#7562 = AXIS2_PLACEMENT_3D('',#7563,#7564,#7565);
#7563 = CARTESIAN_POINT('',(43.3,-55.34,-4.6E-02));
#7564 = DIRECTION('',(0.,-1.,0.));
#7565 = DIRECTION('',(-1.,0.,0.));
#7566 = ADVANCED_FACE('',(#7567),#7583,.F.);
#7567 = FACE_BOUND('',#7568,.T.);
#7568 = EDGE_LOOP('',(#7569,#7570,#7576,#7577));
#7569 = ORIENTED_EDGE('',*,*,#7068,.T.);
#7570 = ORIENTED_EDGE('',*,*,#7571,.T.);
#7571 = EDGE_CURVE('',#7071,#7289,#7572,.T.);
#7572 = LINE('',#7573,#7574);
#7573 = CARTESIAN_POINT('',(46.63,-55.34,-4.6E-02));
#7574 = VECTOR('',#7575,1.);
#7575 = DIRECTION('',(0.,0.,1.));
#7576 = ORIENTED_EDGE('',*,*,#7286,.F.);
#7577 = ORIENTED_EDGE('',*,*,#7578,.F.);
#7578 = EDGE_CURVE('',#7069,#7287,#7579,.T.);
#7579 = LINE('',#7580,#7581);
#7580 = CARTESIAN_POINT('',(46.63,-55.94,-4.6E-02));
#7581 = VECTOR('',#7582,1.);
#7582 = DIRECTION('',(0.,0.,1.));
#7583 = CYLINDRICAL_SURFACE('',#7584,0.3);
#7584 = AXIS2_PLACEMENT_3D('',#7585,#7586,#7587);
#7585 = CARTESIAN_POINT('',(46.63,-55.64,-4.6E-02));
#7586 = DIRECTION('',(-0.,-0.,-1.));
#7587 = DIRECTION('',(2.368475785867E-14,1.,-0.));
#7588 = ADVANCED_FACE('',(#7589),#7600,.T.);
#7589 = FACE_BOUND('',#7590,.T.);
#7590 = EDGE_LOOP('',(#7591,#7592,#7593,#7594));
#7591 = ORIENTED_EDGE('',*,*,#7096,.T.);
#7592 = ORIENTED_EDGE('',*,*,#7578,.T.);
#7593 = ORIENTED_EDGE('',*,*,#7314,.F.);
#7594 = ORIENTED_EDGE('',*,*,#7595,.F.);
#7595 = EDGE_CURVE('',#7088,#7306,#7596,.T.);
#7596 = LINE('',#7597,#7598);
#7597 = CARTESIAN_POINT('',(47.73,-55.94,-4.6E-02));
#7598 = VECTOR('',#7599,1.);
#7599 = DIRECTION('',(0.,0.,1.));
#7600 = PLANE('',#7601);
#7601 = AXIS2_PLACEMENT_3D('',#7602,#7603,#7604);
#7602 = CARTESIAN_POINT('',(46.63,-55.94,-4.6E-02));
#7603 = DIRECTION('',(0.,1.,0.));
#7604 = DIRECTION('',(1.,0.,0.));
#7605 = ADVANCED_FACE('',(#7606),#7617,.F.);
#7606 = FACE_BOUND('',#7607,.T.);
#7607 = EDGE_LOOP('',(#7608,#7609,#7610,#7611));
#7608 = ORIENTED_EDGE('',*,*,#7087,.T.);
#7609 = ORIENTED_EDGE('',*,*,#7595,.T.);
#7610 = ORIENTED_EDGE('',*,*,#7305,.F.);
#7611 = ORIENTED_EDGE('',*,*,#7612,.F.);
#7612 = EDGE_CURVE('',#7080,#7298,#7613,.T.);
#7613 = LINE('',#7614,#7615);
#7614 = CARTESIAN_POINT('',(47.73,-55.34,-4.6E-02));
#7615 = VECTOR('',#7616,1.);
#7616 = DIRECTION('',(0.,0.,1.));
#7617 = CYLINDRICAL_SURFACE('',#7618,0.3);
#7618 = AXIS2_PLACEMENT_3D('',#7619,#7620,#7621);
#7619 = CARTESIAN_POINT('',(47.73,-55.64,-4.6E-02));
#7620 = DIRECTION('',(-0.,-0.,-1.));
#7621 = DIRECTION('',(-2.368475785867E-14,-1.,0.));
#7622 = ADVANCED_FACE('',(#7623),#7629,.T.);
#7623 = FACE_BOUND('',#7624,.T.);
#7624 = EDGE_LOOP('',(#7625,#7626,#7627,#7628));
#7625 = ORIENTED_EDGE('',*,*,#7079,.T.);
#7626 = ORIENTED_EDGE('',*,*,#7612,.T.);
#7627 = ORIENTED_EDGE('',*,*,#7297,.F.);
#7628 = ORIENTED_EDGE('',*,*,#7571,.F.);
#7629 = PLANE('',#7630);
#7630 = AXIS2_PLACEMENT_3D('',#7631,#7632,#7633);
#7631 = CARTESIAN_POINT('',(47.73,-55.34,-4.6E-02));
#7632 = DIRECTION('',(0.,-1.,0.));
#7633 = DIRECTION('',(-1.,0.,0.));
#7634 = ADVANCED_FACE('',(#7635),#7646,.F.);
#7635 = FACE_BOUND('',#7636,.T.);
#7636 = EDGE_LOOP('',(#7637,#7638,#7644,#7645));
#7637 = ORIENTED_EDGE('',*,*,#7104,.T.);
#7638 = ORIENTED_EDGE('',*,*,#7639,.T.);
#7639 = EDGE_CURVE('',#7105,#7323,#7640,.T.);
#7640 = LINE('',#7641,#7642);
#7641 = CARTESIAN_POINT('',(46.68,-54.535,-4.6E-02));
#7642 = VECTOR('',#7643,1.);
#7643 = DIRECTION('',(0.,0.,1.));
#7644 = ORIENTED_EDGE('',*,*,#7322,.F.);
#7645 = ORIENTED_EDGE('',*,*,#7639,.F.);
#7646 = CYLINDRICAL_SURFACE('',#7647,0.325);
#7647 = AXIS2_PLACEMENT_3D('',#7648,#7649,#7650);
#7648 = CARTESIAN_POINT('',(46.68,-54.21,-4.6E-02));
#7649 = DIRECTION('',(-0.,-0.,-1.));
#7650 = DIRECTION('',(-0.,-1.,0.));
#7651 = ADVANCED_FACE('',(#7652),#7668,.F.);
#7652 = FACE_BOUND('',#7653,.T.);
#7653 = EDGE_LOOP('',(#7654,#7655,#7661,#7662));
#7654 = ORIENTED_EDGE('',*,*,#7115,.T.);
#7655 = ORIENTED_EDGE('',*,*,#7656,.T.);
#7656 = EDGE_CURVE('',#7118,#7336,#7657,.T.);
#7657 = LINE('',#7658,#7659);
#7658 = CARTESIAN_POINT('',(42.7,-46.7,-4.6E-02));
#7659 = VECTOR('',#7660,1.);
#7660 = DIRECTION('',(0.,0.,1.));
#7661 = ORIENTED_EDGE('',*,*,#7333,.F.);
#7662 = ORIENTED_EDGE('',*,*,#7663,.F.);
#7663 = EDGE_CURVE('',#7116,#7334,#7664,.T.);
#7664 = LINE('',#7665,#7666);
#7665 = CARTESIAN_POINT('',(42.7,-47.3,-4.6E-02));
#7666 = VECTOR('',#7667,1.);
#7667 = DIRECTION('',(0.,0.,1.));
#7668 = CYLINDRICAL_SURFACE('',#7669,0.3);
#7669 = AXIS2_PLACEMENT_3D('',#7670,#7671,#7672);
#7670 = CARTESIAN_POINT('',(42.7,-47.,-4.6E-02));
#7671 = DIRECTION('',(-0.,-0.,-1.));
#7672 = DIRECTION('',(4.736951571734E-14,1.,-0.));
#7673 = ADVANCED_FACE('',(#7674),#7685,.T.);
#7674 = FACE_BOUND('',#7675,.T.);
#7675 = EDGE_LOOP('',(#7676,#7677,#7678,#7679));
#7676 = ORIENTED_EDGE('',*,*,#7143,.T.);
#7677 = ORIENTED_EDGE('',*,*,#7663,.T.);
#7678 = ORIENTED_EDGE('',*,*,#7361,.F.);
#7679 = ORIENTED_EDGE('',*,*,#7680,.F.);
#7680 = EDGE_CURVE('',#7135,#7353,#7681,.T.);
#7681 = LINE('',#7682,#7683);
#7682 = CARTESIAN_POINT('',(43.3,-47.3,-4.6E-02));
#7683 = VECTOR('',#7684,1.);
#7684 = DIRECTION('',(0.,0.,1.));
#7685 = PLANE('',#7686);
#7686 = AXIS2_PLACEMENT_3D('',#7687,#7688,#7689);
#7687 = CARTESIAN_POINT('',(42.7,-47.3,-4.6E-02));
#7688 = DIRECTION('',(0.,1.,0.));
#7689 = DIRECTION('',(1.,0.,0.));
#7690 = ADVANCED_FACE('',(#7691),#7702,.F.);
#7691 = FACE_BOUND('',#7692,.T.);
#7692 = EDGE_LOOP('',(#7693,#7694,#7695,#7696));
#7693 = ORIENTED_EDGE('',*,*,#7134,.T.);
#7694 = ORIENTED_EDGE('',*,*,#7680,.T.);
#7695 = ORIENTED_EDGE('',*,*,#7352,.F.);
#7696 = ORIENTED_EDGE('',*,*,#7697,.F.);
#7697 = EDGE_CURVE('',#7127,#7345,#7698,.T.);
#7698 = LINE('',#7699,#7700);
#7699 = CARTESIAN_POINT('',(43.3,-46.7,-4.6E-02));
#7700 = VECTOR('',#7701,1.);
#7701 = DIRECTION('',(0.,0.,1.));
#7702 = CYLINDRICAL_SURFACE('',#7703,0.3);
#7703 = AXIS2_PLACEMENT_3D('',#7704,#7705,#7706);
#7704 = CARTESIAN_POINT('',(43.3,-47.,-4.6E-02));
#7705 = DIRECTION('',(-0.,-0.,-1.));
#7706 = DIRECTION('',(-4.736951571734E-14,-1.,0.));
#7707 = ADVANCED_FACE('',(#7708),#7714,.T.);
#7708 = FACE_BOUND('',#7709,.T.);
#7709 = EDGE_LOOP('',(#7710,#7711,#7712,#7713));
#7710 = ORIENTED_EDGE('',*,*,#7126,.T.);
#7711 = ORIENTED_EDGE('',*,*,#7697,.T.);
#7712 = ORIENTED_EDGE('',*,*,#7344,.F.);
#7713 = ORIENTED_EDGE('',*,*,#7656,.F.);
#7714 = PLANE('',#7715);
#7715 = AXIS2_PLACEMENT_3D('',#7716,#7717,#7718);
#7716 = CARTESIAN_POINT('',(43.3,-46.7,-4.6E-02));
#7717 = DIRECTION('',(0.,-1.,0.));
#7718 = DIRECTION('',(-1.,0.,0.));
#7719 = ADVANCED_FACE('',(#7720),#7731,.F.);
#7720 = FACE_BOUND('',#7721,.T.);
#7721 = EDGE_LOOP('',(#7722,#7723,#7729,#7730));
#7722 = ORIENTED_EDGE('',*,*,#7151,.T.);
#7723 = ORIENTED_EDGE('',*,*,#7724,.T.);
#7724 = EDGE_CURVE('',#7152,#7370,#7725,.T.);
#7725 = LINE('',#7726,#7727);
#7726 = CARTESIAN_POINT('',(46.68,-48.755,-4.6E-02));
#7727 = VECTOR('',#7728,1.);
#7728 = DIRECTION('',(0.,0.,1.));
#7729 = ORIENTED_EDGE('',*,*,#7369,.F.);
#7730 = ORIENTED_EDGE('',*,*,#7724,.F.);
#7731 = CYLINDRICAL_SURFACE('',#7732,0.325);
#7732 = AXIS2_PLACEMENT_3D('',#7733,#7734,#7735);
#7733 = CARTESIAN_POINT('',(46.68,-48.43,-4.6E-02));
#7734 = DIRECTION('',(-0.,-0.,-1.));
#7735 = DIRECTION('',(-0.,-1.,0.));
#7736 = ADVANCED_FACE('',(#7737),#7753,.F.);
#7737 = FACE_BOUND('',#7738,.T.);
#7738 = EDGE_LOOP('',(#7739,#7740,#7746,#7747));
#7739 = ORIENTED_EDGE('',*,*,#7162,.T.);
#7740 = ORIENTED_EDGE('',*,*,#7741,.T.);
#7741 = EDGE_CURVE('',#7165,#7383,#7742,.T.);
#7742 = LINE('',#7743,#7744);
#7743 = CARTESIAN_POINT('',(46.63,-46.7,-4.6E-02));
#7744 = VECTOR('',#7745,1.);
#7745 = DIRECTION('',(0.,0.,1.));
#7746 = ORIENTED_EDGE('',*,*,#7380,.F.);
#7747 = ORIENTED_EDGE('',*,*,#7748,.F.);
#7748 = EDGE_CURVE('',#7163,#7381,#7749,.T.);
#7749 = LINE('',#7750,#7751);
#7750 = CARTESIAN_POINT('',(46.63,-47.3,-4.6E-02));
#7751 = VECTOR('',#7752,1.);
#7752 = DIRECTION('',(0.,0.,1.));
#7753 = CYLINDRICAL_SURFACE('',#7754,0.3);
#7754 = AXIS2_PLACEMENT_3D('',#7755,#7756,#7757);
#7755 = CARTESIAN_POINT('',(46.63,-47.,-4.6E-02));
#7756 = DIRECTION('',(-0.,-0.,-1.));
#7757 = DIRECTION('',(2.368475785867E-14,1.,-0.));
#7758 = ADVANCED_FACE('',(#7759),#7770,.T.);
#7759 = FACE_BOUND('',#7760,.T.);
#7760 = EDGE_LOOP('',(#7761,#7762,#7763,#7764));
#7761 = ORIENTED_EDGE('',*,*,#7190,.T.);
#7762 = ORIENTED_EDGE('',*,*,#7748,.T.);
#7763 = ORIENTED_EDGE('',*,*,#7408,.F.);
#7764 = ORIENTED_EDGE('',*,*,#7765,.F.);
#7765 = EDGE_CURVE('',#7182,#7400,#7766,.T.);
#7766 = LINE('',#7767,#7768);
#7767 = CARTESIAN_POINT('',(47.73,-47.3,-4.6E-02));
#7768 = VECTOR('',#7769,1.);
#7769 = DIRECTION('',(0.,0.,1.));
#7770 = PLANE('',#7771);
#7771 = AXIS2_PLACEMENT_3D('',#7772,#7773,#7774);
#7772 = CARTESIAN_POINT('',(46.63,-47.3,-4.6E-02));
#7773 = DIRECTION('',(0.,1.,0.));
#7774 = DIRECTION('',(1.,0.,0.));
#7775 = ADVANCED_FACE('',(#7776),#7787,.F.);
#7776 = FACE_BOUND('',#7777,.T.);
#7777 = EDGE_LOOP('',(#7778,#7779,#7780,#7781));
#7778 = ORIENTED_EDGE('',*,*,#7181,.T.);
#7779 = ORIENTED_EDGE('',*,*,#7765,.T.);
#7780 = ORIENTED_EDGE('',*,*,#7399,.F.);
#7781 = ORIENTED_EDGE('',*,*,#7782,.F.);
#7782 = EDGE_CURVE('',#7174,#7392,#7783,.T.);
#7783 = LINE('',#7784,#7785);
#7784 = CARTESIAN_POINT('',(47.73,-46.7,-4.6E-02));
#7785 = VECTOR('',#7786,1.);
#7786 = DIRECTION('',(0.,0.,1.));
#7787 = CYLINDRICAL_SURFACE('',#7788,0.3);
#7788 = AXIS2_PLACEMENT_3D('',#7789,#7790,#7791);
#7789 = CARTESIAN_POINT('',(47.73,-47.,-4.6E-02));
#7790 = DIRECTION('',(-0.,-0.,-1.));
#7791 = DIRECTION('',(-2.368475785867E-14,-1.,0.));
#7792 = ADVANCED_FACE('',(#7793),#7799,.T.);
#7793 = FACE_BOUND('',#7794,.T.);
#7794 = EDGE_LOOP('',(#7795,#7796,#7797,#7798));
#7795 = ORIENTED_EDGE('',*,*,#7173,.T.);
#7796 = ORIENTED_EDGE('',*,*,#7782,.T.);
#7797 = ORIENTED_EDGE('',*,*,#7391,.F.);
#7798 = ORIENTED_EDGE('',*,*,#7741,.F.);
#7799 = PLANE('',#7800);
#7800 = AXIS2_PLACEMENT_3D('',#7801,#7802,#7803);
#7801 = CARTESIAN_POINT('',(47.73,-46.7,-4.6E-02));
#7802 = DIRECTION('',(0.,-1.,0.));
#7803 = DIRECTION('',(-1.,0.,0.));
#7804 = ( GEOMETRIC_REPRESENTATION_CONTEXT(3) 
GLOBAL_UNCERTAINTY_ASSIGNED_CONTEXT((#7808)) 
GLOBAL_UNIT_ASSIGNED_CONTEXT((#7805,#7806,#7807)) REPRESENTATION_CONTEXT
('Context #1','3D Context with UNIT and UNCERTAINTY') );
#7805 = ( LENGTH_UNIT() NAMED_UNIT(*) SI_UNIT(.MILLI.,.METRE.) );
#7806 = ( NAMED_UNIT(*) PLANE_ANGLE_UNIT() SI_UNIT($,.RADIAN.) );
#7807 = ( NAMED_UNIT(*) SI_UNIT($,.STERADIAN.) SOLID_ANGLE_UNIT() );
#7808 = UNCERTAINTY_MEASURE_WITH_UNIT(LENGTH_MEASURE(1.E-07),#7805,
  'distance_accuracy_value','confusion accuracy');
#7809 = CONTEXT_DEPENDENT_SHAPE_REPRESENTATION(#7810,#7812);
#7810 = ( REPRESENTATION_RELATIONSHIP('','',#6875,#10) 
REPRESENTATION_RELATIONSHIP_WITH_TRANSFORMATION(#7811) 
SHAPE_REPRESENTATION_RELATIONSHIP() );
#7811 = ITEM_DEFINED_TRANSFORMATION('','',#11,#39);
#7812 = PRODUCT_DEFINITION_SHAPE('Placement','Placement of an item',
  #7813);
#7813 = NEXT_ASSEMBLY_USAGE_OCCURRENCE('7','=>[0:1:1:5]','',#5,#6870,$);
#7814 = PRODUCT_RELATED_PRODUCT_CATEGORY('part',$,(#6872));
#7815 = MECHANICAL_DESIGN_GEOMETRIC_PRESENTATION_REPRESENTATION('',(
    #7816,#7826,#7835,#7844,#7853,#7862,#7871,#7880,#7889,#7898,#7907,
    #7916,#7925,#7934,#7943,#7953,#7962,#7971,#7980,#7989,#7998,#8007,
    #8016,#8025,#8034,#8043,#8052,#8061,#8070,#8079,#8088,#8097,#8106,
    #8115,#8124,#8133,#8142,#8151,#8160,#8169,#8178,#8187,#8196,#8205,
    #8214,#8223,#8232,#8241,#8250,#8259,#8268,#8277,#8286,#8295,#8304,
    #8313,#8322,#8331,#8340,#8349,#8358,#8367,#8376,#8385,#8394,#8403,
    #8412,#8421,#8430,#8439,#8448,#8457,#8466,#8475,#8484,#8493,#8502,
    #8511,#8520,#8529,#8538,#8547,#8556,#8565,#8574,#8583,#8592,#8601,
    #8610,#8619,#8628,#8637,#8646,#8655,#8664,#8673,#8682,#8691,#8700,
    #8709,#8718,#8727,#8736,#8745,#8754,#8763,#8772,#8781,#8790,#8799,
    #8808,#8817,#8826,#8835,#8844,#8853,#8862),#6842);
#7816 = STYLED_ITEM('color',(#7817),#3308);
#7817 = PRESENTATION_STYLE_ASSIGNMENT((#7818,#7824));
#7818 = SURFACE_STYLE_USAGE(.BOTH.,#7819);
#7819 = SURFACE_SIDE_STYLE('',(#7820));
#7820 = SURFACE_STYLE_FILL_AREA(#7821);
#7821 = FILL_AREA_STYLE('',(#7822));
#7822 = FILL_AREA_STYLE_COLOUR('',#7823);
#7823 = COLOUR_RGB('',0.147999998088,0.145000001626,0.145000001626);
#7824 = CURVE_STYLE('',#7825,POSITIVE_LENGTH_MEASURE(0.1),#7823);
#7825 = DRAUGHTING_PRE_DEFINED_CURVE_FONT('continuous');
#7826 = STYLED_ITEM('color',(#7827),#3346);
#7827 = PRESENTATION_STYLE_ASSIGNMENT((#7828,#7833));
#7828 = SURFACE_STYLE_USAGE(.BOTH.,#7829);
#7829 = SURFACE_SIDE_STYLE('',(#7830));
#7830 = SURFACE_STYLE_FILL_AREA(#7831);
#7831 = FILL_AREA_STYLE('',(#7832));
#7832 = FILL_AREA_STYLE_COLOUR('',#7823);
#7833 = CURVE_STYLE('',#7834,POSITIVE_LENGTH_MEASURE(0.1),#7823);
#7834 = DRAUGHTING_PRE_DEFINED_CURVE_FONT('continuous');
#7835 = STYLED_ITEM('color',(#7836),#3409);
#7836 = PRESENTATION_STYLE_ASSIGNMENT((#7837,#7842));
#7837 = SURFACE_STYLE_USAGE(.BOTH.,#7838);
#7838 = SURFACE_SIDE_STYLE('',(#7839));
#7839 = SURFACE_STYLE_FILL_AREA(#7840);
#7840 = FILL_AREA_STYLE('',(#7841));
#7841 = FILL_AREA_STYLE_COLOUR('',#7823);
#7842 = CURVE_STYLE('',#7843,POSITIVE_LENGTH_MEASURE(0.1),#7823);
#7843 = DRAUGHTING_PRE_DEFINED_CURVE_FONT('continuous');
#7844 = STYLED_ITEM('color',(#7845),#3432);
#7845 = PRESENTATION_STYLE_ASSIGNMENT((#7846,#7851));
#7846 = SURFACE_STYLE_USAGE(.BOTH.,#7847);
#7847 = SURFACE_SIDE_STYLE('',(#7848));
#7848 = SURFACE_STYLE_FILL_AREA(#7849);
#7849 = FILL_AREA_STYLE('',(#7850));
#7850 = FILL_AREA_STYLE_COLOUR('',#7823);
#7851 = CURVE_STYLE('',#7852,POSITIVE_LENGTH_MEASURE(0.1),#7823);
#7852 = DRAUGHTING_PRE_DEFINED_CURVE_FONT('continuous');
#7853 = STYLED_ITEM('color',(#7854),#3461);
#7854 = PRESENTATION_STYLE_ASSIGNMENT((#7855,#7860));
#7855 = SURFACE_STYLE_USAGE(.BOTH.,#7856);
#7856 = SURFACE_SIDE_STYLE('',(#7857));
#7857 = SURFACE_STYLE_FILL_AREA(#7858);
#7858 = FILL_AREA_STYLE('',(#7859));
#7859 = FILL_AREA_STYLE_COLOUR('',#7823);
#7860 = CURVE_STYLE('',#7861,POSITIVE_LENGTH_MEASURE(0.1),#7823);
#7861 = DRAUGHTING_PRE_DEFINED_CURVE_FONT('continuous');
#7862 = STYLED_ITEM('color',(#7863),#3484);
#7863 = PRESENTATION_STYLE_ASSIGNMENT((#7864,#7869));
#7864 = SURFACE_STYLE_USAGE(.BOTH.,#7865);
#7865 = SURFACE_SIDE_STYLE('',(#7866));
#7866 = SURFACE_STYLE_FILL_AREA(#7867);
#7867 = FILL_AREA_STYLE('',(#7868));
#7868 = FILL_AREA_STYLE_COLOUR('',#7823);
#7869 = CURVE_STYLE('',#7870,POSITIVE_LENGTH_MEASURE(0.1),#7823);
#7870 = DRAUGHTING_PRE_DEFINED_CURVE_FONT('continuous');
#7871 = STYLED_ITEM('color',(#7872),#3555);
#7872 = PRESENTATION_STYLE_ASSIGNMENT((#7873,#7878));
#7873 = SURFACE_STYLE_USAGE(.BOTH.,#7874);
#7874 = SURFACE_SIDE_STYLE('',(#7875));
#7875 = SURFACE_STYLE_FILL_AREA(#7876);
#7876 = FILL_AREA_STYLE('',(#7877));
#7877 = FILL_AREA_STYLE_COLOUR('',#7823);
#7878 = CURVE_STYLE('',#7879,POSITIVE_LENGTH_MEASURE(0.1),#7823);
#7879 = DRAUGHTING_PRE_DEFINED_CURVE_FONT('continuous');
#7880 = STYLED_ITEM('color',(#7881),#3626);
#7881 = PRESENTATION_STYLE_ASSIGNMENT((#7882,#7887));
#7882 = SURFACE_STYLE_USAGE(.BOTH.,#7883);
#7883 = SURFACE_SIDE_STYLE('',(#7884));
#7884 = SURFACE_STYLE_FILL_AREA(#7885);
#7885 = FILL_AREA_STYLE('',(#7886));
#7886 = FILL_AREA_STYLE_COLOUR('',#7823);
#7887 = CURVE_STYLE('',#7888,POSITIVE_LENGTH_MEASURE(0.1),#7823);
#7888 = DRAUGHTING_PRE_DEFINED_CURVE_FONT('continuous');
#7889 = STYLED_ITEM('color',(#7890),#3649);
#7890 = PRESENTATION_STYLE_ASSIGNMENT((#7891,#7896));
#7891 = SURFACE_STYLE_USAGE(.BOTH.,#7892);
#7892 = SURFACE_SIDE_STYLE('',(#7893));
#7893 = SURFACE_STYLE_FILL_AREA(#7894);
#7894 = FILL_AREA_STYLE('',(#7895));
#7895 = FILL_AREA_STYLE_COLOUR('',#7823);
#7896 = CURVE_STYLE('',#7897,POSITIVE_LENGTH_MEASURE(0.1),#7823);
#7897 = DRAUGHTING_PRE_DEFINED_CURVE_FONT('continuous');
#7898 = STYLED_ITEM('color',(#7899),#3672);
#7899 = PRESENTATION_STYLE_ASSIGNMENT((#7900,#7905));
#7900 = SURFACE_STYLE_USAGE(.BOTH.,#7901);
#7901 = SURFACE_SIDE_STYLE('',(#7902));
#7902 = SURFACE_STYLE_FILL_AREA(#7903);
#7903 = FILL_AREA_STYLE('',(#7904));
#7904 = FILL_AREA_STYLE_COLOUR('',#7823);
#7905 = CURVE_STYLE('',#7906,POSITIVE_LENGTH_MEASURE(0.1),#7823);
#7906 = DRAUGHTING_PRE_DEFINED_CURVE_FONT('continuous');
#7907 = STYLED_ITEM('color',(#7908),#3689);
#7908 = PRESENTATION_STYLE_ASSIGNMENT((#7909,#7914));
#7909 = SURFACE_STYLE_USAGE(.BOTH.,#7910);
#7910 = SURFACE_SIDE_STYLE('',(#7911));
#7911 = SURFACE_STYLE_FILL_AREA(#7912);
#7912 = FILL_AREA_STYLE('',(#7913));
#7913 = FILL_AREA_STYLE_COLOUR('',#7823);
#7914 = CURVE_STYLE('',#7915,POSITIVE_LENGTH_MEASURE(0.1),#7823);
#7915 = DRAUGHTING_PRE_DEFINED_CURVE_FONT('continuous');
#7916 = STYLED_ITEM('color',(#7917),#3712);
#7917 = PRESENTATION_STYLE_ASSIGNMENT((#7918,#7923));
#7918 = SURFACE_STYLE_USAGE(.BOTH.,#7919);
#7919 = SURFACE_SIDE_STYLE('',(#7920));
#7920 = SURFACE_STYLE_FILL_AREA(#7921);
#7921 = FILL_AREA_STYLE('',(#7922));
#7922 = FILL_AREA_STYLE_COLOUR('',#7823);
#7923 = CURVE_STYLE('',#7924,POSITIVE_LENGTH_MEASURE(0.1),#7823);
#7924 = DRAUGHTING_PRE_DEFINED_CURVE_FONT('continuous');
#7925 = STYLED_ITEM('color',(#7926),#3800);
#7926 = PRESENTATION_STYLE_ASSIGNMENT((#7927,#7932));
#7927 = SURFACE_STYLE_USAGE(.BOTH.,#7928);
#7928 = SURFACE_SIDE_STYLE('',(#7929));
#7929 = SURFACE_STYLE_FILL_AREA(#7930);
#7930 = FILL_AREA_STYLE('',(#7931));
#7931 = FILL_AREA_STYLE_COLOUR('',#7823);
#7932 = CURVE_STYLE('',#7933,POSITIVE_LENGTH_MEASURE(0.1),#7823);
#7933 = DRAUGHTING_PRE_DEFINED_CURVE_FONT('continuous');
#7934 = STYLED_ITEM('color',(#7935),#3816);
#7935 = PRESENTATION_STYLE_ASSIGNMENT((#7936,#7941));
#7936 = SURFACE_STYLE_USAGE(.BOTH.,#7937);
#7937 = SURFACE_SIDE_STYLE('',(#7938));
#7938 = SURFACE_STYLE_FILL_AREA(#7939);
#7939 = FILL_AREA_STYLE('',(#7940));
#7940 = FILL_AREA_STYLE_COLOUR('',#7823);
#7941 = CURVE_STYLE('',#7942,POSITIVE_LENGTH_MEASURE(0.1),#7823);
#7942 = DRAUGHTING_PRE_DEFINED_CURVE_FONT('continuous');
#7943 = STYLED_ITEM('color',(#7944),#3846);
#7944 = PRESENTATION_STYLE_ASSIGNMENT((#7945,#7951));
#7945 = SURFACE_STYLE_USAGE(.BOTH.,#7946);
#7946 = SURFACE_SIDE_STYLE('',(#7947));
#7947 = SURFACE_STYLE_FILL_AREA(#7948);
#7948 = FILL_AREA_STYLE('',(#7949));
#7949 = FILL_AREA_STYLE_COLOUR('',#7950);
#7950 = COLOUR_RGB('',0.823999987314,0.819999987296,0.781000009244);
#7951 = CURVE_STYLE('',#7952,POSITIVE_LENGTH_MEASURE(0.1),#7950);
#7952 = DRAUGHTING_PRE_DEFINED_CURVE_FONT('continuous');
#7953 = STYLED_ITEM('color',(#7954),#3877);
#7954 = PRESENTATION_STYLE_ASSIGNMENT((#7955,#7960));
#7955 = SURFACE_STYLE_USAGE(.BOTH.,#7956);
#7956 = SURFACE_SIDE_STYLE('',(#7957));
#7957 = SURFACE_STYLE_FILL_AREA(#7958);
#7958 = FILL_AREA_STYLE('',(#7959));
#7959 = FILL_AREA_STYLE_COLOUR('',#7823);
#7960 = CURVE_STYLE('',#7961,POSITIVE_LENGTH_MEASURE(0.1),#7823);
#7961 = DRAUGHTING_PRE_DEFINED_CURVE_FONT('continuous');
#7962 = STYLED_ITEM('color',(#7963),#3908);
#7963 = PRESENTATION_STYLE_ASSIGNMENT((#7964,#7969));
#7964 = SURFACE_STYLE_USAGE(.BOTH.,#7965);
#7965 = SURFACE_SIDE_STYLE('',(#7966));
#7966 = SURFACE_STYLE_FILL_AREA(#7967);
#7967 = FILL_AREA_STYLE('',(#7968));
#7968 = FILL_AREA_STYLE_COLOUR('',#7950);
#7969 = CURVE_STYLE('',#7970,POSITIVE_LENGTH_MEASURE(0.1),#7950);
#7970 = DRAUGHTING_PRE_DEFINED_CURVE_FONT('continuous');
#7971 = STYLED_ITEM('color',(#7972),#3939);
#7972 = PRESENTATION_STYLE_ASSIGNMENT((#7973,#7978));
#7973 = SURFACE_STYLE_USAGE(.BOTH.,#7974);
#7974 = SURFACE_SIDE_STYLE('',(#7975));
#7975 = SURFACE_STYLE_FILL_AREA(#7976);
#7976 = FILL_AREA_STYLE('',(#7977));
#7977 = FILL_AREA_STYLE_COLOUR('',#7823);
#7978 = CURVE_STYLE('',#7979,POSITIVE_LENGTH_MEASURE(0.1),#7823);
#7979 = DRAUGHTING_PRE_DEFINED_CURVE_FONT('continuous');
#7980 = STYLED_ITEM('color',(#7981),#3970);
#7981 = PRESENTATION_STYLE_ASSIGNMENT((#7982,#7987));
#7982 = SURFACE_STYLE_USAGE(.BOTH.,#7983);
#7983 = SURFACE_SIDE_STYLE('',(#7984));
#7984 = SURFACE_STYLE_FILL_AREA(#7985);
#7985 = FILL_AREA_STYLE('',(#7986));
#7986 = FILL_AREA_STYLE_COLOUR('',#7950);
#7987 = CURVE_STYLE('',#7988,POSITIVE_LENGTH_MEASURE(0.1),#7950);
#7988 = DRAUGHTING_PRE_DEFINED_CURVE_FONT('continuous');
#7989 = STYLED_ITEM('color',(#7990),#4001);
#7990 = PRESENTATION_STYLE_ASSIGNMENT((#7991,#7996));
#7991 = SURFACE_STYLE_USAGE(.BOTH.,#7992);
#7992 = SURFACE_SIDE_STYLE('',(#7993));
#7993 = SURFACE_STYLE_FILL_AREA(#7994);
#7994 = FILL_AREA_STYLE('',(#7995));
#7995 = FILL_AREA_STYLE_COLOUR('',#7823);
#7996 = CURVE_STYLE('',#7997,POSITIVE_LENGTH_MEASURE(0.1),#7823);
#7997 = DRAUGHTING_PRE_DEFINED_CURVE_FONT('continuous');
#7998 = STYLED_ITEM('color',(#7999),#4018);
#7999 = PRESENTATION_STYLE_ASSIGNMENT((#8000,#8005));
#8000 = SURFACE_STYLE_USAGE(.BOTH.,#8001);
#8001 = SURFACE_SIDE_STYLE('',(#8002));
#8002 = SURFACE_STYLE_FILL_AREA(#8003);
#8003 = FILL_AREA_STYLE('',(#8004));
#8004 = FILL_AREA_STYLE_COLOUR('',#7823);
#8005 = CURVE_STYLE('',#8006,POSITIVE_LENGTH_MEASURE(0.1),#7823);
#8006 = DRAUGHTING_PRE_DEFINED_CURVE_FONT('continuous');
#8007 = STYLED_ITEM('color',(#8008),#4035);
#8008 = PRESENTATION_STYLE_ASSIGNMENT((#8009,#8014));
#8009 = SURFACE_STYLE_USAGE(.BOTH.,#8010);
#8010 = SURFACE_SIDE_STYLE('',(#8011));
#8011 = SURFACE_STYLE_FILL_AREA(#8012);
#8012 = FILL_AREA_STYLE('',(#8013));
#8013 = FILL_AREA_STYLE_COLOUR('',#7950);
#8014 = CURVE_STYLE('',#8015,POSITIVE_LENGTH_MEASURE(0.1),#7950);
#8015 = DRAUGHTING_PRE_DEFINED_CURVE_FONT('continuous');
#8016 = STYLED_ITEM('color',(#8017),#4066);
#8017 = PRESENTATION_STYLE_ASSIGNMENT((#8018,#8023));
#8018 = SURFACE_STYLE_USAGE(.BOTH.,#8019);
#8019 = SURFACE_SIDE_STYLE('',(#8020));
#8020 = SURFACE_STYLE_FILL_AREA(#8021);
#8021 = FILL_AREA_STYLE('',(#8022));
#8022 = FILL_AREA_STYLE_COLOUR('',#7823);
#8023 = CURVE_STYLE('',#8024,POSITIVE_LENGTH_MEASURE(0.1),#7823);
#8024 = DRAUGHTING_PRE_DEFINED_CURVE_FONT('continuous');
#8025 = STYLED_ITEM('color',(#8026),#4097);
#8026 = PRESENTATION_STYLE_ASSIGNMENT((#8027,#8032));
#8027 = SURFACE_STYLE_USAGE(.BOTH.,#8028);
#8028 = SURFACE_SIDE_STYLE('',(#8029));
#8029 = SURFACE_STYLE_FILL_AREA(#8030);
#8030 = FILL_AREA_STYLE('',(#8031));
#8031 = FILL_AREA_STYLE_COLOUR('',#7950);
#8032 = CURVE_STYLE('',#8033,POSITIVE_LENGTH_MEASURE(0.1),#7950);
#8033 = DRAUGHTING_PRE_DEFINED_CURVE_FONT('continuous');
#8034 = STYLED_ITEM('color',(#8035),#4128);
#8035 = PRESENTATION_STYLE_ASSIGNMENT((#8036,#8041));
#8036 = SURFACE_STYLE_USAGE(.BOTH.,#8037);
#8037 = SURFACE_SIDE_STYLE('',(#8038));
#8038 = SURFACE_STYLE_FILL_AREA(#8039);
#8039 = FILL_AREA_STYLE('',(#8040));
#8040 = FILL_AREA_STYLE_COLOUR('',#7823);
#8041 = CURVE_STYLE('',#8042,POSITIVE_LENGTH_MEASURE(0.1),#7823);
#8042 = DRAUGHTING_PRE_DEFINED_CURVE_FONT('continuous');
#8043 = STYLED_ITEM('color',(#8044),#4159);
#8044 = PRESENTATION_STYLE_ASSIGNMENT((#8045,#8050));
#8045 = SURFACE_STYLE_USAGE(.BOTH.,#8046);
#8046 = SURFACE_SIDE_STYLE('',(#8047));
#8047 = SURFACE_STYLE_FILL_AREA(#8048);
#8048 = FILL_AREA_STYLE('',(#8049));
#8049 = FILL_AREA_STYLE_COLOUR('',#7950);
#8050 = CURVE_STYLE('',#8051,POSITIVE_LENGTH_MEASURE(0.1),#7950);
#8051 = DRAUGHTING_PRE_DEFINED_CURVE_FONT('continuous');
#8052 = STYLED_ITEM('color',(#8053),#4190);
#8053 = PRESENTATION_STYLE_ASSIGNMENT((#8054,#8059));
#8054 = SURFACE_STYLE_USAGE(.BOTH.,#8055);
#8055 = SURFACE_SIDE_STYLE('',(#8056));
#8056 = SURFACE_STYLE_FILL_AREA(#8057);
#8057 = FILL_AREA_STYLE('',(#8058));
#8058 = FILL_AREA_STYLE_COLOUR('',#7823);
#8059 = CURVE_STYLE('',#8060,POSITIVE_LENGTH_MEASURE(0.1),#7823);
#8060 = DRAUGHTING_PRE_DEFINED_CURVE_FONT('continuous');
#8061 = STYLED_ITEM('color',(#8062),#4220);
#8062 = PRESENTATION_STYLE_ASSIGNMENT((#8063,#8068));
#8063 = SURFACE_STYLE_USAGE(.BOTH.,#8064);
#8064 = SURFACE_SIDE_STYLE('',(#8065));
#8065 = SURFACE_STYLE_FILL_AREA(#8066);
#8066 = FILL_AREA_STYLE('',(#8067));
#8067 = FILL_AREA_STYLE_COLOUR('',#7823);
#8068 = CURVE_STYLE('',#8069,POSITIVE_LENGTH_MEASURE(0.1),#7823);
#8069 = DRAUGHTING_PRE_DEFINED_CURVE_FONT('continuous');
#8070 = STYLED_ITEM('color',(#8071),#4243);
#8071 = PRESENTATION_STYLE_ASSIGNMENT((#8072,#8077));
#8072 = SURFACE_STYLE_USAGE(.BOTH.,#8073);
#8073 = SURFACE_SIDE_STYLE('',(#8074));
#8074 = SURFACE_STYLE_FILL_AREA(#8075);
#8075 = FILL_AREA_STYLE('',(#8076));
#8076 = FILL_AREA_STYLE_COLOUR('',#7823);
#8077 = CURVE_STYLE('',#8078,POSITIVE_LENGTH_MEASURE(0.1),#7823);
#8078 = DRAUGHTING_PRE_DEFINED_CURVE_FONT('continuous');
#8079 = STYLED_ITEM('color',(#8080),#4266);
#8080 = PRESENTATION_STYLE_ASSIGNMENT((#8081,#8086));
#8081 = SURFACE_STYLE_USAGE(.BOTH.,#8082);
#8082 = SURFACE_SIDE_STYLE('',(#8083));
#8083 = SURFACE_STYLE_FILL_AREA(#8084);
#8084 = FILL_AREA_STYLE('',(#8085));
#8085 = FILL_AREA_STYLE_COLOUR('',#7823);
#8086 = CURVE_STYLE('',#8087,POSITIVE_LENGTH_MEASURE(0.1),#7823);
#8087 = DRAUGHTING_PRE_DEFINED_CURVE_FONT('continuous');
#8088 = STYLED_ITEM('color',(#8089),#4283);
#8089 = PRESENTATION_STYLE_ASSIGNMENT((#8090,#8095));
#8090 = SURFACE_STYLE_USAGE(.BOTH.,#8091);
#8091 = SURFACE_SIDE_STYLE('',(#8092));
#8092 = SURFACE_STYLE_FILL_AREA(#8093);
#8093 = FILL_AREA_STYLE('',(#8094));
#8094 = FILL_AREA_STYLE_COLOUR('',#7950);
#8095 = CURVE_STYLE('',#8096,POSITIVE_LENGTH_MEASURE(0.1),#7950);
#8096 = DRAUGHTING_PRE_DEFINED_CURVE_FONT('continuous');
#8097 = STYLED_ITEM('color',(#8098),#4328);
#8098 = PRESENTATION_STYLE_ASSIGNMENT((#8099,#8104));
#8099 = SURFACE_STYLE_USAGE(.BOTH.,#8100);
#8100 = SURFACE_SIDE_STYLE('',(#8101));
#8101 = SURFACE_STYLE_FILL_AREA(#8102);
#8102 = FILL_AREA_STYLE('',(#8103));
#8103 = FILL_AREA_STYLE_COLOUR('',#7823);
#8104 = CURVE_STYLE('',#8105,POSITIVE_LENGTH_MEASURE(0.1),#7823);
#8105 = DRAUGHTING_PRE_DEFINED_CURVE_FONT('continuous');
#8106 = STYLED_ITEM('color',(#8107),#4398);
#8107 = PRESENTATION_STYLE_ASSIGNMENT((#8108,#8113));
#8108 = SURFACE_STYLE_USAGE(.BOTH.,#8109);
#8109 = SURFACE_SIDE_STYLE('',(#8110));
#8110 = SURFACE_STYLE_FILL_AREA(#8111);
#8111 = FILL_AREA_STYLE('',(#8112));
#8112 = FILL_AREA_STYLE_COLOUR('',#7823);
#8113 = CURVE_STYLE('',#8114,POSITIVE_LENGTH_MEASURE(0.1),#7823);
#8114 = DRAUGHTING_PRE_DEFINED_CURVE_FONT('continuous');
#8115 = STYLED_ITEM('color',(#8116),#4421);
#8116 = PRESENTATION_STYLE_ASSIGNMENT((#8117,#8122));
#8117 = SURFACE_STYLE_USAGE(.BOTH.,#8118);
#8118 = SURFACE_SIDE_STYLE('',(#8119));
#8119 = SURFACE_STYLE_FILL_AREA(#8120);
#8120 = FILL_AREA_STYLE('',(#8121));
#8121 = FILL_AREA_STYLE_COLOUR('',#7823);
#8122 = CURVE_STYLE('',#8123,POSITIVE_LENGTH_MEASURE(0.1),#7823);
#8123 = DRAUGHTING_PRE_DEFINED_CURVE_FONT('continuous');
#8124 = STYLED_ITEM('color',(#8125),#4444);
#8125 = PRESENTATION_STYLE_ASSIGNMENT((#8126,#8131));
#8126 = SURFACE_STYLE_USAGE(.BOTH.,#8127);
#8127 = SURFACE_SIDE_STYLE('',(#8128));
#8128 = SURFACE_STYLE_FILL_AREA(#8129);
#8129 = FILL_AREA_STYLE('',(#8130));
#8130 = FILL_AREA_STYLE_COLOUR('',#7823);
#8131 = CURVE_STYLE('',#8132,POSITIVE_LENGTH_MEASURE(0.1),#7823);
#8132 = DRAUGHTING_PRE_DEFINED_CURVE_FONT('continuous');
#8133 = STYLED_ITEM('color',(#8134),#4467);
#8134 = PRESENTATION_STYLE_ASSIGNMENT((#8135,#8140));
#8135 = SURFACE_STYLE_USAGE(.BOTH.,#8136);
#8136 = SURFACE_SIDE_STYLE('',(#8137));
#8137 = SURFACE_STYLE_FILL_AREA(#8138);
#8138 = FILL_AREA_STYLE('',(#8139));
#8139 = FILL_AREA_STYLE_COLOUR('',#7823);
#8140 = CURVE_STYLE('',#8141,POSITIVE_LENGTH_MEASURE(0.1),#7823);
#8141 = DRAUGHTING_PRE_DEFINED_CURVE_FONT('continuous');
#8142 = STYLED_ITEM('color',(#8143),#4538);
#8143 = PRESENTATION_STYLE_ASSIGNMENT((#8144,#8149));
#8144 = SURFACE_STYLE_USAGE(.BOTH.,#8145);
#8145 = SURFACE_SIDE_STYLE('',(#8146));
#8146 = SURFACE_STYLE_FILL_AREA(#8147);
#8147 = FILL_AREA_STYLE('',(#8148));
#8148 = FILL_AREA_STYLE_COLOUR('',#7950);
#8149 = CURVE_STYLE('',#8150,POSITIVE_LENGTH_MEASURE(0.1),#7950);
#8150 = DRAUGHTING_PRE_DEFINED_CURVE_FONT('continuous');
#8151 = STYLED_ITEM('color',(#8152),#4576);
#8152 = PRESENTATION_STYLE_ASSIGNMENT((#8153,#8158));
#8153 = SURFACE_STYLE_USAGE(.BOTH.,#8154);
#8154 = SURFACE_SIDE_STYLE('',(#8155));
#8155 = SURFACE_STYLE_FILL_AREA(#8156);
#8156 = FILL_AREA_STYLE('',(#8157));
#8157 = FILL_AREA_STYLE_COLOUR('',#7823);
#8158 = CURVE_STYLE('',#8159,POSITIVE_LENGTH_MEASURE(0.1),#7823);
#8159 = DRAUGHTING_PRE_DEFINED_CURVE_FONT('continuous');
#8160 = STYLED_ITEM('color',(#8161),#4625);
#8161 = PRESENTATION_STYLE_ASSIGNMENT((#8162,#8167));
#8162 = SURFACE_STYLE_USAGE(.BOTH.,#8163);
#8163 = SURFACE_SIDE_STYLE('',(#8164));
#8164 = SURFACE_STYLE_FILL_AREA(#8165);
#8165 = FILL_AREA_STYLE('',(#8166));
#8166 = FILL_AREA_STYLE_COLOUR('',#7950);
#8167 = CURVE_STYLE('',#8168,POSITIVE_LENGTH_MEASURE(0.1),#7950);
#8168 = DRAUGHTING_PRE_DEFINED_CURVE_FONT('continuous');
#8169 = STYLED_ITEM('color',(#8170),#4717);
#8170 = PRESENTATION_STYLE_ASSIGNMENT((#8171,#8176));
#8171 = SURFACE_STYLE_USAGE(.BOTH.,#8172);
#8172 = SURFACE_SIDE_STYLE('',(#8173));
#8173 = SURFACE_STYLE_FILL_AREA(#8174);
#8174 = FILL_AREA_STYLE('',(#8175));
#8175 = FILL_AREA_STYLE_COLOUR('',#7950);
#8176 = CURVE_STYLE('',#8177,POSITIVE_LENGTH_MEASURE(0.1),#7950);
#8177 = DRAUGHTING_PRE_DEFINED_CURVE_FONT('continuous');
#8178 = STYLED_ITEM('color',(#8179),#4742);
#8179 = PRESENTATION_STYLE_ASSIGNMENT((#8180,#8185));
#8180 = SURFACE_STYLE_USAGE(.BOTH.,#8181);
#8181 = SURFACE_SIDE_STYLE('',(#8182));
#8182 = SURFACE_STYLE_FILL_AREA(#8183);
#8183 = FILL_AREA_STYLE('',(#8184));
#8184 = FILL_AREA_STYLE_COLOUR('',#7950);
#8185 = CURVE_STYLE('',#8186,POSITIVE_LENGTH_MEASURE(0.1),#7950);
#8186 = DRAUGHTING_PRE_DEFINED_CURVE_FONT('continuous');
#8187 = STYLED_ITEM('color',(#8188),#4826);
#8188 = PRESENTATION_STYLE_ASSIGNMENT((#8189,#8194));
#8189 = SURFACE_STYLE_USAGE(.BOTH.,#8190);
#8190 = SURFACE_SIDE_STYLE('',(#8191));
#8191 = SURFACE_STYLE_FILL_AREA(#8192);
#8192 = FILL_AREA_STYLE('',(#8193));
#8193 = FILL_AREA_STYLE_COLOUR('',#7823);
#8194 = CURVE_STYLE('',#8195,POSITIVE_LENGTH_MEASURE(0.1),#7823);
#8195 = DRAUGHTING_PRE_DEFINED_CURVE_FONT('continuous');
#8196 = STYLED_ITEM('color',(#8197),#4848);
#8197 = PRESENTATION_STYLE_ASSIGNMENT((#8198,#8203));
#8198 = SURFACE_STYLE_USAGE(.BOTH.,#8199);
#8199 = SURFACE_SIDE_STYLE('',(#8200));
#8200 = SURFACE_STYLE_FILL_AREA(#8201);
#8201 = FILL_AREA_STYLE('',(#8202));
#8202 = FILL_AREA_STYLE_COLOUR('',#7950);
#8203 = CURVE_STYLE('',#8204,POSITIVE_LENGTH_MEASURE(0.1),#7950);
#8204 = DRAUGHTING_PRE_DEFINED_CURVE_FONT('continuous');
#8205 = STYLED_ITEM('color',(#8206),#4940);
#8206 = PRESENTATION_STYLE_ASSIGNMENT((#8207,#8212));
#8207 = SURFACE_STYLE_USAGE(.BOTH.,#8208);
#8208 = SURFACE_SIDE_STYLE('',(#8209));
#8209 = SURFACE_STYLE_FILL_AREA(#8210);
#8210 = FILL_AREA_STYLE('',(#8211));
#8211 = FILL_AREA_STYLE_COLOUR('',#7950);
#8212 = CURVE_STYLE('',#8213,POSITIVE_LENGTH_MEASURE(0.1),#7950);
#8213 = DRAUGHTING_PRE_DEFINED_CURVE_FONT('continuous');
#8214 = STYLED_ITEM('color',(#8215),#4965);
#8215 = PRESENTATION_STYLE_ASSIGNMENT((#8216,#8221));
#8216 = SURFACE_STYLE_USAGE(.BOTH.,#8217);
#8217 = SURFACE_SIDE_STYLE('',(#8218));
#8218 = SURFACE_STYLE_FILL_AREA(#8219);
#8219 = FILL_AREA_STYLE('',(#8220));
#8220 = FILL_AREA_STYLE_COLOUR('',#7950);
#8221 = CURVE_STYLE('',#8222,POSITIVE_LENGTH_MEASURE(0.1),#7950);
#8222 = DRAUGHTING_PRE_DEFINED_CURVE_FONT('continuous');
#8223 = STYLED_ITEM('color',(#8224),#5049);
#8224 = PRESENTATION_STYLE_ASSIGNMENT((#8225,#8230));
#8225 = SURFACE_STYLE_USAGE(.BOTH.,#8226);
#8226 = SURFACE_SIDE_STYLE('',(#8227));
#8227 = SURFACE_STYLE_FILL_AREA(#8228);
#8228 = FILL_AREA_STYLE('',(#8229));
#8229 = FILL_AREA_STYLE_COLOUR('',#7823);
#8230 = CURVE_STYLE('',#8231,POSITIVE_LENGTH_MEASURE(0.1),#7823);
#8231 = DRAUGHTING_PRE_DEFINED_CURVE_FONT('continuous');
#8232 = STYLED_ITEM('color',(#8233),#5066);
#8233 = PRESENTATION_STYLE_ASSIGNMENT((#8234,#8239));
#8234 = SURFACE_STYLE_USAGE(.BOTH.,#8235);
#8235 = SURFACE_SIDE_STYLE('',(#8236));
#8236 = SURFACE_STYLE_FILL_AREA(#8237);
#8237 = FILL_AREA_STYLE('',(#8238));
#8238 = FILL_AREA_STYLE_COLOUR('',#7950);
#8239 = CURVE_STYLE('',#8240,POSITIVE_LENGTH_MEASURE(0.1),#7950);
#8240 = DRAUGHTING_PRE_DEFINED_CURVE_FONT('continuous');
#8241 = STYLED_ITEM('color',(#8242),#5151);
#8242 = PRESENTATION_STYLE_ASSIGNMENT((#8243,#8248));
#8243 = SURFACE_STYLE_USAGE(.BOTH.,#8244);
#8244 = SURFACE_SIDE_STYLE('',(#8245));
#8245 = SURFACE_STYLE_FILL_AREA(#8246);
#8246 = FILL_AREA_STYLE('',(#8247));
#8247 = FILL_AREA_STYLE_COLOUR('',#7950);
#8248 = CURVE_STYLE('',#8249,POSITIVE_LENGTH_MEASURE(0.1),#7950);
#8249 = DRAUGHTING_PRE_DEFINED_CURVE_FONT('continuous');
#8250 = STYLED_ITEM('color',(#8251),#5176);
#8251 = PRESENTATION_STYLE_ASSIGNMENT((#8252,#8257));
#8252 = SURFACE_STYLE_USAGE(.BOTH.,#8253);
#8253 = SURFACE_SIDE_STYLE('',(#8254));
#8254 = SURFACE_STYLE_FILL_AREA(#8255);
#8255 = FILL_AREA_STYLE('',(#8256));
#8256 = FILL_AREA_STYLE_COLOUR('',#7950);
#8257 = CURVE_STYLE('',#8258,POSITIVE_LENGTH_MEASURE(0.1),#7950);
#8258 = DRAUGHTING_PRE_DEFINED_CURVE_FONT('continuous');
#8259 = STYLED_ITEM('color',(#8260),#5253);
#8260 = PRESENTATION_STYLE_ASSIGNMENT((#8261,#8266));
#8261 = SURFACE_STYLE_USAGE(.BOTH.,#8262);
#8262 = SURFACE_SIDE_STYLE('',(#8263));
#8263 = SURFACE_STYLE_FILL_AREA(#8264);
#8264 = FILL_AREA_STYLE('',(#8265));
#8265 = FILL_AREA_STYLE_COLOUR('',#7950);
#8266 = CURVE_STYLE('',#8267,POSITIVE_LENGTH_MEASURE(0.1),#7950);
#8267 = DRAUGHTING_PRE_DEFINED_CURVE_FONT('continuous');
#8268 = STYLED_ITEM('color',(#8269),#5338);
#8269 = PRESENTATION_STYLE_ASSIGNMENT((#8270,#8275));
#8270 = SURFACE_STYLE_USAGE(.BOTH.,#8271);
#8271 = SURFACE_SIDE_STYLE('',(#8272));
#8272 = SURFACE_STYLE_FILL_AREA(#8273);
#8273 = FILL_AREA_STYLE('',(#8274));
#8274 = FILL_AREA_STYLE_COLOUR('',#7950);
#8275 = CURVE_STYLE('',#8276,POSITIVE_LENGTH_MEASURE(0.1),#7950);
#8276 = DRAUGHTING_PRE_DEFINED_CURVE_FONT('continuous');
#8277 = STYLED_ITEM('color',(#8278),#5363);
#8278 = PRESENTATION_STYLE_ASSIGNMENT((#8279,#8284));
#8279 = SURFACE_STYLE_USAGE(.BOTH.,#8280);
#8280 = SURFACE_SIDE_STYLE('',(#8281));
#8281 = SURFACE_STYLE_FILL_AREA(#8282);
#8282 = FILL_AREA_STYLE('',(#8283));
#8283 = FILL_AREA_STYLE_COLOUR('',#7950);
#8284 = CURVE_STYLE('',#8285,POSITIVE_LENGTH_MEASURE(0.1),#7950);
#8285 = DRAUGHTING_PRE_DEFINED_CURVE_FONT('continuous');
#8286 = STYLED_ITEM('color',(#8287),#5440);
#8287 = PRESENTATION_STYLE_ASSIGNMENT((#8288,#8293));
#8288 = SURFACE_STYLE_USAGE(.BOTH.,#8289);
#8289 = SURFACE_SIDE_STYLE('',(#8290));
#8290 = SURFACE_STYLE_FILL_AREA(#8291);
#8291 = FILL_AREA_STYLE('',(#8292));
#8292 = FILL_AREA_STYLE_COLOUR('',#7823);
#8293 = CURVE_STYLE('',#8294,POSITIVE_LENGTH_MEASURE(0.1),#7823);
#8294 = DRAUGHTING_PRE_DEFINED_CURVE_FONT('continuous');
#8295 = STYLED_ITEM('color',(#8296),#5457);
#8296 = PRESENTATION_STYLE_ASSIGNMENT((#8297,#8302));
#8297 = SURFACE_STYLE_USAGE(.BOTH.,#8298);
#8298 = SURFACE_SIDE_STYLE('',(#8299));
#8299 = SURFACE_STYLE_FILL_AREA(#8300);
#8300 = FILL_AREA_STYLE('',(#8301));
#8301 = FILL_AREA_STYLE_COLOUR('',#7950);
#8302 = CURVE_STYLE('',#8303,POSITIVE_LENGTH_MEASURE(0.1),#7950);
#8303 = DRAUGHTING_PRE_DEFINED_CURVE_FONT('continuous');
#8304 = STYLED_ITEM('color',(#8305),#5549);
#8305 = PRESENTATION_STYLE_ASSIGNMENT((#8306,#8311));
#8306 = SURFACE_STYLE_USAGE(.BOTH.,#8307);
#8307 = SURFACE_SIDE_STYLE('',(#8308));
#8308 = SURFACE_STYLE_FILL_AREA(#8309);
#8309 = FILL_AREA_STYLE('',(#8310));
#8310 = FILL_AREA_STYLE_COLOUR('',#7950);
#8311 = CURVE_STYLE('',#8312,POSITIVE_LENGTH_MEASURE(0.1),#7950);
#8312 = DRAUGHTING_PRE_DEFINED_CURVE_FONT('continuous');
#8313 = STYLED_ITEM('color',(#8314),#5574);
#8314 = PRESENTATION_STYLE_ASSIGNMENT((#8315,#8320));
#8315 = SURFACE_STYLE_USAGE(.BOTH.,#8316);
#8316 = SURFACE_SIDE_STYLE('',(#8317));
#8317 = SURFACE_STYLE_FILL_AREA(#8318);
#8318 = FILL_AREA_STYLE('',(#8319));
#8319 = FILL_AREA_STYLE_COLOUR('',#7950);
#8320 = CURVE_STYLE('',#8321,POSITIVE_LENGTH_MEASURE(0.1),#7950);
#8321 = DRAUGHTING_PRE_DEFINED_CURVE_FONT('continuous');
#8322 = STYLED_ITEM('color',(#8323),#5658);
#8323 = PRESENTATION_STYLE_ASSIGNMENT((#8324,#8329));
#8324 = SURFACE_STYLE_USAGE(.BOTH.,#8325);
#8325 = SURFACE_SIDE_STYLE('',(#8326));
#8326 = SURFACE_STYLE_FILL_AREA(#8327);
#8327 = FILL_AREA_STYLE('',(#8328));
#8328 = FILL_AREA_STYLE_COLOUR('',#7823);
#8329 = CURVE_STYLE('',#8330,POSITIVE_LENGTH_MEASURE(0.1),#7823);
#8330 = DRAUGHTING_PRE_DEFINED_CURVE_FONT('continuous');
#8331 = STYLED_ITEM('color',(#8332),#5680);
#8332 = PRESENTATION_STYLE_ASSIGNMENT((#8333,#8338));
#8333 = SURFACE_STYLE_USAGE(.BOTH.,#8334);
#8334 = SURFACE_SIDE_STYLE('',(#8335));
#8335 = SURFACE_STYLE_FILL_AREA(#8336);
#8336 = FILL_AREA_STYLE('',(#8337));
#8337 = FILL_AREA_STYLE_COLOUR('',#7950);
#8338 = CURVE_STYLE('',#8339,POSITIVE_LENGTH_MEASURE(0.1),#7950);
#8339 = DRAUGHTING_PRE_DEFINED_CURVE_FONT('continuous');
#8340 = STYLED_ITEM('color',(#8341),#5772);
#8341 = PRESENTATION_STYLE_ASSIGNMENT((#8342,#8347));
#8342 = SURFACE_STYLE_USAGE(.BOTH.,#8343);
#8343 = SURFACE_SIDE_STYLE('',(#8344));
#8344 = SURFACE_STYLE_FILL_AREA(#8345);
#8345 = FILL_AREA_STYLE('',(#8346));
#8346 = FILL_AREA_STYLE_COLOUR('',#7950);
#8347 = CURVE_STYLE('',#8348,POSITIVE_LENGTH_MEASURE(0.1),#7950);
#8348 = DRAUGHTING_PRE_DEFINED_CURVE_FONT('continuous');
#8349 = STYLED_ITEM('color',(#8350),#5797);
#8350 = PRESENTATION_STYLE_ASSIGNMENT((#8351,#8356));
#8351 = SURFACE_STYLE_USAGE(.BOTH.,#8352);
#8352 = SURFACE_SIDE_STYLE('',(#8353));
#8353 = SURFACE_STYLE_FILL_AREA(#8354);
#8354 = FILL_AREA_STYLE('',(#8355));
#8355 = FILL_AREA_STYLE_COLOUR('',#7950);
#8356 = CURVE_STYLE('',#8357,POSITIVE_LENGTH_MEASURE(0.1),#7950);
#8357 = DRAUGHTING_PRE_DEFINED_CURVE_FONT('continuous');
#8358 = STYLED_ITEM('color',(#8359),#5881);
#8359 = PRESENTATION_STYLE_ASSIGNMENT((#8360,#8365));
#8360 = SURFACE_STYLE_USAGE(.BOTH.,#8361);
#8361 = SURFACE_SIDE_STYLE('',(#8362));
#8362 = SURFACE_STYLE_FILL_AREA(#8363);
#8363 = FILL_AREA_STYLE('',(#8364));
#8364 = FILL_AREA_STYLE_COLOUR('',#7950);
#8365 = CURVE_STYLE('',#8366,POSITIVE_LENGTH_MEASURE(0.1),#7950);
#8366 = DRAUGHTING_PRE_DEFINED_CURVE_FONT('continuous');
#8367 = STYLED_ITEM('color',(#8368),#5898);
#8368 = PRESENTATION_STYLE_ASSIGNMENT((#8369,#8374));
#8369 = SURFACE_STYLE_USAGE(.BOTH.,#8370);
#8370 = SURFACE_SIDE_STYLE('',(#8371));
#8371 = SURFACE_STYLE_FILL_AREA(#8372);
#8372 = FILL_AREA_STYLE('',(#8373));
#8373 = FILL_AREA_STYLE_COLOUR('',#7950);
#8374 = CURVE_STYLE('',#8375,POSITIVE_LENGTH_MEASURE(0.1),#7950);
#8375 = DRAUGHTING_PRE_DEFINED_CURVE_FONT('continuous');
#8376 = STYLED_ITEM('color',(#8377),#5917);
#8377 = PRESENTATION_STYLE_ASSIGNMENT((#8378,#8383));
#8378 = SURFACE_STYLE_USAGE(.BOTH.,#8379);
#8379 = SURFACE_SIDE_STYLE('',(#8380));
#8380 = SURFACE_STYLE_FILL_AREA(#8381);
#8381 = FILL_AREA_STYLE('',(#8382));
#8382 = FILL_AREA_STYLE_COLOUR('',#7950);
#8383 = CURVE_STYLE('',#8384,POSITIVE_LENGTH_MEASURE(0.1),#7950);
#8384 = DRAUGHTING_PRE_DEFINED_CURVE_FONT('continuous');
#8385 = STYLED_ITEM('color',(#8386),#5936);
#8386 = PRESENTATION_STYLE_ASSIGNMENT((#8387,#8392));
#8387 = SURFACE_STYLE_USAGE(.BOTH.,#8388);
#8388 = SURFACE_SIDE_STYLE('',(#8389));
#8389 = SURFACE_STYLE_FILL_AREA(#8390);
#8390 = FILL_AREA_STYLE('',(#8391));
#8391 = FILL_AREA_STYLE_COLOUR('',#7823);
#8392 = CURVE_STYLE('',#8393,POSITIVE_LENGTH_MEASURE(0.1),#7823);
#8393 = DRAUGHTING_PRE_DEFINED_CURVE_FONT('continuous');
#8394 = STYLED_ITEM('color',(#8395),#5982);
#8395 = PRESENTATION_STYLE_ASSIGNMENT((#8396,#8401));
#8396 = SURFACE_STYLE_USAGE(.BOTH.,#8397);
#8397 = SURFACE_SIDE_STYLE('',(#8398));
#8398 = SURFACE_STYLE_FILL_AREA(#8399);
#8399 = FILL_AREA_STYLE('',(#8400));
#8400 = FILL_AREA_STYLE_COLOUR('',#7823);
#8401 = CURVE_STYLE('',#8402,POSITIVE_LENGTH_MEASURE(0.1),#7823);
#8402 = DRAUGHTING_PRE_DEFINED_CURVE_FONT('continuous');
#8403 = STYLED_ITEM('color',(#8404),#5998);
#8404 = PRESENTATION_STYLE_ASSIGNMENT((#8405,#8410));
#8405 = SURFACE_STYLE_USAGE(.BOTH.,#8406);
#8406 = SURFACE_SIDE_STYLE('',(#8407));
#8407 = SURFACE_STYLE_FILL_AREA(#8408);
#8408 = FILL_AREA_STYLE('',(#8409));
#8409 = FILL_AREA_STYLE_COLOUR('',#7950);
#8410 = CURVE_STYLE('',#8411,POSITIVE_LENGTH_MEASURE(0.1),#7950);
#8411 = DRAUGHTING_PRE_DEFINED_CURVE_FONT('continuous');
#8412 = STYLED_ITEM('color',(#8413),#6017);
#8413 = PRESENTATION_STYLE_ASSIGNMENT((#8414,#8419));
#8414 = SURFACE_STYLE_USAGE(.BOTH.,#8415);
#8415 = SURFACE_SIDE_STYLE('',(#8416));
#8416 = SURFACE_STYLE_FILL_AREA(#8417);
#8417 = FILL_AREA_STYLE('',(#8418));
#8418 = FILL_AREA_STYLE_COLOUR('',#7950);
#8419 = CURVE_STYLE('',#8420,POSITIVE_LENGTH_MEASURE(0.1),#7950);
#8420 = DRAUGHTING_PRE_DEFINED_CURVE_FONT('continuous');
#8421 = STYLED_ITEM('color',(#8422),#6036);
#8422 = PRESENTATION_STYLE_ASSIGNMENT((#8423,#8428));
#8423 = SURFACE_STYLE_USAGE(.BOTH.,#8424);
#8424 = SURFACE_SIDE_STYLE('',(#8425));
#8425 = SURFACE_STYLE_FILL_AREA(#8426);
#8426 = FILL_AREA_STYLE('',(#8427));
#8427 = FILL_AREA_STYLE_COLOUR('',#7823);
#8428 = CURVE_STYLE('',#8429,POSITIVE_LENGTH_MEASURE(0.1),#7823);
#8429 = DRAUGHTING_PRE_DEFINED_CURVE_FONT('continuous');
#8430 = STYLED_ITEM('color',(#8431),#6052);
#8431 = PRESENTATION_STYLE_ASSIGNMENT((#8432,#8437));
#8432 = SURFACE_STYLE_USAGE(.BOTH.,#8433);
#8433 = SURFACE_SIDE_STYLE('',(#8434));
#8434 = SURFACE_STYLE_FILL_AREA(#8435);
#8435 = FILL_AREA_STYLE('',(#8436));
#8436 = FILL_AREA_STYLE_COLOUR('',#7950);
#8437 = CURVE_STYLE('',#8438,POSITIVE_LENGTH_MEASURE(0.1),#7950);
#8438 = DRAUGHTING_PRE_DEFINED_CURVE_FONT('continuous');
#8439 = STYLED_ITEM('color',(#8440),#6069);
#8440 = PRESENTATION_STYLE_ASSIGNMENT((#8441,#8446));
#8441 = SURFACE_STYLE_USAGE(.BOTH.,#8442);
#8442 = SURFACE_SIDE_STYLE('',(#8443));
#8443 = SURFACE_STYLE_FILL_AREA(#8444);
#8444 = FILL_AREA_STYLE('',(#8445));
#8445 = FILL_AREA_STYLE_COLOUR('',#7823);
#8446 = CURVE_STYLE('',#8447,POSITIVE_LENGTH_MEASURE(0.1),#7823);
#8447 = DRAUGHTING_PRE_DEFINED_CURVE_FONT('continuous');
#8448 = STYLED_ITEM('color',(#8449),#6081);
#8449 = PRESENTATION_STYLE_ASSIGNMENT((#8450,#8455));
#8450 = SURFACE_STYLE_USAGE(.BOTH.,#8451);
#8451 = SURFACE_SIDE_STYLE('',(#8452));
#8452 = SURFACE_STYLE_FILL_AREA(#8453);
#8453 = FILL_AREA_STYLE('',(#8454));
#8454 = FILL_AREA_STYLE_COLOUR('',#7950);
#8455 = CURVE_STYLE('',#8456,POSITIVE_LENGTH_MEASURE(0.1),#7950);
#8456 = DRAUGHTING_PRE_DEFINED_CURVE_FONT('continuous');
#8457 = STYLED_ITEM('color',(#8458),#6098);
#8458 = PRESENTATION_STYLE_ASSIGNMENT((#8459,#8464));
#8459 = SURFACE_STYLE_USAGE(.BOTH.,#8460);
#8460 = SURFACE_SIDE_STYLE('',(#8461));
#8461 = SURFACE_STYLE_FILL_AREA(#8462);
#8462 = FILL_AREA_STYLE('',(#8463));
#8463 = FILL_AREA_STYLE_COLOUR('',#7950);
#8464 = CURVE_STYLE('',#8465,POSITIVE_LENGTH_MEASURE(0.1),#7950);
#8465 = DRAUGHTING_PRE_DEFINED_CURVE_FONT('continuous');
#8466 = STYLED_ITEM('color',(#8467),#6115);
#8467 = PRESENTATION_STYLE_ASSIGNMENT((#8468,#8473));
#8468 = SURFACE_STYLE_USAGE(.BOTH.,#8469);
#8469 = SURFACE_SIDE_STYLE('',(#8470));
#8470 = SURFACE_STYLE_FILL_AREA(#8471);
#8471 = FILL_AREA_STYLE('',(#8472));
#8472 = FILL_AREA_STYLE_COLOUR('',#7950);
#8473 = CURVE_STYLE('',#8474,POSITIVE_LENGTH_MEASURE(0.1),#7950);
#8474 = DRAUGHTING_PRE_DEFINED_CURVE_FONT('continuous');
#8475 = STYLED_ITEM('color',(#8476),#6132);
#8476 = PRESENTATION_STYLE_ASSIGNMENT((#8477,#8482));
#8477 = SURFACE_STYLE_USAGE(.BOTH.,#8478);
#8478 = SURFACE_SIDE_STYLE('',(#8479));
#8479 = SURFACE_STYLE_FILL_AREA(#8480);
#8480 = FILL_AREA_STYLE('',(#8481));
#8481 = FILL_AREA_STYLE_COLOUR('',#7950);
#8482 = CURVE_STYLE('',#8483,POSITIVE_LENGTH_MEASURE(0.1),#7950);
#8483 = DRAUGHTING_PRE_DEFINED_CURVE_FONT('continuous');
#8484 = STYLED_ITEM('color',(#8485),#6149);
#8485 = PRESENTATION_STYLE_ASSIGNMENT((#8486,#8491));
#8486 = SURFACE_STYLE_USAGE(.BOTH.,#8487);
#8487 = SURFACE_SIDE_STYLE('',(#8488));
#8488 = SURFACE_STYLE_FILL_AREA(#8489);
#8489 = FILL_AREA_STYLE('',(#8490));
#8490 = FILL_AREA_STYLE_COLOUR('',#7950);
#8491 = CURVE_STYLE('',#8492,POSITIVE_LENGTH_MEASURE(0.1),#7950);
#8492 = DRAUGHTING_PRE_DEFINED_CURVE_FONT('continuous');
#8493 = STYLED_ITEM('color',(#8494),#6166);
#8494 = PRESENTATION_STYLE_ASSIGNMENT((#8495,#8500));
#8495 = SURFACE_STYLE_USAGE(.BOTH.,#8496);
#8496 = SURFACE_SIDE_STYLE('',(#8497));
#8497 = SURFACE_STYLE_FILL_AREA(#8498);
#8498 = FILL_AREA_STYLE('',(#8499));
#8499 = FILL_AREA_STYLE_COLOUR('',#7950);
#8500 = CURVE_STYLE('',#8501,POSITIVE_LENGTH_MEASURE(0.1),#7950);
#8501 = DRAUGHTING_PRE_DEFINED_CURVE_FONT('continuous');
#8502 = STYLED_ITEM('color',(#8503),#6183);
#8503 = PRESENTATION_STYLE_ASSIGNMENT((#8504,#8509));
#8504 = SURFACE_STYLE_USAGE(.BOTH.,#8505);
#8505 = SURFACE_SIDE_STYLE('',(#8506));
#8506 = SURFACE_STYLE_FILL_AREA(#8507);
#8507 = FILL_AREA_STYLE('',(#8508));
#8508 = FILL_AREA_STYLE_COLOUR('',#7950);
#8509 = CURVE_STYLE('',#8510,POSITIVE_LENGTH_MEASURE(0.1),#7950);
#8510 = DRAUGHTING_PRE_DEFINED_CURVE_FONT('continuous');
#8511 = STYLED_ITEM('color',(#8512),#6200);
#8512 = PRESENTATION_STYLE_ASSIGNMENT((#8513,#8518));
#8513 = SURFACE_STYLE_USAGE(.BOTH.,#8514);
#8514 = SURFACE_SIDE_STYLE('',(#8515));
#8515 = SURFACE_STYLE_FILL_AREA(#8516);
#8516 = FILL_AREA_STYLE('',(#8517));
#8517 = FILL_AREA_STYLE_COLOUR('',#7950);
#8518 = CURVE_STYLE('',#8519,POSITIVE_LENGTH_MEASURE(0.1),#7950);
#8519 = DRAUGHTING_PRE_DEFINED_CURVE_FONT('continuous');
#8520 = STYLED_ITEM('color',(#8521),#6212);
#8521 = PRESENTATION_STYLE_ASSIGNMENT((#8522,#8527));
#8522 = SURFACE_STYLE_USAGE(.BOTH.,#8523);
#8523 = SURFACE_SIDE_STYLE('',(#8524));
#8524 = SURFACE_STYLE_FILL_AREA(#8525);
#8525 = FILL_AREA_STYLE('',(#8526));
#8526 = FILL_AREA_STYLE_COLOUR('',#7950);
#8527 = CURVE_STYLE('',#8528,POSITIVE_LENGTH_MEASURE(0.1),#7950);
#8528 = DRAUGHTING_PRE_DEFINED_CURVE_FONT('continuous');
#8529 = STYLED_ITEM('color',(#8530),#6229);
#8530 = PRESENTATION_STYLE_ASSIGNMENT((#8531,#8536));
#8531 = SURFACE_STYLE_USAGE(.BOTH.,#8532);
#8532 = SURFACE_SIDE_STYLE('',(#8533));
#8533 = SURFACE_STYLE_FILL_AREA(#8534);
#8534 = FILL_AREA_STYLE('',(#8535));
#8535 = FILL_AREA_STYLE_COLOUR('',#7950);
#8536 = CURVE_STYLE('',#8537,POSITIVE_LENGTH_MEASURE(0.1),#7950);
#8537 = DRAUGHTING_PRE_DEFINED_CURVE_FONT('continuous');
#8538 = STYLED_ITEM('color',(#8539),#6246);
#8539 = PRESENTATION_STYLE_ASSIGNMENT((#8540,#8545));
#8540 = SURFACE_STYLE_USAGE(.BOTH.,#8541);
#8541 = SURFACE_SIDE_STYLE('',(#8542));
#8542 = SURFACE_STYLE_FILL_AREA(#8543);
#8543 = FILL_AREA_STYLE('',(#8544));
#8544 = FILL_AREA_STYLE_COLOUR('',#7950);
#8545 = CURVE_STYLE('',#8546,POSITIVE_LENGTH_MEASURE(0.1),#7950);
#8546 = DRAUGHTING_PRE_DEFINED_CURVE_FONT('continuous');
#8547 = STYLED_ITEM('color',(#8548),#6263);
#8548 = PRESENTATION_STYLE_ASSIGNMENT((#8549,#8554));
#8549 = SURFACE_STYLE_USAGE(.BOTH.,#8550);
#8550 = SURFACE_SIDE_STYLE('',(#8551));
#8551 = SURFACE_STYLE_FILL_AREA(#8552);
#8552 = FILL_AREA_STYLE('',(#8553));
#8553 = FILL_AREA_STYLE_COLOUR('',#7950);
#8554 = CURVE_STYLE('',#8555,POSITIVE_LENGTH_MEASURE(0.1),#7950);
#8555 = DRAUGHTING_PRE_DEFINED_CURVE_FONT('continuous');
#8556 = STYLED_ITEM('color',(#8557),#6280);
#8557 = PRESENTATION_STYLE_ASSIGNMENT((#8558,#8563));
#8558 = SURFACE_STYLE_USAGE(.BOTH.,#8559);
#8559 = SURFACE_SIDE_STYLE('',(#8560));
#8560 = SURFACE_STYLE_FILL_AREA(#8561);
#8561 = FILL_AREA_STYLE('',(#8562));
#8562 = FILL_AREA_STYLE_COLOUR('',#7950);
#8563 = CURVE_STYLE('',#8564,POSITIVE_LENGTH_MEASURE(0.1),#7950);
#8564 = DRAUGHTING_PRE_DEFINED_CURVE_FONT('continuous');
#8565 = STYLED_ITEM('color',(#8566),#6297);
#8566 = PRESENTATION_STYLE_ASSIGNMENT((#8567,#8572));
#8567 = SURFACE_STYLE_USAGE(.BOTH.,#8568);
#8568 = SURFACE_SIDE_STYLE('',(#8569));
#8569 = SURFACE_STYLE_FILL_AREA(#8570);
#8570 = FILL_AREA_STYLE('',(#8571));
#8571 = FILL_AREA_STYLE_COLOUR('',#7950);
#8572 = CURVE_STYLE('',#8573,POSITIVE_LENGTH_MEASURE(0.1),#7950);
#8573 = DRAUGHTING_PRE_DEFINED_CURVE_FONT('continuous');
#8574 = STYLED_ITEM('color',(#8575),#6314);
#8575 = PRESENTATION_STYLE_ASSIGNMENT((#8576,#8581));
#8576 = SURFACE_STYLE_USAGE(.BOTH.,#8577);
#8577 = SURFACE_SIDE_STYLE('',(#8578));
#8578 = SURFACE_STYLE_FILL_AREA(#8579);
#8579 = FILL_AREA_STYLE('',(#8580));
#8580 = FILL_AREA_STYLE_COLOUR('',#7950);
#8581 = CURVE_STYLE('',#8582,POSITIVE_LENGTH_MEASURE(0.1),#7950);
#8582 = DRAUGHTING_PRE_DEFINED_CURVE_FONT('continuous');
#8583 = STYLED_ITEM('color',(#8584),#6331);
#8584 = PRESENTATION_STYLE_ASSIGNMENT((#8585,#8590));
#8585 = SURFACE_STYLE_USAGE(.BOTH.,#8586);
#8586 = SURFACE_SIDE_STYLE('',(#8587));
#8587 = SURFACE_STYLE_FILL_AREA(#8588);
#8588 = FILL_AREA_STYLE('',(#8589));
#8589 = FILL_AREA_STYLE_COLOUR('',#7950);
#8590 = CURVE_STYLE('',#8591,POSITIVE_LENGTH_MEASURE(0.1),#7950);
#8591 = DRAUGHTING_PRE_DEFINED_CURVE_FONT('continuous');
#8592 = STYLED_ITEM('color',(#8593),#6343);
#8593 = PRESENTATION_STYLE_ASSIGNMENT((#8594,#8599));
#8594 = SURFACE_STYLE_USAGE(.BOTH.,#8595);
#8595 = SURFACE_SIDE_STYLE('',(#8596));
#8596 = SURFACE_STYLE_FILL_AREA(#8597);
#8597 = FILL_AREA_STYLE('',(#8598));
#8598 = FILL_AREA_STYLE_COLOUR('',#7950);
#8599 = CURVE_STYLE('',#8600,POSITIVE_LENGTH_MEASURE(0.1),#7950);
#8600 = DRAUGHTING_PRE_DEFINED_CURVE_FONT('continuous');
#8601 = STYLED_ITEM('color',(#8602),#6360);
#8602 = PRESENTATION_STYLE_ASSIGNMENT((#8603,#8608));
#8603 = SURFACE_STYLE_USAGE(.BOTH.,#8604);
#8604 = SURFACE_SIDE_STYLE('',(#8605));
#8605 = SURFACE_STYLE_FILL_AREA(#8606);
#8606 = FILL_AREA_STYLE('',(#8607));
#8607 = FILL_AREA_STYLE_COLOUR('',#7950);
#8608 = CURVE_STYLE('',#8609,POSITIVE_LENGTH_MEASURE(0.1),#7950);
#8609 = DRAUGHTING_PRE_DEFINED_CURVE_FONT('continuous');
#8610 = STYLED_ITEM('color',(#8611),#6377);
#8611 = PRESENTATION_STYLE_ASSIGNMENT((#8612,#8617));
#8612 = SURFACE_STYLE_USAGE(.BOTH.,#8613);
#8613 = SURFACE_SIDE_STYLE('',(#8614));
#8614 = SURFACE_STYLE_FILL_AREA(#8615);
#8615 = FILL_AREA_STYLE('',(#8616));
#8616 = FILL_AREA_STYLE_COLOUR('',#7950);
#8617 = CURVE_STYLE('',#8618,POSITIVE_LENGTH_MEASURE(0.1),#7950);
#8618 = DRAUGHTING_PRE_DEFINED_CURVE_FONT('continuous');
#8619 = STYLED_ITEM('color',(#8620),#6394);
#8620 = PRESENTATION_STYLE_ASSIGNMENT((#8621,#8626));
#8621 = SURFACE_STYLE_USAGE(.BOTH.,#8622);
#8622 = SURFACE_SIDE_STYLE('',(#8623));
#8623 = SURFACE_STYLE_FILL_AREA(#8624);
#8624 = FILL_AREA_STYLE('',(#8625));
#8625 = FILL_AREA_STYLE_COLOUR('',#7950);
#8626 = CURVE_STYLE('',#8627,POSITIVE_LENGTH_MEASURE(0.1),#7950);
#8627 = DRAUGHTING_PRE_DEFINED_CURVE_FONT('continuous');
#8628 = STYLED_ITEM('color',(#8629),#6411);
#8629 = PRESENTATION_STYLE_ASSIGNMENT((#8630,#8635));
#8630 = SURFACE_STYLE_USAGE(.BOTH.,#8631);
#8631 = SURFACE_SIDE_STYLE('',(#8632));
#8632 = SURFACE_STYLE_FILL_AREA(#8633);
#8633 = FILL_AREA_STYLE('',(#8634));
#8634 = FILL_AREA_STYLE_COLOUR('',#7950);
#8635 = CURVE_STYLE('',#8636,POSITIVE_LENGTH_MEASURE(0.1),#7950);
#8636 = DRAUGHTING_PRE_DEFINED_CURVE_FONT('continuous');
#8637 = STYLED_ITEM('color',(#8638),#6428);
#8638 = PRESENTATION_STYLE_ASSIGNMENT((#8639,#8644));
#8639 = SURFACE_STYLE_USAGE(.BOTH.,#8640);
#8640 = SURFACE_SIDE_STYLE('',(#8641));
#8641 = SURFACE_STYLE_FILL_AREA(#8642);
#8642 = FILL_AREA_STYLE('',(#8643));
#8643 = FILL_AREA_STYLE_COLOUR('',#7950);
#8644 = CURVE_STYLE('',#8645,POSITIVE_LENGTH_MEASURE(0.1),#7950);
#8645 = DRAUGHTING_PRE_DEFINED_CURVE_FONT('continuous');
#8646 = STYLED_ITEM('color',(#8647),#6445);
#8647 = PRESENTATION_STYLE_ASSIGNMENT((#8648,#8653));
#8648 = SURFACE_STYLE_USAGE(.BOTH.,#8649);
#8649 = SURFACE_SIDE_STYLE('',(#8650));
#8650 = SURFACE_STYLE_FILL_AREA(#8651);
#8651 = FILL_AREA_STYLE('',(#8652));
#8652 = FILL_AREA_STYLE_COLOUR('',#7950);
#8653 = CURVE_STYLE('',#8654,POSITIVE_LENGTH_MEASURE(0.1),#7950);
#8654 = DRAUGHTING_PRE_DEFINED_CURVE_FONT('continuous');
#8655 = STYLED_ITEM('color',(#8656),#6457);
#8656 = PRESENTATION_STYLE_ASSIGNMENT((#8657,#8662));
#8657 = SURFACE_STYLE_USAGE(.BOTH.,#8658);
#8658 = SURFACE_SIDE_STYLE('',(#8659));
#8659 = SURFACE_STYLE_FILL_AREA(#8660);
#8660 = FILL_AREA_STYLE('',(#8661));
#8661 = FILL_AREA_STYLE_COLOUR('',#7950);
#8662 = CURVE_STYLE('',#8663,POSITIVE_LENGTH_MEASURE(0.1),#7950);
#8663 = DRAUGHTING_PRE_DEFINED_CURVE_FONT('continuous');
#8664 = STYLED_ITEM('color',(#8665),#6474);
#8665 = PRESENTATION_STYLE_ASSIGNMENT((#8666,#8671));
#8666 = SURFACE_STYLE_USAGE(.BOTH.,#8667);
#8667 = SURFACE_SIDE_STYLE('',(#8668));
#8668 = SURFACE_STYLE_FILL_AREA(#8669);
#8669 = FILL_AREA_STYLE('',(#8670));
#8670 = FILL_AREA_STYLE_COLOUR('',#7950);
#8671 = CURVE_STYLE('',#8672,POSITIVE_LENGTH_MEASURE(0.1),#7950);
#8672 = DRAUGHTING_PRE_DEFINED_CURVE_FONT('continuous');
#8673 = STYLED_ITEM('color',(#8674),#6491);
#8674 = PRESENTATION_STYLE_ASSIGNMENT((#8675,#8680));
#8675 = SURFACE_STYLE_USAGE(.BOTH.,#8676);
#8676 = SURFACE_SIDE_STYLE('',(#8677));
#8677 = SURFACE_STYLE_FILL_AREA(#8678);
#8678 = FILL_AREA_STYLE('',(#8679));
#8679 = FILL_AREA_STYLE_COLOUR('',#7950);
#8680 = CURVE_STYLE('',#8681,POSITIVE_LENGTH_MEASURE(0.1),#7950);
#8681 = DRAUGHTING_PRE_DEFINED_CURVE_FONT('continuous');
#8682 = STYLED_ITEM('color',(#8683),#6508);
#8683 = PRESENTATION_STYLE_ASSIGNMENT((#8684,#8689));
#8684 = SURFACE_STYLE_USAGE(.BOTH.,#8685);
#8685 = SURFACE_SIDE_STYLE('',(#8686));
#8686 = SURFACE_STYLE_FILL_AREA(#8687);
#8687 = FILL_AREA_STYLE('',(#8688));
#8688 = FILL_AREA_STYLE_COLOUR('',#7950);
#8689 = CURVE_STYLE('',#8690,POSITIVE_LENGTH_MEASURE(0.1),#7950);
#8690 = DRAUGHTING_PRE_DEFINED_CURVE_FONT('continuous');
#8691 = STYLED_ITEM('color',(#8692),#6525);
#8692 = PRESENTATION_STYLE_ASSIGNMENT((#8693,#8698));
#8693 = SURFACE_STYLE_USAGE(.BOTH.,#8694);
#8694 = SURFACE_SIDE_STYLE('',(#8695));
#8695 = SURFACE_STYLE_FILL_AREA(#8696);
#8696 = FILL_AREA_STYLE('',(#8697));
#8697 = FILL_AREA_STYLE_COLOUR('',#7950);
#8698 = CURVE_STYLE('',#8699,POSITIVE_LENGTH_MEASURE(0.1),#7950);
#8699 = DRAUGHTING_PRE_DEFINED_CURVE_FONT('continuous');
#8700 = STYLED_ITEM('color',(#8701),#6542);
#8701 = PRESENTATION_STYLE_ASSIGNMENT((#8702,#8707));
#8702 = SURFACE_STYLE_USAGE(.BOTH.,#8703);
#8703 = SURFACE_SIDE_STYLE('',(#8704));
#8704 = SURFACE_STYLE_FILL_AREA(#8705);
#8705 = FILL_AREA_STYLE('',(#8706));
#8706 = FILL_AREA_STYLE_COLOUR('',#7950);
#8707 = CURVE_STYLE('',#8708,POSITIVE_LENGTH_MEASURE(0.1),#7950);
#8708 = DRAUGHTING_PRE_DEFINED_CURVE_FONT('continuous');
#8709 = STYLED_ITEM('color',(#8710),#6559);
#8710 = PRESENTATION_STYLE_ASSIGNMENT((#8711,#8716));
#8711 = SURFACE_STYLE_USAGE(.BOTH.,#8712);
#8712 = SURFACE_SIDE_STYLE('',(#8713));
#8713 = SURFACE_STYLE_FILL_AREA(#8714);
#8714 = FILL_AREA_STYLE('',(#8715));
#8715 = FILL_AREA_STYLE_COLOUR('',#7950);
#8716 = CURVE_STYLE('',#8717,POSITIVE_LENGTH_MEASURE(0.1),#7950);
#8717 = DRAUGHTING_PRE_DEFINED_CURVE_FONT('continuous');
#8718 = STYLED_ITEM('color',(#8719),#6571);
#8719 = PRESENTATION_STYLE_ASSIGNMENT((#8720,#8725));
#8720 = SURFACE_STYLE_USAGE(.BOTH.,#8721);
#8721 = SURFACE_SIDE_STYLE('',(#8722));
#8722 = SURFACE_STYLE_FILL_AREA(#8723);
#8723 = FILL_AREA_STYLE('',(#8724));
#8724 = FILL_AREA_STYLE_COLOUR('',#7950);
#8725 = CURVE_STYLE('',#8726,POSITIVE_LENGTH_MEASURE(0.1),#7950);
#8726 = DRAUGHTING_PRE_DEFINED_CURVE_FONT('continuous');
#8727 = STYLED_ITEM('color',(#8728),#6588);
#8728 = PRESENTATION_STYLE_ASSIGNMENT((#8729,#8734));
#8729 = SURFACE_STYLE_USAGE(.BOTH.,#8730);
#8730 = SURFACE_SIDE_STYLE('',(#8731));
#8731 = SURFACE_STYLE_FILL_AREA(#8732);
#8732 = FILL_AREA_STYLE('',(#8733));
#8733 = FILL_AREA_STYLE_COLOUR('',#7950);
#8734 = CURVE_STYLE('',#8735,POSITIVE_LENGTH_MEASURE(0.1),#7950);
#8735 = DRAUGHTING_PRE_DEFINED_CURVE_FONT('continuous');
#8736 = STYLED_ITEM('color',(#8737),#6605);
#8737 = PRESENTATION_STYLE_ASSIGNMENT((#8738,#8743));
#8738 = SURFACE_STYLE_USAGE(.BOTH.,#8739);
#8739 = SURFACE_SIDE_STYLE('',(#8740));
#8740 = SURFACE_STYLE_FILL_AREA(#8741);
#8741 = FILL_AREA_STYLE('',(#8742));
#8742 = FILL_AREA_STYLE_COLOUR('',#7950);
#8743 = CURVE_STYLE('',#8744,POSITIVE_LENGTH_MEASURE(0.1),#7950);
#8744 = DRAUGHTING_PRE_DEFINED_CURVE_FONT('continuous');
#8745 = STYLED_ITEM('color',(#8746),#6622);
#8746 = PRESENTATION_STYLE_ASSIGNMENT((#8747,#8752));
#8747 = SURFACE_STYLE_USAGE(.BOTH.,#8748);
#8748 = SURFACE_SIDE_STYLE('',(#8749));
#8749 = SURFACE_STYLE_FILL_AREA(#8750);
#8750 = FILL_AREA_STYLE('',(#8751));
#8751 = FILL_AREA_STYLE_COLOUR('',#7950);
#8752 = CURVE_STYLE('',#8753,POSITIVE_LENGTH_MEASURE(0.1),#7950);
#8753 = DRAUGHTING_PRE_DEFINED_CURVE_FONT('continuous');
#8754 = STYLED_ITEM('color',(#8755),#6639);
#8755 = PRESENTATION_STYLE_ASSIGNMENT((#8756,#8761));
#8756 = SURFACE_STYLE_USAGE(.BOTH.,#8757);
#8757 = SURFACE_SIDE_STYLE('',(#8758));
#8758 = SURFACE_STYLE_FILL_AREA(#8759);
#8759 = FILL_AREA_STYLE('',(#8760));
#8760 = FILL_AREA_STYLE_COLOUR('',#7950);
#8761 = CURVE_STYLE('',#8762,POSITIVE_LENGTH_MEASURE(0.1),#7950);
#8762 = DRAUGHTING_PRE_DEFINED_CURVE_FONT('continuous');
#8763 = STYLED_ITEM('color',(#8764),#6656);
#8764 = PRESENTATION_STYLE_ASSIGNMENT((#8765,#8770));
#8765 = SURFACE_STYLE_USAGE(.BOTH.,#8766);
#8766 = SURFACE_SIDE_STYLE('',(#8767));
#8767 = SURFACE_STYLE_FILL_AREA(#8768);
#8768 = FILL_AREA_STYLE('',(#8769));
#8769 = FILL_AREA_STYLE_COLOUR('',#7950);
#8770 = CURVE_STYLE('',#8771,POSITIVE_LENGTH_MEASURE(0.1),#7950);
#8771 = DRAUGHTING_PRE_DEFINED_CURVE_FONT('continuous');
#8772 = STYLED_ITEM('color',(#8773),#6673);
#8773 = PRESENTATION_STYLE_ASSIGNMENT((#8774,#8779));
#8774 = SURFACE_STYLE_USAGE(.BOTH.,#8775);
#8775 = SURFACE_SIDE_STYLE('',(#8776));
#8776 = SURFACE_STYLE_FILL_AREA(#8777);
#8777 = FILL_AREA_STYLE('',(#8778));
#8778 = FILL_AREA_STYLE_COLOUR('',#7950);
#8779 = CURVE_STYLE('',#8780,POSITIVE_LENGTH_MEASURE(0.1),#7950);
#8780 = DRAUGHTING_PRE_DEFINED_CURVE_FONT('continuous');
#8781 = STYLED_ITEM('color',(#8782),#6690);
#8782 = PRESENTATION_STYLE_ASSIGNMENT((#8783,#8788));
#8783 = SURFACE_STYLE_USAGE(.BOTH.,#8784);
#8784 = SURFACE_SIDE_STYLE('',(#8785));
#8785 = SURFACE_STYLE_FILL_AREA(#8786);
#8786 = FILL_AREA_STYLE('',(#8787));
#8787 = FILL_AREA_STYLE_COLOUR('',#7950);
#8788 = CURVE_STYLE('',#8789,POSITIVE_LENGTH_MEASURE(0.1),#7950);
#8789 = DRAUGHTING_PRE_DEFINED_CURVE_FONT('continuous');
#8790 = STYLED_ITEM('color',(#8791),#6702);
#8791 = PRESENTATION_STYLE_ASSIGNMENT((#8792,#8797));
#8792 = SURFACE_STYLE_USAGE(.BOTH.,#8793);
#8793 = SURFACE_SIDE_STYLE('',(#8794));
#8794 = SURFACE_STYLE_FILL_AREA(#8795);
#8795 = FILL_AREA_STYLE('',(#8796));
#8796 = FILL_AREA_STYLE_COLOUR('',#7950);
#8797 = CURVE_STYLE('',#8798,POSITIVE_LENGTH_MEASURE(0.1),#7950);
#8798 = DRAUGHTING_PRE_DEFINED_CURVE_FONT('continuous');
#8799 = STYLED_ITEM('color',(#8800),#6719);
#8800 = PRESENTATION_STYLE_ASSIGNMENT((#8801,#8806));
#8801 = SURFACE_STYLE_USAGE(.BOTH.,#8802);
#8802 = SURFACE_SIDE_STYLE('',(#8803));
#8803 = SURFACE_STYLE_FILL_AREA(#8804);
#8804 = FILL_AREA_STYLE('',(#8805));
#8805 = FILL_AREA_STYLE_COLOUR('',#7950);
#8806 = CURVE_STYLE('',#8807,POSITIVE_LENGTH_MEASURE(0.1),#7950);
#8807 = DRAUGHTING_PRE_DEFINED_CURVE_FONT('continuous');
#8808 = STYLED_ITEM('color',(#8809),#6736);
#8809 = PRESENTATION_STYLE_ASSIGNMENT((#8810,#8815));
#8810 = SURFACE_STYLE_USAGE(.BOTH.,#8811);
#8811 = SURFACE_SIDE_STYLE('',(#8812));
#8812 = SURFACE_STYLE_FILL_AREA(#8813);
#8813 = FILL_AREA_STYLE('',(#8814));
#8814 = FILL_AREA_STYLE_COLOUR('',#7950);
#8815 = CURVE_STYLE('',#8816,POSITIVE_LENGTH_MEASURE(0.1),#7950);
#8816 = DRAUGHTING_PRE_DEFINED_CURVE_FONT('continuous');
#8817 = STYLED_ITEM('color',(#8818),#6753);
#8818 = PRESENTATION_STYLE_ASSIGNMENT((#8819,#8824));
#8819 = SURFACE_STYLE_USAGE(.BOTH.,#8820);
#8820 = SURFACE_SIDE_STYLE('',(#8821));
#8821 = SURFACE_STYLE_FILL_AREA(#8822);
#8822 = FILL_AREA_STYLE('',(#8823));
#8823 = FILL_AREA_STYLE_COLOUR('',#7950);
#8824 = CURVE_STYLE('',#8825,POSITIVE_LENGTH_MEASURE(0.1),#7950);
#8825 = DRAUGHTING_PRE_DEFINED_CURVE_FONT('continuous');
#8826 = STYLED_ITEM('color',(#8827),#6770);
#8827 = PRESENTATION_STYLE_ASSIGNMENT((#8828,#8833));
#8828 = SURFACE_STYLE_USAGE(.BOTH.,#8829);
#8829 = SURFACE_SIDE_STYLE('',(#8830));
#8830 = SURFACE_STYLE_FILL_AREA(#8831);
#8831 = FILL_AREA_STYLE('',(#8832));
#8832 = FILL_AREA_STYLE_COLOUR('',#7950);
#8833 = CURVE_STYLE('',#8834,POSITIVE_LENGTH_MEASURE(0.1),#7950);
#8834 = DRAUGHTING_PRE_DEFINED_CURVE_FONT('continuous');
#8835 = STYLED_ITEM('color',(#8836),#6787);
#8836 = PRESENTATION_STYLE_ASSIGNMENT((#8837,#8842));
#8837 = SURFACE_STYLE_USAGE(.BOTH.,#8838);
#8838 = SURFACE_SIDE_STYLE('',(#8839));
#8839 = SURFACE_STYLE_FILL_AREA(#8840);
#8840 = FILL_AREA_STYLE('',(#8841));
#8841 = FILL_AREA_STYLE_COLOUR('',#7950);
#8842 = CURVE_STYLE('',#8843,POSITIVE_LENGTH_MEASURE(0.1),#7950);
#8843 = DRAUGHTING_PRE_DEFINED_CURVE_FONT('continuous');
#8844 = STYLED_ITEM('color',(#8845),#6804);
#8845 = PRESENTATION_STYLE_ASSIGNMENT((#8846,#8851));
#8846 = SURFACE_STYLE_USAGE(.BOTH.,#8847);
#8847 = SURFACE_SIDE_STYLE('',(#8848));
#8848 = SURFACE_STYLE_FILL_AREA(#8849);
#8849 = FILL_AREA_STYLE('',(#8850));
#8850 = FILL_AREA_STYLE_COLOUR('',#7950);
#8851 = CURVE_STYLE('',#8852,POSITIVE_LENGTH_MEASURE(0.1),#7950);
#8852 = DRAUGHTING_PRE_DEFINED_CURVE_FONT('continuous');
#8853 = STYLED_ITEM('color',(#8854),#6821);
#8854 = PRESENTATION_STYLE_ASSIGNMENT((#8855,#8860));
#8855 = SURFACE_STYLE_USAGE(.BOTH.,#8856);
#8856 = SURFACE_SIDE_STYLE('',(#8857));
#8857 = SURFACE_STYLE_FILL_AREA(#8858);
#8858 = FILL_AREA_STYLE('',(#8859));
#8859 = FILL_AREA_STYLE_COLOUR('',#7950);
#8860 = CURVE_STYLE('',#8861,POSITIVE_LENGTH_MEASURE(0.1),#7950);
#8861 = DRAUGHTING_PRE_DEFINED_CURVE_FONT('continuous');
#8862 = STYLED_ITEM('color',(#8863),#6833);
#8863 = PRESENTATION_STYLE_ASSIGNMENT((#8864,#8870));
#8864 = SURFACE_STYLE_USAGE(.BOTH.,#8865);
#8865 = SURFACE_SIDE_STYLE('',(#8866));
#8866 = SURFACE_STYLE_FILL_AREA(#8867);
#8867 = FILL_AREA_STYLE('',(#8868));
#8868 = FILL_AREA_STYLE_COLOUR('',#8869);
#8869 = COLOUR_RGB('',0.690999998585,0.664000007176,0.597999987832);
#8870 = CURVE_STYLE('',#8871,POSITIVE_LENGTH_MEASURE(0.1),#8869);
#8871 = DRAUGHTING_PRE_DEFINED_CURVE_FONT('continuous');
#8872 = MECHANICAL_DESIGN_GEOMETRIC_PRESENTATION_REPRESENTATION('',(
    #8873),#7804);
#8873 = STYLED_ITEM('color',(#8874),#6876);
#8874 = PRESENTATION_STYLE_ASSIGNMENT((#8875));
#8875 = SURFACE_STYLE_USAGE(.BOTH.,#8876);
#8876 = SURFACE_SIDE_STYLE('',(#8877));
#8877 = SURFACE_STYLE_FILL_AREA(#8878);
#8878 = FILL_AREA_STYLE('',(#8879));
#8879 = FILL_AREA_STYLE_COLOUR('',#8880);
#8880 = COLOUR_RGB('',0.313304153717,0.484529207832,0.410020903123);
#8881 = MECHANICAL_DESIGN_GEOMETRIC_PRESENTATION_REPRESENTATION('',(
    #8882,#8891,#8900,#8909,#8918,#8927,#8936,#8945,#8954,#8963,#8972,
    #8981,#8990,#8999,#9008,#9017,#9026,#9035,#9044,#9053,#9062,#9071,
    #9080,#9089,#9098,#9107,#9116,#9125,#9134,#9143,#9152,#9161,#9170,
    #9179,#9188,#9197,#9206,#9215,#9224,#9233,#9242,#9251,#9260,#9269,
    #9278,#9287,#9296,#9305,#9314,#9323,#9332,#9341,#9350,#9359,#9368,
    #9377,#9386,#9395,#9404),#3287);
#8882 = STYLED_ITEM('color',(#8883),#1601);
#8883 = PRESENTATION_STYLE_ASSIGNMENT((#8884,#8889));
#8884 = SURFACE_STYLE_USAGE(.BOTH.,#8885);
#8885 = SURFACE_SIDE_STYLE('',(#8886));
#8886 = SURFACE_STYLE_FILL_AREA(#8887);
#8887 = FILL_AREA_STYLE('',(#8888));
#8888 = FILL_AREA_STYLE_COLOUR('',#7823);
#8889 = CURVE_STYLE('',#8890,POSITIVE_LENGTH_MEASURE(0.1),#7823);
#8890 = DRAUGHTING_PRE_DEFINED_CURVE_FONT('continuous');
#8891 = STYLED_ITEM('color',(#8892),#1655);
#8892 = PRESENTATION_STYLE_ASSIGNMENT((#8893,#8898));
#8893 = SURFACE_STYLE_USAGE(.BOTH.,#8894);
#8894 = SURFACE_SIDE_STYLE('',(#8895));
#8895 = SURFACE_STYLE_FILL_AREA(#8896);
#8896 = FILL_AREA_STYLE('',(#8897));
#8897 = FILL_AREA_STYLE_COLOUR('',#7823);
#8898 = CURVE_STYLE('',#8899,POSITIVE_LENGTH_MEASURE(0.1),#7823);
#8899 = DRAUGHTING_PRE_DEFINED_CURVE_FONT('continuous');
#8900 = STYLED_ITEM('color',(#8901),#1718);
#8901 = PRESENTATION_STYLE_ASSIGNMENT((#8902,#8907));
#8902 = SURFACE_STYLE_USAGE(.BOTH.,#8903);
#8903 = SURFACE_SIDE_STYLE('',(#8904));
#8904 = SURFACE_STYLE_FILL_AREA(#8905);
#8905 = FILL_AREA_STYLE('',(#8906));
#8906 = FILL_AREA_STYLE_COLOUR('',#7823);
#8907 = CURVE_STYLE('',#8908,POSITIVE_LENGTH_MEASURE(0.1),#7823);
#8908 = DRAUGHTING_PRE_DEFINED_CURVE_FONT('continuous');
#8909 = STYLED_ITEM('color',(#8910),#1741);
#8910 = PRESENTATION_STYLE_ASSIGNMENT((#8911,#8916));
#8911 = SURFACE_STYLE_USAGE(.BOTH.,#8912);
#8912 = SURFACE_SIDE_STYLE('',(#8913));
#8913 = SURFACE_STYLE_FILL_AREA(#8914);
#8914 = FILL_AREA_STYLE('',(#8915));
#8915 = FILL_AREA_STYLE_COLOUR('',#7823);
#8916 = CURVE_STYLE('',#8917,POSITIVE_LENGTH_MEASURE(0.1),#7823);
#8917 = DRAUGHTING_PRE_DEFINED_CURVE_FONT('continuous');
#8918 = STYLED_ITEM('color',(#8919),#1771);
#8919 = PRESENTATION_STYLE_ASSIGNMENT((#8920,#8925));
#8920 = SURFACE_STYLE_USAGE(.BOTH.,#8921);
#8921 = SURFACE_SIDE_STYLE('',(#8922));
#8922 = SURFACE_STYLE_FILL_AREA(#8923);
#8923 = FILL_AREA_STYLE('',(#8924));
#8924 = FILL_AREA_STYLE_COLOUR('',#7950);
#8925 = CURVE_STYLE('',#8926,POSITIVE_LENGTH_MEASURE(0.1),#7950);
#8926 = DRAUGHTING_PRE_DEFINED_CURVE_FONT('continuous');
#8927 = STYLED_ITEM('color',(#8928),#1804);
#8928 = PRESENTATION_STYLE_ASSIGNMENT((#8929,#8934));
#8929 = SURFACE_STYLE_USAGE(.BOTH.,#8930);
#8930 = SURFACE_SIDE_STYLE('',(#8931));
#8931 = SURFACE_STYLE_FILL_AREA(#8932);
#8932 = FILL_AREA_STYLE('',(#8933));
#8933 = FILL_AREA_STYLE_COLOUR('',#7823);
#8934 = CURVE_STYLE('',#8935,POSITIVE_LENGTH_MEASURE(0.1),#7823);
#8935 = DRAUGHTING_PRE_DEFINED_CURVE_FONT('continuous');
#8936 = STYLED_ITEM('color',(#8937),#1834);
#8937 = PRESENTATION_STYLE_ASSIGNMENT((#8938,#8943));
#8938 = SURFACE_STYLE_USAGE(.BOTH.,#8939);
#8939 = SURFACE_SIDE_STYLE('',(#8940));
#8940 = SURFACE_STYLE_FILL_AREA(#8941);
#8941 = FILL_AREA_STYLE('',(#8942));
#8942 = FILL_AREA_STYLE_COLOUR('',#7823);
#8943 = CURVE_STYLE('',#8944,POSITIVE_LENGTH_MEASURE(0.1),#7823);
#8944 = DRAUGHTING_PRE_DEFINED_CURVE_FONT('continuous');
#8945 = STYLED_ITEM('color',(#8946),#1857);
#8946 = PRESENTATION_STYLE_ASSIGNMENT((#8947,#8952));
#8947 = SURFACE_STYLE_USAGE(.BOTH.,#8948);
#8948 = SURFACE_SIDE_STYLE('',(#8949));
#8949 = SURFACE_STYLE_FILL_AREA(#8950);
#8950 = FILL_AREA_STYLE('',(#8951));
#8951 = FILL_AREA_STYLE_COLOUR('',#7823);
#8952 = CURVE_STYLE('',#8953,POSITIVE_LENGTH_MEASURE(0.1),#7823);
#8953 = DRAUGHTING_PRE_DEFINED_CURVE_FONT('continuous');
#8954 = STYLED_ITEM('color',(#8955),#1880);
#8955 = PRESENTATION_STYLE_ASSIGNMENT((#8956,#8961));
#8956 = SURFACE_STYLE_USAGE(.BOTH.,#8957);
#8957 = SURFACE_SIDE_STYLE('',(#8958));
#8958 = SURFACE_STYLE_FILL_AREA(#8959);
#8959 = FILL_AREA_STYLE('',(#8960));
#8960 = FILL_AREA_STYLE_COLOUR('',#7823);
#8961 = CURVE_STYLE('',#8962,POSITIVE_LENGTH_MEASURE(0.1),#7823);
#8962 = DRAUGHTING_PRE_DEFINED_CURVE_FONT('continuous');
#8963 = STYLED_ITEM('color',(#8964),#1903);
#8964 = PRESENTATION_STYLE_ASSIGNMENT((#8965,#8970));
#8965 = SURFACE_STYLE_USAGE(.BOTH.,#8966);
#8966 = SURFACE_SIDE_STYLE('',(#8967));
#8967 = SURFACE_STYLE_FILL_AREA(#8968);
#8968 = FILL_AREA_STYLE('',(#8969));
#8969 = FILL_AREA_STYLE_COLOUR('',#7823);
#8970 = CURVE_STYLE('',#8971,POSITIVE_LENGTH_MEASURE(0.1),#7823);
#8971 = DRAUGHTING_PRE_DEFINED_CURVE_FONT('continuous');
#8972 = STYLED_ITEM('color',(#8973),#1926);
#8973 = PRESENTATION_STYLE_ASSIGNMENT((#8974,#8979));
#8974 = SURFACE_STYLE_USAGE(.BOTH.,#8975);
#8975 = SURFACE_SIDE_STYLE('',(#8976));
#8976 = SURFACE_STYLE_FILL_AREA(#8977);
#8977 = FILL_AREA_STYLE('',(#8978));
#8978 = FILL_AREA_STYLE_COLOUR('',#7823);
#8979 = CURVE_STYLE('',#8980,POSITIVE_LENGTH_MEASURE(0.1),#7823);
#8980 = DRAUGHTING_PRE_DEFINED_CURVE_FONT('continuous');
#8981 = STYLED_ITEM('color',(#8982),#1949);
#8982 = PRESENTATION_STYLE_ASSIGNMENT((#8983,#8988));
#8983 = SURFACE_STYLE_USAGE(.BOTH.,#8984);
#8984 = SURFACE_SIDE_STYLE('',(#8985));
#8985 = SURFACE_STYLE_FILL_AREA(#8986);
#8986 = FILL_AREA_STYLE('',(#8987));
#8987 = FILL_AREA_STYLE_COLOUR('',#7823);
#8988 = CURVE_STYLE('',#8989,POSITIVE_LENGTH_MEASURE(0.1),#7823);
#8989 = DRAUGHTING_PRE_DEFINED_CURVE_FONT('continuous');
#8990 = STYLED_ITEM('color',(#8991),#1982);
#8991 = PRESENTATION_STYLE_ASSIGNMENT((#8992,#8997));
#8992 = SURFACE_STYLE_USAGE(.BOTH.,#8993);
#8993 = SURFACE_SIDE_STYLE('',(#8994));
#8994 = SURFACE_STYLE_FILL_AREA(#8995);
#8995 = FILL_AREA_STYLE('',(#8996));
#8996 = FILL_AREA_STYLE_COLOUR('',#7823);
#8997 = CURVE_STYLE('',#8998,POSITIVE_LENGTH_MEASURE(0.1),#7823);
#8998 = DRAUGHTING_PRE_DEFINED_CURVE_FONT('continuous');
#8999 = STYLED_ITEM('color',(#9000),#2005);
#9000 = PRESENTATION_STYLE_ASSIGNMENT((#9001,#9006));
#9001 = SURFACE_STYLE_USAGE(.BOTH.,#9002);
#9002 = SURFACE_SIDE_STYLE('',(#9003));
#9003 = SURFACE_STYLE_FILL_AREA(#9004);
#9004 = FILL_AREA_STYLE('',(#9005));
#9005 = FILL_AREA_STYLE_COLOUR('',#7823);
#9006 = CURVE_STYLE('',#9007,POSITIVE_LENGTH_MEASURE(0.1),#7823);
#9007 = DRAUGHTING_PRE_DEFINED_CURVE_FONT('continuous');
#9008 = STYLED_ITEM('color',(#9009),#2028);
#9009 = PRESENTATION_STYLE_ASSIGNMENT((#9010,#9015));
#9010 = SURFACE_STYLE_USAGE(.BOTH.,#9011);
#9011 = SURFACE_SIDE_STYLE('',(#9012));
#9012 = SURFACE_STYLE_FILL_AREA(#9013);
#9013 = FILL_AREA_STYLE('',(#9014));
#9014 = FILL_AREA_STYLE_COLOUR('',#7823);
#9015 = CURVE_STYLE('',#9016,POSITIVE_LENGTH_MEASURE(0.1),#7823);
#9016 = DRAUGHTING_PRE_DEFINED_CURVE_FONT('continuous');
#9017 = STYLED_ITEM('color',(#9018),#2116);
#9018 = PRESENTATION_STYLE_ASSIGNMENT((#9019,#9024));
#9019 = SURFACE_STYLE_USAGE(.BOTH.,#9020);
#9020 = SURFACE_SIDE_STYLE('',(#9021));
#9021 = SURFACE_STYLE_FILL_AREA(#9022);
#9022 = FILL_AREA_STYLE('',(#9023));
#9023 = FILL_AREA_STYLE_COLOUR('',#7950);
#9024 = CURVE_STYLE('',#9025,POSITIVE_LENGTH_MEASURE(0.1),#7950);
#9025 = DRAUGHTING_PRE_DEFINED_CURVE_FONT('continuous');
#9026 = STYLED_ITEM('color',(#9027),#2191);
#9027 = PRESENTATION_STYLE_ASSIGNMENT((#9028,#9033));
#9028 = SURFACE_STYLE_USAGE(.BOTH.,#9029);
#9029 = SURFACE_SIDE_STYLE('',(#9030));
#9030 = SURFACE_STYLE_FILL_AREA(#9031);
#9031 = FILL_AREA_STYLE('',(#9032));
#9032 = FILL_AREA_STYLE_COLOUR('',#7950);
#9033 = CURVE_STYLE('',#9034,POSITIVE_LENGTH_MEASURE(0.1),#7950);
#9034 = DRAUGHTING_PRE_DEFINED_CURVE_FONT('continuous');
#9035 = STYLED_ITEM('color',(#9036),#2215);
#9036 = PRESENTATION_STYLE_ASSIGNMENT((#9037,#9042));
#9037 = SURFACE_STYLE_USAGE(.BOTH.,#9038);
#9038 = SURFACE_SIDE_STYLE('',(#9039));
#9039 = SURFACE_STYLE_FILL_AREA(#9040);
#9040 = FILL_AREA_STYLE('',(#9041));
#9041 = FILL_AREA_STYLE_COLOUR('',#7950);
#9042 = CURVE_STYLE('',#9043,POSITIVE_LENGTH_MEASURE(0.1),#7950);
#9043 = DRAUGHTING_PRE_DEFINED_CURVE_FONT('continuous');
#9044 = STYLED_ITEM('color',(#9045),#2283);
#9045 = PRESENTATION_STYLE_ASSIGNMENT((#9046,#9051));
#9046 = SURFACE_STYLE_USAGE(.BOTH.,#9047);
#9047 = SURFACE_SIDE_STYLE('',(#9048));
#9048 = SURFACE_STYLE_FILL_AREA(#9049);
#9049 = FILL_AREA_STYLE('',(#9050));
#9050 = FILL_AREA_STYLE_COLOUR('',#7823);
#9051 = CURVE_STYLE('',#9052,POSITIVE_LENGTH_MEASURE(0.1),#7823);
#9052 = DRAUGHTING_PRE_DEFINED_CURVE_FONT('continuous');
#9053 = STYLED_ITEM('color',(#9054),#2371);
#9054 = PRESENTATION_STYLE_ASSIGNMENT((#9055,#9060));
#9055 = SURFACE_STYLE_USAGE(.BOTH.,#9056);
#9056 = SURFACE_SIDE_STYLE('',(#9057));
#9057 = SURFACE_STYLE_FILL_AREA(#9058);
#9058 = FILL_AREA_STYLE('',(#9059));
#9059 = FILL_AREA_STYLE_COLOUR('',#7823);
#9060 = CURVE_STYLE('',#9061,POSITIVE_LENGTH_MEASURE(0.1),#7823);
#9061 = DRAUGHTING_PRE_DEFINED_CURVE_FONT('continuous');
#9062 = STYLED_ITEM('color',(#9063),#2387);
#9063 = PRESENTATION_STYLE_ASSIGNMENT((#9064,#9069));
#9064 = SURFACE_STYLE_USAGE(.BOTH.,#9065);
#9065 = SURFACE_SIDE_STYLE('',(#9066));
#9066 = SURFACE_STYLE_FILL_AREA(#9067);
#9067 = FILL_AREA_STYLE('',(#9068));
#9068 = FILL_AREA_STYLE_COLOUR('',#7823);
#9069 = CURVE_STYLE('',#9070,POSITIVE_LENGTH_MEASURE(0.1),#7823);
#9070 = DRAUGHTING_PRE_DEFINED_CURVE_FONT('continuous');
#9071 = STYLED_ITEM('color',(#9072),#2403);
#9072 = PRESENTATION_STYLE_ASSIGNMENT((#9073,#9078));
#9073 = SURFACE_STYLE_USAGE(.BOTH.,#9074);
#9074 = SURFACE_SIDE_STYLE('',(#9075));
#9075 = SURFACE_STYLE_FILL_AREA(#9076);
#9076 = FILL_AREA_STYLE('',(#9077));
#9077 = FILL_AREA_STYLE_COLOUR('',#7823);
#9078 = CURVE_STYLE('',#9079,POSITIVE_LENGTH_MEASURE(0.1),#7823);
#9079 = DRAUGHTING_PRE_DEFINED_CURVE_FONT('continuous');
#9080 = STYLED_ITEM('color',(#9081),#2419);
#9081 = PRESENTATION_STYLE_ASSIGNMENT((#9082,#9087));
#9082 = SURFACE_STYLE_USAGE(.BOTH.,#9083);
#9083 = SURFACE_SIDE_STYLE('',(#9084));
#9084 = SURFACE_STYLE_FILL_AREA(#9085);
#9085 = FILL_AREA_STYLE('',(#9086));
#9086 = FILL_AREA_STYLE_COLOUR('',#7823);
#9087 = CURVE_STYLE('',#9088,POSITIVE_LENGTH_MEASURE(0.1),#7823);
#9088 = DRAUGHTING_PRE_DEFINED_CURVE_FONT('continuous');
#9089 = STYLED_ITEM('color',(#9090),#2435);
#9090 = PRESENTATION_STYLE_ASSIGNMENT((#9091,#9096));
#9091 = SURFACE_STYLE_USAGE(.BOTH.,#9092);
#9092 = SURFACE_SIDE_STYLE('',(#9093));
#9093 = SURFACE_STYLE_FILL_AREA(#9094);
#9094 = FILL_AREA_STYLE('',(#9095));
#9095 = FILL_AREA_STYLE_COLOUR('',#7823);
#9096 = CURVE_STYLE('',#9097,POSITIVE_LENGTH_MEASURE(0.1),#7823);
#9097 = DRAUGHTING_PRE_DEFINED_CURVE_FONT('continuous');
#9098 = STYLED_ITEM('color',(#9099),#2452);
#9099 = PRESENTATION_STYLE_ASSIGNMENT((#9100,#9105));
#9100 = SURFACE_STYLE_USAGE(.BOTH.,#9101);
#9101 = SURFACE_SIDE_STYLE('',(#9102));
#9102 = SURFACE_STYLE_FILL_AREA(#9103);
#9103 = FILL_AREA_STYLE('',(#9104));
#9104 = FILL_AREA_STYLE_COLOUR('',#7950);
#9105 = CURVE_STYLE('',#9106,POSITIVE_LENGTH_MEASURE(0.1),#7950);
#9106 = DRAUGHTING_PRE_DEFINED_CURVE_FONT('continuous');
#9107 = STYLED_ITEM('color',(#9108),#2485);
#9108 = PRESENTATION_STYLE_ASSIGNMENT((#9109,#9114));
#9109 = SURFACE_STYLE_USAGE(.BOTH.,#9110);
#9110 = SURFACE_SIDE_STYLE('',(#9111));
#9111 = SURFACE_STYLE_FILL_AREA(#9112);
#9112 = FILL_AREA_STYLE('',(#9113));
#9113 = FILL_AREA_STYLE_COLOUR('',#7823);
#9114 = CURVE_STYLE('',#9115,POSITIVE_LENGTH_MEASURE(0.1),#7823);
#9115 = DRAUGHTING_PRE_DEFINED_CURVE_FONT('continuous');
#9116 = STYLED_ITEM('color',(#9117),#2502);
#9117 = PRESENTATION_STYLE_ASSIGNMENT((#9118,#9123));
#9118 = SURFACE_STYLE_USAGE(.BOTH.,#9119);
#9119 = SURFACE_SIDE_STYLE('',(#9120));
#9120 = SURFACE_STYLE_FILL_AREA(#9121);
#9121 = FILL_AREA_STYLE('',(#9122));
#9122 = FILL_AREA_STYLE_COLOUR('',#7950);
#9123 = CURVE_STYLE('',#9124,POSITIVE_LENGTH_MEASURE(0.1),#7950);
#9124 = DRAUGHTING_PRE_DEFINED_CURVE_FONT('continuous');
#9125 = STYLED_ITEM('color',(#9126),#2524);
#9126 = PRESENTATION_STYLE_ASSIGNMENT((#9127,#9132));
#9127 = SURFACE_STYLE_USAGE(.BOTH.,#9128);
#9128 = SURFACE_SIDE_STYLE('',(#9129));
#9129 = SURFACE_STYLE_FILL_AREA(#9130);
#9130 = FILL_AREA_STYLE('',(#9131));
#9131 = FILL_AREA_STYLE_COLOUR('',#7823);
#9132 = CURVE_STYLE('',#9133,POSITIVE_LENGTH_MEASURE(0.1),#7823);
#9133 = DRAUGHTING_PRE_DEFINED_CURVE_FONT('continuous');
#9134 = STYLED_ITEM('color',(#9135),#2555);
#9135 = PRESENTATION_STYLE_ASSIGNMENT((#9136,#9141));
#9136 = SURFACE_STYLE_USAGE(.BOTH.,#9137);
#9137 = SURFACE_SIDE_STYLE('',(#9138));
#9138 = SURFACE_STYLE_FILL_AREA(#9139);
#9139 = FILL_AREA_STYLE('',(#9140));
#9140 = FILL_AREA_STYLE_COLOUR('',#7823);
#9141 = CURVE_STYLE('',#9142,POSITIVE_LENGTH_MEASURE(0.1),#7823);
#9142 = DRAUGHTING_PRE_DEFINED_CURVE_FONT('continuous');
#9143 = STYLED_ITEM('color',(#9144),#2578);
#9144 = PRESENTATION_STYLE_ASSIGNMENT((#9145,#9150));
#9145 = SURFACE_STYLE_USAGE(.BOTH.,#9146);
#9146 = SURFACE_SIDE_STYLE('',(#9147));
#9147 = SURFACE_STYLE_FILL_AREA(#9148);
#9148 = FILL_AREA_STYLE('',(#9149));
#9149 = FILL_AREA_STYLE_COLOUR('',#7823);
#9150 = CURVE_STYLE('',#9151,POSITIVE_LENGTH_MEASURE(0.1),#7823);
#9151 = DRAUGHTING_PRE_DEFINED_CURVE_FONT('continuous');
#9152 = STYLED_ITEM('color',(#9153),#2601);
#9153 = PRESENTATION_STYLE_ASSIGNMENT((#9154,#9159));
#9154 = SURFACE_STYLE_USAGE(.BOTH.,#9155);
#9155 = SURFACE_SIDE_STYLE('',(#9156));
#9156 = SURFACE_STYLE_FILL_AREA(#9157);
#9157 = FILL_AREA_STYLE('',(#9158));
#9158 = FILL_AREA_STYLE_COLOUR('',#7823);
#9159 = CURVE_STYLE('',#9160,POSITIVE_LENGTH_MEASURE(0.1),#7823);
#9160 = DRAUGHTING_PRE_DEFINED_CURVE_FONT('continuous');
#9161 = STYLED_ITEM('color',(#9162),#2624);
#9162 = PRESENTATION_STYLE_ASSIGNMENT((#9163,#9168));
#9163 = SURFACE_STYLE_USAGE(.BOTH.,#9164);
#9164 = SURFACE_SIDE_STYLE('',(#9165));
#9165 = SURFACE_STYLE_FILL_AREA(#9166);
#9166 = FILL_AREA_STYLE('',(#9167));
#9167 = FILL_AREA_STYLE_COLOUR('',#7823);
#9168 = CURVE_STYLE('',#9169,POSITIVE_LENGTH_MEASURE(0.1),#7823);
#9169 = DRAUGHTING_PRE_DEFINED_CURVE_FONT('continuous');
#9170 = STYLED_ITEM('color',(#9171),#2654);
#9171 = PRESENTATION_STYLE_ASSIGNMENT((#9172,#9177));
#9172 = SURFACE_STYLE_USAGE(.BOTH.,#9173);
#9173 = SURFACE_SIDE_STYLE('',(#9174));
#9174 = SURFACE_STYLE_FILL_AREA(#9175);
#9175 = FILL_AREA_STYLE('',(#9176));
#9176 = FILL_AREA_STYLE_COLOUR('',#7950);
#9177 = CURVE_STYLE('',#9178,POSITIVE_LENGTH_MEASURE(0.1),#7950);
#9178 = DRAUGHTING_PRE_DEFINED_CURVE_FONT('continuous');
#9179 = STYLED_ITEM('color',(#9180),#2671);
#9180 = PRESENTATION_STYLE_ASSIGNMENT((#9181,#9186));
#9181 = SURFACE_STYLE_USAGE(.BOTH.,#9182);
#9182 = SURFACE_SIDE_STYLE('',(#9183));
#9183 = SURFACE_STYLE_FILL_AREA(#9184);
#9184 = FILL_AREA_STYLE('',(#9185));
#9185 = FILL_AREA_STYLE_COLOUR('',#7950);
#9186 = CURVE_STYLE('',#9187,POSITIVE_LENGTH_MEASURE(0.1),#7950);
#9187 = DRAUGHTING_PRE_DEFINED_CURVE_FONT('continuous');
#9188 = STYLED_ITEM('color',(#9189),#2688);
#9189 = PRESENTATION_STYLE_ASSIGNMENT((#9190,#9195));
#9190 = SURFACE_STYLE_USAGE(.BOTH.,#9191);
#9191 = SURFACE_SIDE_STYLE('',(#9192));
#9192 = SURFACE_STYLE_FILL_AREA(#9193);
#9193 = FILL_AREA_STYLE('',(#9194));
#9194 = FILL_AREA_STYLE_COLOUR('',#7950);
#9195 = CURVE_STYLE('',#9196,POSITIVE_LENGTH_MEASURE(0.1),#7950);
#9196 = DRAUGHTING_PRE_DEFINED_CURVE_FONT('continuous');
#9197 = STYLED_ITEM('color',(#9198),#2705);
#9198 = PRESENTATION_STYLE_ASSIGNMENT((#9199,#9204));
#9199 = SURFACE_STYLE_USAGE(.BOTH.,#9200);
#9200 = SURFACE_SIDE_STYLE('',(#9201));
#9201 = SURFACE_STYLE_FILL_AREA(#9202);
#9202 = FILL_AREA_STYLE('',(#9203));
#9203 = FILL_AREA_STYLE_COLOUR('',#7950);
#9204 = CURVE_STYLE('',#9205,POSITIVE_LENGTH_MEASURE(0.1),#7950);
#9205 = DRAUGHTING_PRE_DEFINED_CURVE_FONT('continuous');
#9206 = STYLED_ITEM('color',(#9207),#2722);
#9207 = PRESENTATION_STYLE_ASSIGNMENT((#9208,#9213));
#9208 = SURFACE_STYLE_USAGE(.BOTH.,#9209);
#9209 = SURFACE_SIDE_STYLE('',(#9210));
#9210 = SURFACE_STYLE_FILL_AREA(#9211);
#9211 = FILL_AREA_STYLE('',(#9212));
#9212 = FILL_AREA_STYLE_COLOUR('',#7950);
#9213 = CURVE_STYLE('',#9214,POSITIVE_LENGTH_MEASURE(0.1),#7950);
#9214 = DRAUGHTING_PRE_DEFINED_CURVE_FONT('continuous');
#9215 = STYLED_ITEM('color',(#9216),#2739);
#9216 = PRESENTATION_STYLE_ASSIGNMENT((#9217,#9222));
#9217 = SURFACE_STYLE_USAGE(.BOTH.,#9218);
#9218 = SURFACE_SIDE_STYLE('',(#9219));
#9219 = SURFACE_STYLE_FILL_AREA(#9220);
#9220 = FILL_AREA_STYLE('',(#9221));
#9221 = FILL_AREA_STYLE_COLOUR('',#7950);
#9222 = CURVE_STYLE('',#9223,POSITIVE_LENGTH_MEASURE(0.1),#7950);
#9223 = DRAUGHTING_PRE_DEFINED_CURVE_FONT('continuous');
#9224 = STYLED_ITEM('color',(#9225),#2756);
#9225 = PRESENTATION_STYLE_ASSIGNMENT((#9226,#9231));
#9226 = SURFACE_STYLE_USAGE(.BOTH.,#9227);
#9227 = SURFACE_SIDE_STYLE('',(#9228));
#9228 = SURFACE_STYLE_FILL_AREA(#9229);
#9229 = FILL_AREA_STYLE('',(#9230));
#9230 = FILL_AREA_STYLE_COLOUR('',#7950);
#9231 = CURVE_STYLE('',#9232,POSITIVE_LENGTH_MEASURE(0.1),#7950);
#9232 = DRAUGHTING_PRE_DEFINED_CURVE_FONT('continuous');
#9233 = STYLED_ITEM('color',(#9234),#2773);
#9234 = PRESENTATION_STYLE_ASSIGNMENT((#9235,#9240));
#9235 = SURFACE_STYLE_USAGE(.BOTH.,#9236);
#9236 = SURFACE_SIDE_STYLE('',(#9237));
#9237 = SURFACE_STYLE_FILL_AREA(#9238);
#9238 = FILL_AREA_STYLE('',(#9239));
#9239 = FILL_AREA_STYLE_COLOUR('',#7950);
#9240 = CURVE_STYLE('',#9241,POSITIVE_LENGTH_MEASURE(0.1),#7950);
#9241 = DRAUGHTING_PRE_DEFINED_CURVE_FONT('continuous');
#9242 = STYLED_ITEM('color',(#9243),#2785);
#9243 = PRESENTATION_STYLE_ASSIGNMENT((#9244,#9249));
#9244 = SURFACE_STYLE_USAGE(.BOTH.,#9245);
#9245 = SURFACE_SIDE_STYLE('',(#9246));
#9246 = SURFACE_STYLE_FILL_AREA(#9247);
#9247 = FILL_AREA_STYLE('',(#9248));
#9248 = FILL_AREA_STYLE_COLOUR('',#7823);
#9249 = CURVE_STYLE('',#9250,POSITIVE_LENGTH_MEASURE(0.1),#7823);
#9250 = DRAUGHTING_PRE_DEFINED_CURVE_FONT('continuous');
#9251 = STYLED_ITEM('color',(#9252),#2808);
#9252 = PRESENTATION_STYLE_ASSIGNMENT((#9253,#9258));
#9253 = SURFACE_STYLE_USAGE(.BOTH.,#9254);
#9254 = SURFACE_SIDE_STYLE('',(#9255));
#9255 = SURFACE_STYLE_FILL_AREA(#9256);
#9256 = FILL_AREA_STYLE('',(#9257));
#9257 = FILL_AREA_STYLE_COLOUR('',#7823);
#9258 = CURVE_STYLE('',#9259,POSITIVE_LENGTH_MEASURE(0.1),#7823);
#9259 = DRAUGHTING_PRE_DEFINED_CURVE_FONT('continuous');
#9260 = STYLED_ITEM('color',(#9261),#2831);
#9261 = PRESENTATION_STYLE_ASSIGNMENT((#9262,#9267));
#9262 = SURFACE_STYLE_USAGE(.BOTH.,#9263);
#9263 = SURFACE_SIDE_STYLE('',(#9264));
#9264 = SURFACE_STYLE_FILL_AREA(#9265);
#9265 = FILL_AREA_STYLE('',(#9266));
#9266 = FILL_AREA_STYLE_COLOUR('',#7823);
#9267 = CURVE_STYLE('',#9268,POSITIVE_LENGTH_MEASURE(0.1),#7823);
#9268 = DRAUGHTING_PRE_DEFINED_CURVE_FONT('continuous');
#9269 = STYLED_ITEM('color',(#9270),#2848);
#9270 = PRESENTATION_STYLE_ASSIGNMENT((#9271,#9276));
#9271 = SURFACE_STYLE_USAGE(.BOTH.,#9272);
#9272 = SURFACE_SIDE_STYLE('',(#9273));
#9273 = SURFACE_STYLE_FILL_AREA(#9274);
#9274 = FILL_AREA_STYLE('',(#9275));
#9275 = FILL_AREA_STYLE_COLOUR('',#7950);
#9276 = CURVE_STYLE('',#9277,POSITIVE_LENGTH_MEASURE(0.1),#7950);
#9277 = DRAUGHTING_PRE_DEFINED_CURVE_FONT('continuous');
#9278 = STYLED_ITEM('color',(#9279),#2923);
#9279 = PRESENTATION_STYLE_ASSIGNMENT((#9280,#9285));
#9280 = SURFACE_STYLE_USAGE(.BOTH.,#9281);
#9281 = SURFACE_SIDE_STYLE('',(#9282));
#9282 = SURFACE_STYLE_FILL_AREA(#9283);
#9283 = FILL_AREA_STYLE('',(#9284));
#9284 = FILL_AREA_STYLE_COLOUR('',#7950);
#9285 = CURVE_STYLE('',#9286,POSITIVE_LENGTH_MEASURE(0.1),#7950);
#9286 = DRAUGHTING_PRE_DEFINED_CURVE_FONT('continuous');
#9287 = STYLED_ITEM('color',(#9288),#2947);
#9288 = PRESENTATION_STYLE_ASSIGNMENT((#9289,#9294));
#9289 = SURFACE_STYLE_USAGE(.BOTH.,#9290);
#9290 = SURFACE_SIDE_STYLE('',(#9291));
#9291 = SURFACE_STYLE_FILL_AREA(#9292);
#9292 = FILL_AREA_STYLE('',(#9293));
#9293 = FILL_AREA_STYLE_COLOUR('',#7950);
#9294 = CURVE_STYLE('',#9295,POSITIVE_LENGTH_MEASURE(0.1),#7950);
#9295 = DRAUGHTING_PRE_DEFINED_CURVE_FONT('continuous');
#9296 = STYLED_ITEM('color',(#9297),#3015);
#9297 = PRESENTATION_STYLE_ASSIGNMENT((#9298,#9303));
#9298 = SURFACE_STYLE_USAGE(.BOTH.,#9299);
#9299 = SURFACE_SIDE_STYLE('',(#9300));
#9300 = SURFACE_STYLE_FILL_AREA(#9301);
#9301 = FILL_AREA_STYLE('',(#9302));
#9302 = FILL_AREA_STYLE_COLOUR('',#7950);
#9303 = CURVE_STYLE('',#9304,POSITIVE_LENGTH_MEASURE(0.1),#7950);
#9304 = DRAUGHTING_PRE_DEFINED_CURVE_FONT('continuous');
#9305 = STYLED_ITEM('color',(#9306),#3032);
#9306 = PRESENTATION_STYLE_ASSIGNMENT((#9307,#9312));
#9307 = SURFACE_STYLE_USAGE(.BOTH.,#9308);
#9308 = SURFACE_SIDE_STYLE('',(#9309));
#9309 = SURFACE_STYLE_FILL_AREA(#9310);
#9310 = FILL_AREA_STYLE('',(#9311));
#9311 = FILL_AREA_STYLE_COLOUR('',#7823);
#9312 = CURVE_STYLE('',#9313,POSITIVE_LENGTH_MEASURE(0.1),#7823);
#9313 = DRAUGHTING_PRE_DEFINED_CURVE_FONT('continuous');
#9314 = STYLED_ITEM('color',(#9315),#3082);
#9315 = PRESENTATION_STYLE_ASSIGNMENT((#9316,#9321));
#9316 = SURFACE_STYLE_USAGE(.BOTH.,#9317);
#9317 = SURFACE_SIDE_STYLE('',(#9318));
#9318 = SURFACE_STYLE_FILL_AREA(#9319);
#9319 = FILL_AREA_STYLE('',(#9320));
#9320 = FILL_AREA_STYLE_COLOUR('',#7950);
#9321 = CURVE_STYLE('',#9322,POSITIVE_LENGTH_MEASURE(0.1),#7950);
#9322 = DRAUGHTING_PRE_DEFINED_CURVE_FONT('continuous');
#9323 = STYLED_ITEM('color',(#9324),#3099);
#9324 = PRESENTATION_STYLE_ASSIGNMENT((#9325,#9330));
#9325 = SURFACE_STYLE_USAGE(.BOTH.,#9326);
#9326 = SURFACE_SIDE_STYLE('',(#9327));
#9327 = SURFACE_STYLE_FILL_AREA(#9328);
#9328 = FILL_AREA_STYLE('',(#9329));
#9329 = FILL_AREA_STYLE_COLOUR('',#7950);
#9330 = CURVE_STYLE('',#9331,POSITIVE_LENGTH_MEASURE(0.1),#7950);
#9331 = DRAUGHTING_PRE_DEFINED_CURVE_FONT('continuous');
#9332 = STYLED_ITEM('color',(#9333),#3116);
#9333 = PRESENTATION_STYLE_ASSIGNMENT((#9334,#9339));
#9334 = SURFACE_STYLE_USAGE(.BOTH.,#9335);
#9335 = SURFACE_SIDE_STYLE('',(#9336));
#9336 = SURFACE_STYLE_FILL_AREA(#9337);
#9337 = FILL_AREA_STYLE('',(#9338));
#9338 = FILL_AREA_STYLE_COLOUR('',#7950);
#9339 = CURVE_STYLE('',#9340,POSITIVE_LENGTH_MEASURE(0.1),#7950);
#9340 = DRAUGHTING_PRE_DEFINED_CURVE_FONT('continuous');
#9341 = STYLED_ITEM('color',(#9342),#3133);
#9342 = PRESENTATION_STYLE_ASSIGNMENT((#9343,#9348));
#9343 = SURFACE_STYLE_USAGE(.BOTH.,#9344);
#9344 = SURFACE_SIDE_STYLE('',(#9345));
#9345 = SURFACE_STYLE_FILL_AREA(#9346);
#9346 = FILL_AREA_STYLE('',(#9347));
#9347 = FILL_AREA_STYLE_COLOUR('',#7950);
#9348 = CURVE_STYLE('',#9349,POSITIVE_LENGTH_MEASURE(0.1),#7950);
#9349 = DRAUGHTING_PRE_DEFINED_CURVE_FONT('continuous');
#9350 = STYLED_ITEM('color',(#9351),#3150);
#9351 = PRESENTATION_STYLE_ASSIGNMENT((#9352,#9357));
#9352 = SURFACE_STYLE_USAGE(.BOTH.,#9353);
#9353 = SURFACE_SIDE_STYLE('',(#9354));
#9354 = SURFACE_STYLE_FILL_AREA(#9355);
#9355 = FILL_AREA_STYLE('',(#9356));
#9356 = FILL_AREA_STYLE_COLOUR('',#7950);
#9357 = CURVE_STYLE('',#9358,POSITIVE_LENGTH_MEASURE(0.1),#7950);
#9358 = DRAUGHTING_PRE_DEFINED_CURVE_FONT('continuous');
#9359 = STYLED_ITEM('color',(#9360),#3167);
#9360 = PRESENTATION_STYLE_ASSIGNMENT((#9361,#9366));
#9361 = SURFACE_STYLE_USAGE(.BOTH.,#9362);
#9362 = SURFACE_SIDE_STYLE('',(#9363));
#9363 = SURFACE_STYLE_FILL_AREA(#9364);
#9364 = FILL_AREA_STYLE('',(#9365));
#9365 = FILL_AREA_STYLE_COLOUR('',#7950);
#9366 = CURVE_STYLE('',#9367,POSITIVE_LENGTH_MEASURE(0.1),#7950);
#9367 = DRAUGHTING_PRE_DEFINED_CURVE_FONT('continuous');
#9368 = STYLED_ITEM('color',(#9369),#3179);
#9369 = PRESENTATION_STYLE_ASSIGNMENT((#9370,#9375));
#9370 = SURFACE_STYLE_USAGE(.BOTH.,#9371);
#9371 = SURFACE_SIDE_STYLE('',(#9372));
#9372 = SURFACE_STYLE_FILL_AREA(#9373);
#9373 = FILL_AREA_STYLE('',(#9374));
#9374 = FILL_AREA_STYLE_COLOUR('',#8869);
#9375 = CURVE_STYLE('',#9376,POSITIVE_LENGTH_MEASURE(0.1),#8869);
#9376 = DRAUGHTING_PRE_DEFINED_CURVE_FONT('continuous');
#9377 = STYLED_ITEM('color',(#9378),#3210);
#9378 = PRESENTATION_STYLE_ASSIGNMENT((#9379,#9384));
#9379 = SURFACE_STYLE_USAGE(.BOTH.,#9380);
#9380 = SURFACE_SIDE_STYLE('',(#9381));
#9381 = SURFACE_STYLE_FILL_AREA(#9382);
#9382 = FILL_AREA_STYLE('',(#9383));
#9383 = FILL_AREA_STYLE_COLOUR('',#8869);
#9384 = CURVE_STYLE('',#9385,POSITIVE_LENGTH_MEASURE(0.1),#8869);
#9385 = DRAUGHTING_PRE_DEFINED_CURVE_FONT('continuous');
#9386 = STYLED_ITEM('color',(#9387),#3234);
#9387 = PRESENTATION_STYLE_ASSIGNMENT((#9388,#9393));
#9388 = SURFACE_STYLE_USAGE(.BOTH.,#9389);
#9389 = SURFACE_SIDE_STYLE('',(#9390));
#9390 = SURFACE_STYLE_FILL_AREA(#9391);
#9391 = FILL_AREA_STYLE('',(#9392));
#9392 = FILL_AREA_STYLE_COLOUR('',#8869);
#9393 = CURVE_STYLE('',#9394,POSITIVE_LENGTH_MEASURE(0.1),#8869);
#9394 = DRAUGHTING_PRE_DEFINED_CURVE_FONT('continuous');
#9395 = STYLED_ITEM('color',(#9396),#3258);
#9396 = PRESENTATION_STYLE_ASSIGNMENT((#9397,#9402));
#9397 = SURFACE_STYLE_USAGE(.BOTH.,#9398);
#9398 = SURFACE_SIDE_STYLE('',(#9399));
#9399 = SURFACE_STYLE_FILL_AREA(#9400);
#9400 = FILL_AREA_STYLE('',(#9401));
#9401 = FILL_AREA_STYLE_COLOUR('',#8869);
#9402 = CURVE_STYLE('',#9403,POSITIVE_LENGTH_MEASURE(0.1),#8869);
#9403 = DRAUGHTING_PRE_DEFINED_CURVE_FONT('continuous');
#9404 = STYLED_ITEM('color',(#9405),#3275);
#9405 = PRESENTATION_STYLE_ASSIGNMENT((#9406,#9411));
#9406 = SURFACE_STYLE_USAGE(.BOTH.,#9407);
#9407 = SURFACE_SIDE_STYLE('',(#9408));
#9408 = SURFACE_STYLE_FILL_AREA(#9409);
#9409 = FILL_AREA_STYLE('',(#9410));
#9410 = FILL_AREA_STYLE_COLOUR('',#8869);
#9411 = CURVE_STYLE('',#9412,POSITIVE_LENGTH_MEASURE(0.1),#8869);
#9412 = DRAUGHTING_PRE_DEFINED_CURVE_FONT('continuous');
#9413 = MECHANICAL_DESIGN_GEOMETRIC_PRESENTATION_REPRESENTATION('',(
    #9414,#9422,#9429,#9436,#9443,#9450,#9457,#9464,#9472,#9479,#9486,
    #9493,#9500,#9507,#9514,#9521,#9528,#9535,#9542,#9549,#9556,#9563,
    #9570,#9577,#9584,#9591,#9598,#9605,#9612,#9619,#9626,#9633,#9640,
    #9647,#9654,#9661,#9669,#9676,#9683,#9690,#9697,#9704,#9711,#9718,
    #9725,#9732,#9739,#9746,#9753,#9760),#1580);
#9414 = STYLED_ITEM('color',(#9415),#59);
#9415 = PRESENTATION_STYLE_ASSIGNMENT((#9416));
#9416 = SURFACE_STYLE_USAGE(.BOTH.,#9417);
#9417 = SURFACE_SIDE_STYLE('',(#9418));
#9418 = SURFACE_STYLE_FILL_AREA(#9419);
#9419 = FILL_AREA_STYLE('',(#9420));
#9420 = FILL_AREA_STYLE_COLOUR('',#9421);
#9421 = COLOUR_RGB('',0.894999966383,0.890999961016,0.813000030345);
#9422 = STYLED_ITEM('color',(#9423),#99);
#9423 = PRESENTATION_STYLE_ASSIGNMENT((#9424));
#9424 = SURFACE_STYLE_USAGE(.BOTH.,#9425);
#9425 = SURFACE_SIDE_STYLE('',(#9426));
#9426 = SURFACE_STYLE_FILL_AREA(#9427);
#9427 = FILL_AREA_STYLE('',(#9428));
#9428 = FILL_AREA_STYLE_COLOUR('',#9421);
#9429 = STYLED_ITEM('color',(#9430),#146);
#9430 = PRESENTATION_STYLE_ASSIGNMENT((#9431));
#9431 = SURFACE_STYLE_USAGE(.BOTH.,#9432);
#9432 = SURFACE_SIDE_STYLE('',(#9433));
#9433 = SURFACE_STYLE_FILL_AREA(#9434);
#9434 = FILL_AREA_STYLE('',(#9435));
#9435 = FILL_AREA_STYLE_COLOUR('',#9421);
#9436 = STYLED_ITEM('color',(#9437),#225);
#9437 = PRESENTATION_STYLE_ASSIGNMENT((#9438));
#9438 = SURFACE_STYLE_USAGE(.BOTH.,#9439);
#9439 = SURFACE_SIDE_STYLE('',(#9440));
#9440 = SURFACE_STYLE_FILL_AREA(#9441);
#9441 = FILL_AREA_STYLE('',(#9442));
#9442 = FILL_AREA_STYLE_COLOUR('',#9421);
#9443 = STYLED_ITEM('color',(#9444),#249);
#9444 = PRESENTATION_STYLE_ASSIGNMENT((#9445));
#9445 = SURFACE_STYLE_USAGE(.BOTH.,#9446);
#9446 = SURFACE_SIDE_STYLE('',(#9447));
#9447 = SURFACE_STYLE_FILL_AREA(#9448);
#9448 = FILL_AREA_STYLE('',(#9449));
#9449 = FILL_AREA_STYLE_COLOUR('',#9421);
#9450 = STYLED_ITEM('color',(#9451),#289);
#9451 = PRESENTATION_STYLE_ASSIGNMENT((#9452));
#9452 = SURFACE_STYLE_USAGE(.BOTH.,#9453);
#9453 = SURFACE_SIDE_STYLE('',(#9454));
#9454 = SURFACE_STYLE_FILL_AREA(#9455);
#9455 = FILL_AREA_STYLE('',(#9456));
#9456 = FILL_AREA_STYLE_COLOUR('',#9421);
#9457 = STYLED_ITEM('color',(#9458),#320);
#9458 = PRESENTATION_STYLE_ASSIGNMENT((#9459));
#9459 = SURFACE_STYLE_USAGE(.BOTH.,#9460);
#9460 = SURFACE_SIDE_STYLE('',(#9461));
#9461 = SURFACE_STYLE_FILL_AREA(#9462);
#9462 = FILL_AREA_STYLE('',(#9463));
#9463 = FILL_AREA_STYLE_COLOUR('',#9421);
#9464 = STYLED_ITEM('color',(#9465),#337);
#9465 = PRESENTATION_STYLE_ASSIGNMENT((#9466));
#9466 = SURFACE_STYLE_USAGE(.BOTH.,#9467);
#9467 = SURFACE_SIDE_STYLE('',(#9468));
#9468 = SURFACE_STYLE_FILL_AREA(#9469);
#9469 = FILL_AREA_STYLE('',(#9470));
#9470 = FILL_AREA_STYLE_COLOUR('',#9471);
#9471 = COLOUR_RGB('',0.859000020776,0.737999965183,0.495999988746);
#9472 = STYLED_ITEM('color',(#9473),#370);
#9473 = PRESENTATION_STYLE_ASSIGNMENT((#9474));
#9474 = SURFACE_STYLE_USAGE(.BOTH.,#9475);
#9475 = SURFACE_SIDE_STYLE('',(#9476));
#9476 = SURFACE_STYLE_FILL_AREA(#9477);
#9477 = FILL_AREA_STYLE('',(#9478));
#9478 = FILL_AREA_STYLE_COLOUR('',#9421);
#9479 = STYLED_ITEM('color',(#9480),#394);
#9480 = PRESENTATION_STYLE_ASSIGNMENT((#9481));
#9481 = SURFACE_STYLE_USAGE(.BOTH.,#9482);
#9482 = SURFACE_SIDE_STYLE('',(#9483));
#9483 = SURFACE_STYLE_FILL_AREA(#9484);
#9484 = FILL_AREA_STYLE('',(#9485));
#9485 = FILL_AREA_STYLE_COLOUR('',#9471);
#9486 = STYLED_ITEM('color',(#9487),#461);
#9487 = PRESENTATION_STYLE_ASSIGNMENT((#9488));
#9488 = SURFACE_STYLE_USAGE(.BOTH.,#9489);
#9489 = SURFACE_SIDE_STYLE('',(#9490));
#9490 = SURFACE_STYLE_FILL_AREA(#9491);
#9491 = FILL_AREA_STYLE('',(#9492));
#9492 = FILL_AREA_STYLE_COLOUR('',#9421);
#9493 = STYLED_ITEM('color',(#9494),#582);
#9494 = PRESENTATION_STYLE_ASSIGNMENT((#9495));
#9495 = SURFACE_STYLE_USAGE(.BOTH.,#9496);
#9496 = SURFACE_SIDE_STYLE('',(#9497));
#9497 = SURFACE_STYLE_FILL_AREA(#9498);
#9498 = FILL_AREA_STYLE('',(#9499));
#9499 = FILL_AREA_STYLE_COLOUR('',#9471);
#9500 = STYLED_ITEM('color',(#9501),#649);
#9501 = PRESENTATION_STYLE_ASSIGNMENT((#9502));
#9502 = SURFACE_STYLE_USAGE(.BOTH.,#9503);
#9503 = SURFACE_SIDE_STYLE('',(#9504));
#9504 = SURFACE_STYLE_FILL_AREA(#9505);
#9505 = FILL_AREA_STYLE('',(#9506));
#9506 = FILL_AREA_STYLE_COLOUR('',#9421);
#9507 = STYLED_ITEM('color',(#9508),#673);
#9508 = PRESENTATION_STYLE_ASSIGNMENT((#9509));
#9509 = SURFACE_STYLE_USAGE(.BOTH.,#9510);
#9510 = SURFACE_SIDE_STYLE('',(#9511));
#9511 = SURFACE_STYLE_FILL_AREA(#9512);
#9512 = FILL_AREA_STYLE('',(#9513));
#9513 = FILL_AREA_STYLE_COLOUR('',#9421);
#9514 = STYLED_ITEM('color',(#9515),#704);
#9515 = PRESENTATION_STYLE_ASSIGNMENT((#9516));
#9516 = SURFACE_STYLE_USAGE(.BOTH.,#9517);
#9517 = SURFACE_SIDE_STYLE('',(#9518));
#9518 = SURFACE_STYLE_FILL_AREA(#9519);
#9519 = FILL_AREA_STYLE('',(#9520));
#9520 = FILL_AREA_STYLE_COLOUR('',#9471);
#9521 = STYLED_ITEM('color',(#9522),#737);
#9522 = PRESENTATION_STYLE_ASSIGNMENT((#9523));
#9523 = SURFACE_STYLE_USAGE(.BOTH.,#9524);
#9524 = SURFACE_SIDE_STYLE('',(#9525));
#9525 = SURFACE_STYLE_FILL_AREA(#9526);
#9526 = FILL_AREA_STYLE('',(#9527));
#9527 = FILL_AREA_STYLE_COLOUR('',#9421);
#9528 = STYLED_ITEM('color',(#9529),#793);
#9529 = PRESENTATION_STYLE_ASSIGNMENT((#9530));
#9530 = SURFACE_STYLE_USAGE(.BOTH.,#9531);
#9531 = SURFACE_SIDE_STYLE('',(#9532));
#9532 = SURFACE_STYLE_FILL_AREA(#9533);
#9533 = FILL_AREA_STYLE('',(#9534));
#9534 = FILL_AREA_STYLE_COLOUR('',#9471);
#9535 = STYLED_ITEM('color',(#9536),#817);
#9536 = PRESENTATION_STYLE_ASSIGNMENT((#9537));
#9537 = SURFACE_STYLE_USAGE(.BOTH.,#9538);
#9538 = SURFACE_SIDE_STYLE('',(#9539));
#9539 = SURFACE_STYLE_FILL_AREA(#9540);
#9540 = FILL_AREA_STYLE('',(#9541));
#9541 = FILL_AREA_STYLE_COLOUR('',#9471);
#9542 = STYLED_ITEM('color',(#9543),#841);
#9543 = PRESENTATION_STYLE_ASSIGNMENT((#9544));
#9544 = SURFACE_STYLE_USAGE(.BOTH.,#9545);
#9545 = SURFACE_SIDE_STYLE('',(#9546));
#9546 = SURFACE_STYLE_FILL_AREA(#9547);
#9547 = FILL_AREA_STYLE('',(#9548));
#9548 = FILL_AREA_STYLE_COLOUR('',#9471);
#9549 = STYLED_ITEM('color',(#9550),#865);
#9550 = PRESENTATION_STYLE_ASSIGNMENT((#9551));
#9551 = SURFACE_STYLE_USAGE(.BOTH.,#9552);
#9552 = SURFACE_SIDE_STYLE('',(#9553));
#9553 = SURFACE_STYLE_FILL_AREA(#9554);
#9554 = FILL_AREA_STYLE('',(#9555));
#9555 = FILL_AREA_STYLE_COLOUR('',#9471);
#9556 = STYLED_ITEM('color',(#9557),#898);
#9557 = PRESENTATION_STYLE_ASSIGNMENT((#9558));
#9558 = SURFACE_STYLE_USAGE(.BOTH.,#9559);
#9559 = SURFACE_SIDE_STYLE('',(#9560));
#9560 = SURFACE_STYLE_FILL_AREA(#9561);
#9561 = FILL_AREA_STYLE('',(#9562));
#9562 = FILL_AREA_STYLE_COLOUR('',#9471);
#9563 = STYLED_ITEM('color',(#9564),#910);
#9564 = PRESENTATION_STYLE_ASSIGNMENT((#9565));
#9565 = SURFACE_STYLE_USAGE(.BOTH.,#9566);
#9566 = SURFACE_SIDE_STYLE('',(#9567));
#9567 = SURFACE_STYLE_FILL_AREA(#9568);
#9568 = FILL_AREA_STYLE('',(#9569));
#9569 = FILL_AREA_STYLE_COLOUR('',#9471);
#9570 = STYLED_ITEM('color',(#9571),#973);
#9571 = PRESENTATION_STYLE_ASSIGNMENT((#9572));
#9572 = SURFACE_STYLE_USAGE(.BOTH.,#9573);
#9573 = SURFACE_SIDE_STYLE('',(#9574));
#9574 = SURFACE_STYLE_FILL_AREA(#9575);
#9575 = FILL_AREA_STYLE('',(#9576));
#9576 = FILL_AREA_STYLE_COLOUR('',#9471);
#9577 = STYLED_ITEM('color',(#9578),#998);
#9578 = PRESENTATION_STYLE_ASSIGNMENT((#9579));
#9579 = SURFACE_STYLE_USAGE(.BOTH.,#9580);
#9580 = SURFACE_SIDE_STYLE('',(#9581));
#9581 = SURFACE_STYLE_FILL_AREA(#9582);
#9582 = FILL_AREA_STYLE('',(#9583));
#9583 = FILL_AREA_STYLE_COLOUR('',#9471);
#9584 = STYLED_ITEM('color',(#9585),#1015);
#9585 = PRESENTATION_STYLE_ASSIGNMENT((#9586));
#9586 = SURFACE_STYLE_USAGE(.BOTH.,#9587);
#9587 = SURFACE_SIDE_STYLE('',(#9588));
#9588 = SURFACE_STYLE_FILL_AREA(#9589);
#9589 = FILL_AREA_STYLE('',(#9590));
#9590 = FILL_AREA_STYLE_COLOUR('',#9471);
#9591 = STYLED_ITEM('color',(#9592),#1039);
#9592 = PRESENTATION_STYLE_ASSIGNMENT((#9593));
#9593 = SURFACE_STYLE_USAGE(.BOTH.,#9594);
#9594 = SURFACE_SIDE_STYLE('',(#9595));
#9595 = SURFACE_STYLE_FILL_AREA(#9596);
#9596 = FILL_AREA_STYLE('',(#9597));
#9597 = FILL_AREA_STYLE_COLOUR('',#9471);
#9598 = STYLED_ITEM('color',(#9599),#1057);
#9599 = PRESENTATION_STYLE_ASSIGNMENT((#9600));
#9600 = SURFACE_STYLE_USAGE(.BOTH.,#9601);
#9601 = SURFACE_SIDE_STYLE('',(#9602));
#9602 = SURFACE_STYLE_FILL_AREA(#9603);
#9603 = FILL_AREA_STYLE('',(#9604));
#9604 = FILL_AREA_STYLE_COLOUR('',#9471);
#9605 = STYLED_ITEM('color',(#9606),#1075);
#9606 = PRESENTATION_STYLE_ASSIGNMENT((#9607));
#9607 = SURFACE_STYLE_USAGE(.BOTH.,#9608);
#9608 = SURFACE_SIDE_STYLE('',(#9609));
#9609 = SURFACE_STYLE_FILL_AREA(#9610);
#9610 = FILL_AREA_STYLE('',(#9611));
#9611 = FILL_AREA_STYLE_COLOUR('',#9471);
#9612 = STYLED_ITEM('color',(#9613),#1093);
#9613 = PRESENTATION_STYLE_ASSIGNMENT((#9614));
#9614 = SURFACE_STYLE_USAGE(.BOTH.,#9615);
#9615 = SURFACE_SIDE_STYLE('',(#9616));
#9616 = SURFACE_STYLE_FILL_AREA(#9617);
#9617 = FILL_AREA_STYLE('',(#9618));
#9618 = FILL_AREA_STYLE_COLOUR('',#9471);
#9619 = STYLED_ITEM('color',(#9620),#1110);
#9620 = PRESENTATION_STYLE_ASSIGNMENT((#9621));
#9621 = SURFACE_STYLE_USAGE(.BOTH.,#9622);
#9622 = SURFACE_SIDE_STYLE('',(#9623));
#9623 = SURFACE_STYLE_FILL_AREA(#9624);
#9624 = FILL_AREA_STYLE('',(#9625));
#9625 = FILL_AREA_STYLE_COLOUR('',#9471);
#9626 = STYLED_ITEM('color',(#9627),#1127);
#9627 = PRESENTATION_STYLE_ASSIGNMENT((#9628));
#9628 = SURFACE_STYLE_USAGE(.BOTH.,#9629);
#9629 = SURFACE_SIDE_STYLE('',(#9630));
#9630 = SURFACE_STYLE_FILL_AREA(#9631);
#9631 = FILL_AREA_STYLE('',(#9632));
#9632 = FILL_AREA_STYLE_COLOUR('',#9471);
#9633 = STYLED_ITEM('color',(#9634),#1158);
#9634 = PRESENTATION_STYLE_ASSIGNMENT((#9635));
#9635 = SURFACE_STYLE_USAGE(.BOTH.,#9636);
#9636 = SURFACE_SIDE_STYLE('',(#9637));
#9637 = SURFACE_STYLE_FILL_AREA(#9638);
#9638 = FILL_AREA_STYLE('',(#9639));
#9639 = FILL_AREA_STYLE_COLOUR('',#9471);
#9640 = STYLED_ITEM('color',(#9641),#1183);
#9641 = PRESENTATION_STYLE_ASSIGNMENT((#9642));
#9642 = SURFACE_STYLE_USAGE(.BOTH.,#9643);
#9643 = SURFACE_SIDE_STYLE('',(#9644));
#9644 = SURFACE_STYLE_FILL_AREA(#9645);
#9645 = FILL_AREA_STYLE('',(#9646));
#9646 = FILL_AREA_STYLE_COLOUR('',#9471);
#9647 = STYLED_ITEM('color',(#9648),#1208);
#9648 = PRESENTATION_STYLE_ASSIGNMENT((#9649));
#9649 = SURFACE_STYLE_USAGE(.BOTH.,#9650);
#9650 = SURFACE_SIDE_STYLE('',(#9651));
#9651 = SURFACE_STYLE_FILL_AREA(#9652);
#9652 = FILL_AREA_STYLE('',(#9653));
#9653 = FILL_AREA_STYLE_COLOUR('',#9471);
#9654 = STYLED_ITEM('color',(#9655),#1232);
#9655 = PRESENTATION_STYLE_ASSIGNMENT((#9656));
#9656 = SURFACE_STYLE_USAGE(.BOTH.,#9657);
#9657 = SURFACE_SIDE_STYLE('',(#9658));
#9658 = SURFACE_STYLE_FILL_AREA(#9659);
#9659 = FILL_AREA_STYLE('',(#9660));
#9660 = FILL_AREA_STYLE_COLOUR('',#9471);
#9661 = STYLED_ITEM('color',(#9662),#1249);
#9662 = PRESENTATION_STYLE_ASSIGNMENT((#9663));
#9663 = SURFACE_STYLE_USAGE(.BOTH.,#9664);
#9664 = SURFACE_SIDE_STYLE('',(#9665));
#9665 = SURFACE_STYLE_FILL_AREA(#9666);
#9666 = FILL_AREA_STYLE('',(#9667));
#9667 = FILL_AREA_STYLE_COLOUR('',#9668);
#9668 = COLOUR_RGB('',0.340000006699,0.68000001254,0.444999988852);
#9669 = STYLED_ITEM('color',(#9670),#1280);
#9670 = PRESENTATION_STYLE_ASSIGNMENT((#9671));
#9671 = SURFACE_STYLE_USAGE(.BOTH.,#9672);
#9672 = SURFACE_SIDE_STYLE('',(#9673));
#9673 = SURFACE_STYLE_FILL_AREA(#9674);
#9674 = FILL_AREA_STYLE('',(#9675));
#9675 = FILL_AREA_STYLE_COLOUR('',#9668);
#9676 = STYLED_ITEM('color',(#9677),#1304);
#9677 = PRESENTATION_STYLE_ASSIGNMENT((#9678));
#9678 = SURFACE_STYLE_USAGE(.BOTH.,#9679);
#9679 = SURFACE_SIDE_STYLE('',(#9680));
#9680 = SURFACE_STYLE_FILL_AREA(#9681);
#9681 = FILL_AREA_STYLE('',(#9682));
#9682 = FILL_AREA_STYLE_COLOUR('',#9668);
#9683 = STYLED_ITEM('color',(#9684),#1321);
#9684 = PRESENTATION_STYLE_ASSIGNMENT((#9685));
#9685 = SURFACE_STYLE_USAGE(.BOTH.,#9686);
#9686 = SURFACE_SIDE_STYLE('',(#9687));
#9687 = SURFACE_STYLE_FILL_AREA(#9688);
#9688 = FILL_AREA_STYLE('',(#9689));
#9689 = FILL_AREA_STYLE_COLOUR('',#9471);
#9690 = STYLED_ITEM('color',(#9691),#1349);
#9691 = PRESENTATION_STYLE_ASSIGNMENT((#9692));
#9692 = SURFACE_STYLE_USAGE(.BOTH.,#9693);
#9693 = SURFACE_SIDE_STYLE('',(#9694));
#9694 = SURFACE_STYLE_FILL_AREA(#9695);
#9695 = FILL_AREA_STYLE('',(#9696));
#9696 = FILL_AREA_STYLE_COLOUR('',#9471);
#9697 = STYLED_ITEM('color',(#9698),#1374);
#9698 = PRESENTATION_STYLE_ASSIGNMENT((#9699));
#9699 = SURFACE_STYLE_USAGE(.BOTH.,#9700);
#9700 = SURFACE_SIDE_STYLE('',(#9701));
#9701 = SURFACE_STYLE_FILL_AREA(#9702);
#9702 = FILL_AREA_STYLE('',(#9703));
#9703 = FILL_AREA_STYLE_COLOUR('',#9471);
#9704 = STYLED_ITEM('color',(#9705),#1398);
#9705 = PRESENTATION_STYLE_ASSIGNMENT((#9706));
#9706 = SURFACE_STYLE_USAGE(.BOTH.,#9707);
#9707 = SURFACE_SIDE_STYLE('',(#9708));
#9708 = SURFACE_STYLE_FILL_AREA(#9709);
#9709 = FILL_AREA_STYLE('',(#9710));
#9710 = FILL_AREA_STYLE_COLOUR('',#9471);
#9711 = STYLED_ITEM('color',(#9712),#1423);
#9712 = PRESENTATION_STYLE_ASSIGNMENT((#9713));
#9713 = SURFACE_STYLE_USAGE(.BOTH.,#9714);
#9714 = SURFACE_SIDE_STYLE('',(#9715));
#9715 = SURFACE_STYLE_FILL_AREA(#9716);
#9716 = FILL_AREA_STYLE('',(#9717));
#9717 = FILL_AREA_STYLE_COLOUR('',#9471);
#9718 = STYLED_ITEM('color',(#9719),#1470);
#9719 = PRESENTATION_STYLE_ASSIGNMENT((#9720));
#9720 = SURFACE_STYLE_USAGE(.BOTH.,#9721);
#9721 = SURFACE_SIDE_STYLE('',(#9722));
#9722 = SURFACE_STYLE_FILL_AREA(#9723);
#9723 = FILL_AREA_STYLE('',(#9724));
#9724 = FILL_AREA_STYLE_COLOUR('',#9471);
#9725 = STYLED_ITEM('color',(#9726),#1487);
#9726 = PRESENTATION_STYLE_ASSIGNMENT((#9727));
#9727 = SURFACE_STYLE_USAGE(.BOTH.,#9728);
#9728 = SURFACE_SIDE_STYLE('',(#9729));
#9729 = SURFACE_STYLE_FILL_AREA(#9730);
#9730 = FILL_AREA_STYLE('',(#9731));
#9731 = FILL_AREA_STYLE_COLOUR('',#9471);
#9732 = STYLED_ITEM('color',(#9733),#1499);
#9733 = PRESENTATION_STYLE_ASSIGNMENT((#9734));
#9734 = SURFACE_STYLE_USAGE(.BOTH.,#9735);
#9735 = SURFACE_SIDE_STYLE('',(#9736));
#9736 = SURFACE_STYLE_FILL_AREA(#9737);
#9737 = FILL_AREA_STYLE('',(#9738));
#9738 = FILL_AREA_STYLE_COLOUR('',#9471);
#9739 = STYLED_ITEM('color',(#9740),#1521);
#9740 = PRESENTATION_STYLE_ASSIGNMENT((#9741));
#9741 = SURFACE_STYLE_USAGE(.BOTH.,#9742);
#9742 = SURFACE_SIDE_STYLE('',(#9743));
#9743 = SURFACE_STYLE_FILL_AREA(#9744);
#9744 = FILL_AREA_STYLE('',(#9745));
#9745 = FILL_AREA_STYLE_COLOUR('',#9471);
#9746 = STYLED_ITEM('color',(#9747),#1533);
#9747 = PRESENTATION_STYLE_ASSIGNMENT((#9748));
#9748 = SURFACE_STYLE_USAGE(.BOTH.,#9749);
#9749 = SURFACE_SIDE_STYLE('',(#9750));
#9750 = SURFACE_STYLE_FILL_AREA(#9751);
#9751 = FILL_AREA_STYLE('',(#9752));
#9752 = FILL_AREA_STYLE_COLOUR('',#9471);
#9753 = STYLED_ITEM('color',(#9754),#1551);
#9754 = PRESENTATION_STYLE_ASSIGNMENT((#9755));
#9755 = SURFACE_STYLE_USAGE(.BOTH.,#9756);
#9756 = SURFACE_SIDE_STYLE('',(#9757));
#9757 = SURFACE_STYLE_FILL_AREA(#9758);
#9758 = FILL_AREA_STYLE('',(#9759));
#9759 = FILL_AREA_STYLE_COLOUR('',#9471);
#9760 = STYLED_ITEM('color',(#9761),#1569);
#9761 = PRESENTATION_STYLE_ASSIGNMENT((#9762));
#9762 = SURFACE_STYLE_USAGE(.BOTH.,#9763);
#9763 = SURFACE_SIDE_STYLE('',(#9764));
#9764 = SURFACE_STYLE_FILL_AREA(#9765);
#9765 = FILL_AREA_STYLE('',(#9766));
#9766 = FILL_AREA_STYLE_COLOUR('',#9668);
ENDSEC;
END-ISO-10303-21;
